datahora,iter,fitness,SE_med,SE_min,SE_5,RISx,RISy,RISz,se_1,se_2,se_3,se_4,se_5,se_6,se_7,se_8,se_9,se_10,se_11,se_12,se_13,se_14,se_15,se_16,se_17,se_18,se_19,se_20
2026-06-03 16:35:25,1,0.295559,2.954418,0.000130,0.125156,8.6916,13.2551,4.0000,0.268465,3.952185,7.193707,7.244756,7.271750,1.675595,2.350536,0.933426,0.250183,4.967948,2.089051,0.319800,0.648064,8.291372,0.296620,8.620058,0.000130,1.670253,0.281565,0.762894
2026-06-03 16:35:25,2,0.370039,2.558484,0.126878,0.132428,34.9209,19.8481,4.0000,0.148619,1.346945,6.966031,7.013225,7.033314,0.966183,0.988578,1.545903,0.137978,4.983432,0.979899,0.194932,0.538804,7.984427,0.169308,8.246069,0.126878,0.874534,0.158750,0.765867
2026-06-03 16:35:26,3,0.370039,2.558484,0.126878,0.132428,34.9209,19.8481,4.0000,0.148619,1.346945,6.966031,7.013225,7.033314,0.966183,0.988578,1.545903,0.137978,4.983432,0.979899,0.194932,0.538804,7.984427,0.169308,8.246069,0.126878,0.874534,0.158750,0.765867
2026-06-03 16:35:26,4,0.370039,2.558484,0.126878,0.132428,34.9209,19.8481,4.0000,0.148619,1.346945,6.966031,7.013225,7.033314,0.966183,0.988578,1.545903,0.137978,4.983432,0.979899,0.194932,0.538804,7.984427,0.169308,8.246069,0.126878,0.874534,0.158750,0.765867
2026-06-03 16:35:27,5,0.378352,2.567704,0.135091,0.137204,35.5342,19.1993,4.0000,0.150746,1.337649,6.960379,7.008121,7.028132,0.958652,0.968414,1.685156,0.139316,4.993702,0.956955,0.197952,0.569613,7.982560,0.172260,8.244431,0.135091,0.873782,0.161196,0.829976
2026-06-03 16:35:27,6,0.381329,2.569751,0.138171,0.139395,34.5504,19.2048,4.0000,0.149341,1.362563,6.971084,7.018535,7.037340,1.035218,1.021211,1.514097,0.138171,4.975233,1.023216,0.194851,0.545692,7.985762,0.170252,8.247638,0.140619,0.928307,0.159484,0.776399
2026-06-03 16:35:28,7,0.381329,2.569751,0.138171,0.139395,34.5504,19.2048,4.0000,0.149341,1.362563,6.971084,7.018535,7.037340,1.035218,1.021211,1.514097,0.138171,4.975233,1.023216,0.194851,0.545692,7.985762,0.170252,8.247638,0.140619,0.928307,0.159484,0.776399
2026-06-03 16:35:28,8,0.381329,2.569751,0.138171,0.139395,34.5504,19.2048,4.0000,0.149341,1.362563,6.971084,7.018535,7.037340,1.035218,1.021211,1.514097,0.138171,4.975233,1.023216,0.194851,0.545692,7.985762,0.170252,8.247638,0.140619,0.928307,0.159484,0.776399
2026-06-03 16:35:29,9,0.381329,2.569751,0.138171,0.139395,34.5504,19.2048,4.0000,0.149341,1.362563,6.971084,7.018535,7.037340,1.035218,1.021211,1.514097,0.138171,4.975233,1.023216,0.194851,0.545692,7.985762,0.170252,8.247638,0.140619,0.928307,0.159484,0.776399
2026-06-03 16:35:29,10,0.381329,2.569751,0.138171,0.139395,34.5504,19.2048,4.0000,0.149341,1.362563,6.971084,7.018535,7.037340,1.035218,1.021211,1.514097,0.138171,4.975233,1.023216,0.194851,0.545692,7.985762,0.170252,8.247638,0.140619,0.928307,0.159484,0.776399
2026-06-03 16:35:30,11,0.381329,2.569751,0.138171,0.139395,34.5504,19.2048,4.0000,0.149341,1.362563,6.971084,7.018535,7.037340,1.035218,1.021211,1.514097,0.138171,4.975233,1.023216,0.194851,0.545692,7.985762,0.170252,8.247638,0.140619,0.928307,0.159484,0.776399
2026-06-03 16:35:30,12,0.381329,2.569751,0.138171,0.139395,34.5504,19.2048,4.0000,0.149341,1.362563,6.971084,7.018535,7.037340,1.035218,1.021211,1.514097,0.138171,4.975233,1.023216,0.194851,0.545692,7.985762,0.170252,8.247638,0.140619,0.928307,0.159484,0.776399
2026-06-03 16:35:30,13,0.381329,2.569751,0.138171,0.139395,34.5504,19.2048,4.0000,0.149341,1.362563,6.971084,7.018535,7.037340,1.035218,1.021211,1.514097,0.138171,4.975233,1.023216,0.194851,0.545692,7.985762,0.170252,8.247638,0.140619,0.928307,0.159484,0.776399
2026-06-03 16:35:31,14,0.382520,2.573818,0.139042,0.142392,35.0667,18.8015,4.0000,0.150733,1.352648,6.965598,7.013444,7.032456,1.018499,0.999194,1.610908,0.139042,4.982620,0.996835,0.196927,0.567036,7.984064,0.172212,8.246076,0.145742,0.920123,0.161099,0.821097
2026-06-03 16:35:31,15,0.382520,2.573818,0.139042,0.142392,35.0667,18.8015,4.0000,0.150733,1.352648,6.965598,7.013444,7.032456,1.018499,0.999194,1.610908,0.139042,4.982620,0.996835,0.196927,0.567036,7.984064,0.172212,8.246076,0.145742,0.920123,0.161099,0.821097
2026-06-03 16:35:32,16,0.382520,2.573818,0.139042,0.142392,35.0667,18.8015,4.0000,0.150733,1.352648,6.965598,7.013444,7.032456,1.018499,0.999194,1.610908,0.139042,4.982620,0.996835,0.196927,0.567036,7.984064,0.172212,8.246076,0.145742,0.920123,0.161099,0.821097
2026-06-03 16:35:32,17,0.382520,2.573818,0.139042,0.142392,35.0667,18.8015,4.0000,0.150733,1.352648,6.965598,7.013444,7.032456,1.018499,0.999194,1.610908,0.139042,4.982620,0.996835,0.196927,0.567036,7.984064,0.172212,8.246076,0.145742,0.920123,0.161099,0.821097
2026-06-03 16:35:33,18,0.382520,2.573818,0.139042,0.142392,35.0667,18.8015,4.0000,0.150733,1.352648,6.965598,7.013444,7.032456,1.018499,0.999194,1.610908,0.139042,4.982620,0.996835,0.196927,0.567036,7.984064,0.172212,8.246076,0.145742,0.920123,0.161099,0.821097
2026-06-03 16:35:33,19,0.382520,2.573818,0.139042,0.142392,35.0667,18.8015,4.0000,0.150733,1.352648,6.965598,7.013444,7.032456,1.018499,0.999194,1.610908,0.139042,4.982620,0.996835,0.196927,0.567036,7.984064,0.172212,8.246076,0.145742,0.920123,0.161099,0.821097
2026-06-03 16:35:34,20,0.382520,2.573818,0.139042,0.142392,35.0667,18.8015,4.0000,0.150733,1.352648,6.965598,7.013444,7.032456,1.018499,0.999194,1.610908,0.139042,4.982620,0.996835,0.196927,0.567036,7.984064,0.172212,8.246076,0.145742,0.920123,0.161099,0.821097
2026-06-03 16:35:34,21,0.382520,2.573818,0.139042,0.142392,35.0667,18.8015,4.0000,0.150733,1.352648,6.965598,7.013444,7.032456,1.018499,0.999194,1.610908,0.139042,4.982620,0.996835,0.196927,0.567036,7.984064,0.172212,8.246076,0.145742,0.920123,0.161099,0.821097
2026-06-03 16:35:35,22,0.382520,2.573818,0.139042,0.142392,35.0667,18.8015,4.0000,0.150733,1.352648,6.965598,7.013444,7.032456,1.018499,0.999194,1.610908,0.139042,4.982620,0.996835,0.196927,0.567036,7.984064,0.172212,8.246076,0.145742,0.920123,0.161099,0.821097
2026-06-03 16:35:35,23,0.382520,2.573818,0.139042,0.142392,35.0667,18.8015,4.0000,0.150733,1.352648,6.965598,7.013444,7.032456,1.018499,0.999194,1.610908,0.139042,4.982620,0.996835,0.196927,0.567036,7.984064,0.172212,8.246076,0.145742,0.920123,0.161099,0.821097
2026-06-03 16:35:36,24,0.382520,2.573818,0.139042,0.142392,35.0667,18.8015,4.0000,0.150733,1.352648,6.965598,7.013444,7.032456,1.018499,0.999194,1.610908,0.139042,4.982620,0.996835,0.196927,0.567036,7.984064,0.172212,8.246076,0.145742,0.920123,0.161099,0.821097
2026-06-03 16:35:36,25,0.382520,2.573818,0.139042,0.142392,35.0667,18.8015,4.0000,0.150733,1.352648,6.965598,7.013444,7.032456,1.018499,0.999194,1.610908,0.139042,4.982620,0.996835,0.196927,0.567036,7.984064,0.172212,8.246076,0.145742,0.920123,0.161099,0.821097
2026-06-03 16:35:37,26,0.382520,2.573818,0.139042,0.142392,35.0667,18.8015,4.0000,0.150733,1.352648,6.965598,7.013444,7.032456,1.018499,0.999194,1.610908,0.139042,4.982620,0.996835,0.196927,0.567036,7.984064,0.172212,8.246076,0.145742,0.920123,0.161099,0.821097
2026-06-03 16:35:37,27,0.382520,2.573818,0.139042,0.142392,35.0667,18.8015,4.0000,0.150733,1.352648,6.965598,7.013444,7.032456,1.018499,0.999194,1.610908,0.139042,4.982620,0.996835,0.196927,0.567036,7.984064,0.172212,8.246076,0.145742,0.920123,0.161099,0.821097
2026-06-03 16:35:38,28,0.382520,2.573818,0.139042,0.142392,35.0667,18.8015,4.0000,0.150733,1.352648,6.965598,7.013444,7.032456,1.018499,0.999194,1.610908,0.139042,4.982620,0.996835,0.196927,0.567036,7.984064,0.172212,8.246076,0.145742,0.920123,0.161099,0.821097
2026-06-03 16:35:38,29,0.382520,2.573818,0.139042,0.142392,35.0667,18.8015,4.0000,0.150733,1.352648,6.965598,7.013444,7.032456,1.018499,0.999194,1.610908,0.139042,4.982620,0.996835,0.196927,0.567036,7.984064,0.172212,8.246076,0.145742,0.920123,0.161099,0.821097
2026-06-03 16:35:38,30,0.382520,2.573818,0.139042,0.142392,35.0667,18.8015,4.0000,0.150733,1.352648,6.965598,7.013444,7.032456,1.018499,0.999194,1.610908,0.139042,4.982620,0.996835,0.196927,0.567036,7.984064,0.172212,8.246076,0.145742,0.920123,0.161099,0.821097
2026-06-03 16:35:39,31,0.382520,2.573818,0.139042,0.142392,35.0667,18.8015,4.0000,0.150733,1.352648,6.965598,7.013444,7.032456,1.018499,0.999194,1.610908,0.139042,4.982620,0.996835,0.196927,0.567036,7.984064,0.172212,8.246076,0.145742,0.920123,0.161099,0.821097
2026-06-03 16:35:39,32,0.382520,2.573818,0.139042,0.142392,35.0667,18.8015,4.0000,0.150733,1.352648,6.965598,7.013444,7.032456,1.018499,0.999194,1.610908,0.139042,4.982620,0.996835,0.196927,0.567036,7.984064,0.172212,8.246076,0.145742,0.920123,0.161099,0.821097
2026-06-03 16:35:40,33,0.382520,2.573818,0.139042,0.142392,35.0667,18.8015,4.0000,0.150733,1.352648,6.965598,7.013444,7.032456,1.018499,0.999194,1.610908,0.139042,4.982620,0.996835,0.196927,0.567036,7.984064,0.172212,8.246076,0.145742,0.920123,0.161099,0.821097
2026-06-03 16:35:40,34,0.382520,2.573818,0.139042,0.142392,35.0667,18.8015,4.0000,0.150733,1.352648,6.965598,7.013444,7.032456,1.018499,0.999194,1.610908,0.139042,4.982620,0.996835,0.196927,0.567036,7.984064,0.172212,8.246076,0.145742,0.920123,0.161099,0.821097
2026-06-03 16:35:41,35,0.382520,2.573818,0.139042,0.142392,35.0667,18.8015,4.0000,0.150733,1.352648,6.965598,7.013444,7.032456,1.018499,0.999194,1.610908,0.139042,4.982620,0.996835,0.196927,0.567036,7.984064,0.172212,8.246076,0.145742,0.920123,0.161099,0.821097
2026-06-03 16:35:41,36,0.382520,2.573818,0.139042,0.142392,35.0667,18.8015,4.0000,0.150733,1.352648,6.965598,7.013444,7.032456,1.018499,0.999194,1.610908,0.139042,4.982620,0.996835,0.196927,0.567036,7.984064,0.172212,8.246076,0.145742,0.920123,0.161099,0.821097
2026-06-03 16:35:42,37,0.382520,2.573818,0.139042,0.142392,35.0667,18.8015,4.0000,0.150733,1.352648,6.965598,7.013444,7.032456,1.018499,0.999194,1.610908,0.139042,4.982620,0.996835,0.196927,0.567036,7.984064,0.172212,8.246076,0.145742,0.920123,0.161099,0.821097
2026-06-03 16:35:42,38,0.382520,2.573818,0.139042,0.142392,35.0667,18.8015,4.0000,0.150733,1.352648,6.965598,7.013444,7.032456,1.018499,0.999194,1.610908,0.139042,4.982620,0.996835,0.196927,0.567036,7.984064,0.172212,8.246076,0.145742,0.920123,0.161099,0.821097
2026-06-03 16:35:43,39,0.382520,2.573818,0.139042,0.142392,35.0667,18.8015,4.0000,0.150733,1.352648,6.965598,7.013444,7.032456,1.018499,0.999194,1.610908,0.139042,4.982620,0.996835,0.196927,0.567036,7.984064,0.172212,8.246076,0.145742,0.920123,0.161099,0.821097
2026-06-03 16:35:43,40,0.382520,2.573818,0.139042,0.142392,35.0667,18.8015,4.0000,0.150733,1.352648,6.965598,7.013444,7.032456,1.018499,0.999194,1.610908,0.139042,4.982620,0.996835,0.196927,0.567036,7.984064,0.172212,8.246076,0.145742,0.920123,0.161099,0.821097
2026-06-03 16:35:44,41,0.382520,2.573818,0.139042,0.142392,35.0667,18.8015,4.0000,0.150733,1.352648,6.965598,7.013444,7.032456,1.018499,0.999194,1.610908,0.139042,4.982620,0.996835,0.196927,0.567036,7.984064,0.172212,8.246076,0.145742,0.920123,0.161099,0.821097
2026-06-03 16:35:44,42,0.382520,2.573818,0.139042,0.142392,35.0667,18.8015,4.0000,0.150733,1.352648,6.965598,7.013444,7.032456,1.018499,0.999194,1.610908,0.139042,4.982620,0.996835,0.196927,0.567036,7.984064,0.172212,8.246076,0.145742,0.920123,0.161099,0.821097
2026-06-03 16:35:44,43,0.382520,2.573818,0.139042,0.142392,35.0667,18.8015,4.0000,0.150733,1.352648,6.965598,7.013444,7.032456,1.018499,0.999194,1.610908,0.139042,4.982620,0.996835,0.196927,0.567036,7.984064,0.172212,8.246076,0.145742,0.920123,0.161099,0.821097
2026-06-03 16:35:45,44,0.382520,2.573818,0.139042,0.142392,35.0667,18.8015,4.0000,0.150733,1.352648,6.965598,7.013444,7.032456,1.018499,0.999194,1.610908,0.139042,4.982620,0.996835,0.196927,0.567036,7.984064,0.172212,8.246076,0.145742,0.920123,0.161099,0.821097
2026-06-03 16:35:45,45,0.382520,2.573818,0.139042,0.142392,35.0667,18.8015,4.0000,0.150733,1.352648,6.965598,7.013444,7.032456,1.018499,0.999194,1.610908,0.139042,4.982620,0.996835,0.196927,0.567036,7.984064,0.172212,8.246076,0.145742,0.920123,0.161099,0.821097
2026-06-03 16:35:46,46,0.382520,2.573818,0.139042,0.142392,35.0667,18.8015,4.0000,0.150733,1.352648,6.965598,7.013444,7.032456,1.018499,0.999194,1.610908,0.139042,4.982620,0.996835,0.196927,0.567036,7.984064,0.172212,8.246076,0.145742,0.920123,0.161099,0.821097
2026-06-03 16:35:46,47,0.382520,2.573818,0.139042,0.142392,35.0667,18.8015,4.0000,0.150733,1.352648,6.965598,7.013444,7.032456,1.018499,0.999194,1.610908,0.139042,4.982620,0.996835,0.196927,0.567036,7.984064,0.172212,8.246076,0.145742,0.920123,0.161099,0.821097
2026-06-03 16:35:47,48,0.382520,2.573818,0.139042,0.142392,35.0667,18.8015,4.0000,0.150733,1.352648,6.965598,7.013444,7.032456,1.018499,0.999194,1.610908,0.139042,4.982620,0.996835,0.196927,0.567036,7.984064,0.172212,8.246076,0.145742,0.920123,0.161099,0.821097
2026-06-03 16:35:47,49,0.382520,2.573818,0.139042,0.142392,35.0667,18.8015,4.0000,0.150733,1.352648,6.965598,7.013444,7.032456,1.018499,0.999194,1.610908,0.139042,4.982620,0.996835,0.196927,0.567036,7.984064,0.172212,8.246076,0.145742,0.920123,0.161099,0.821097
2026-06-03 16:35:48,50,0.382520,2.573818,0.139042,0.142392,35.0667,18.8015,4.0000,0.150733,1.352648,6.965598,7.013444,7.032456,1.018499,0.999194,1.610908,0.139042,4.982620,0.996835,0.196927,0.567036,7.984064,0.172212,8.246076,0.145742,0.920123,0.161099,0.821097
2026-06-03 16:35:48,51,0.382520,2.573818,0.139042,0.142392,35.0667,18.8015,4.0000,0.150733,1.352648,6.965598,7.013444,7.032456,1.018499,0.999194,1.610908,0.139042,4.982620,0.996835,0.196927,0.567036,7.984064,0.172212,8.246076,0.145742,0.920123,0.161099,0.821097
2026-06-03 16:35:49,52,0.382520,2.573818,0.139042,0.142392,35.0667,18.8015,4.0000,0.150733,1.352648,6.965598,7.013444,7.032456,1.018499,0.999194,1.610908,0.139042,4.982620,0.996835,0.196927,0.567036,7.984064,0.172212,8.246076,0.145742,0.920123,0.161099,0.821097
2026-06-03 16:35:49,53,0.382520,2.573818,0.139042,0.142392,35.0667,18.8015,4.0000,0.150733,1.352648,6.965598,7.013444,7.032456,1.018499,0.999194,1.610908,0.139042,4.982620,0.996835,0.196927,0.567036,7.984064,0.172212,8.246076,0.145742,0.920123,0.161099,0.821097
2026-06-03 16:35:50,54,0.382520,2.573818,0.139042,0.142392,35.0667,18.8015,4.0000,0.150733,1.352648,6.965598,7.013444,7.032456,1.018499,0.999194,1.610908,0.139042,4.982620,0.996835,0.196927,0.567036,7.984064,0.172212,8.246076,0.145742,0.920123,0.161099,0.821097
2026-06-03 16:35:50,55,0.382520,2.573818,0.139042,0.142392,35.0667,18.8015,4.0000,0.150733,1.352648,6.965598,7.013444,7.032456,1.018499,0.999194,1.610908,0.139042,4.982620,0.996835,0.196927,0.567036,7.984064,0.172212,8.246076,0.145742,0.920123,0.161099,0.821097
2026-06-03 16:35:50,56,0.382520,2.573818,0.139042,0.142392,35.0667,18.8015,4.0000,0.150733,1.352648,6.965598,7.013444,7.032456,1.018499,0.999194,1.610908,0.139042,4.982620,0.996835,0.196927,0.567036,7.984064,0.172212,8.246076,0.145742,0.920123,0.161099,0.821097
2026-06-03 16:35:51,57,0.382520,2.573818,0.139042,0.142392,35.0667,18.8015,4.0000,0.150733,1.352648,6.965598,7.013444,7.032456,1.018499,0.999194,1.610908,0.139042,4.982620,0.996835,0.196927,0.567036,7.984064,0.172212,8.246076,0.145742,0.920123,0.161099,0.821097
2026-06-03 16:35:51,58,0.382520,2.573818,0.139042,0.142392,35.0667,18.8015,4.0000,0.150733,1.352648,6.965598,7.013444,7.032456,1.018499,0.999194,1.610908,0.139042,4.982620,0.996835,0.196927,0.567036,7.984064,0.172212,8.246076,0.145742,0.920123,0.161099,0.821097
2026-06-03 16:35:52,59,0.382520,2.573818,0.139042,0.142392,35.0667,18.8015,4.0000,0.150733,1.352648,6.965598,7.013444,7.032456,1.018499,0.999194,1.610908,0.139042,4.982620,0.996835,0.196927,0.567036,7.984064,0.172212,8.246076,0.145742,0.920123,0.161099,0.821097
2026-06-03 16:35:52,60,0.382520,2.573818,0.139042,0.142392,35.0667,18.8015,4.0000,0.150733,1.352648,6.965598,7.013444,7.032456,1.018499,0.999194,1.610908,0.139042,4.982620,0.996835,0.196927,0.567036,7.984064,0.172212,8.246076,0.145742,0.920123,0.161099,0.821097
2026-06-03 16:35:53,61,0.382520,2.573818,0.139042,0.142392,35.0667,18.8015,4.0000,0.150733,1.352648,6.965598,7.013444,7.032456,1.018499,0.999194,1.610908,0.139042,4.982620,0.996835,0.196927,0.567036,7.984064,0.172212,8.246076,0.145742,0.920123,0.161099,0.821097
2026-06-03 16:35:53,62,0.382520,2.573818,0.139042,0.142392,35.0667,18.8015,4.0000,0.150733,1.352648,6.965598,7.013444,7.032456,1.018499,0.999194,1.610908,0.139042,4.982620,0.996835,0.196927,0.567036,7.984064,0.172212,8.246076,0.145742,0.920123,0.161099,0.821097
2026-06-03 16:35:54,63,0.382520,2.573818,0.139042,0.142392,35.0667,18.8015,4.0000,0.150733,1.352648,6.965598,7.013444,7.032456,1.018499,0.999194,1.610908,0.139042,4.982620,0.996835,0.196927,0.567036,7.984064,0.172212,8.246076,0.145742,0.920123,0.161099,0.821097
2026-06-03 16:35:54,64,0.382520,2.573818,0.139042,0.142392,35.0667,18.8015,4.0000,0.150733,1.352648,6.965598,7.013444,7.032456,1.018499,0.999194,1.610908,0.139042,4.982620,0.996835,0.196927,0.567036,7.984064,0.172212,8.246076,0.145742,0.920123,0.161099,0.821097
2026-06-03 16:35:55,65,0.382520,2.573818,0.139042,0.142392,35.0667,18.8015,4.0000,0.150733,1.352648,6.965598,7.013444,7.032456,1.018499,0.999194,1.610908,0.139042,4.982620,0.996835,0.196927,0.567036,7.984064,0.172212,8.246076,0.145742,0.920123,0.161099,0.821097
2026-06-03 16:35:55,66,0.382520,2.573818,0.139042,0.142392,35.0667,18.8015,4.0000,0.150733,1.352648,6.965598,7.013444,7.032456,1.018499,0.999194,1.610908,0.139042,4.982620,0.996835,0.196927,0.567036,7.984064,0.172212,8.246076,0.145742,0.920123,0.161099,0.821097
2026-06-03 16:35:55,67,0.382520,2.573818,0.139042,0.142392,35.0667,18.8015,4.0000,0.150733,1.352648,6.965598,7.013444,7.032456,1.018499,0.999194,1.610908,0.139042,4.982620,0.996835,0.196927,0.567036,7.984064,0.172212,8.246076,0.145742,0.920123,0.161099,0.821097
2026-06-03 16:35:56,68,0.382520,2.573818,0.139042,0.142392,35.0667,18.8015,4.0000,0.150733,1.352648,6.965598,7.013444,7.032456,1.018499,0.999194,1.610908,0.139042,4.982620,0.996835,0.196927,0.567036,7.984064,0.172212,8.246076,0.145742,0.920123,0.161099,0.821097
2026-06-03 16:35:56,69,0.382520,2.573818,0.139042,0.142392,35.0667,18.8015,4.0000,0.150733,1.352648,6.965598,7.013444,7.032456,1.018499,0.999194,1.610908,0.139042,4.982620,0.996835,0.196927,0.567036,7.984064,0.172212,8.246076,0.145742,0.920123,0.161099,0.821097
2026-06-03 16:35:57,70,0.382520,2.573818,0.139042,0.142392,35.0667,18.8015,4.0000,0.150733,1.352648,6.965598,7.013444,7.032456,1.018499,0.999194,1.610908,0.139042,4.982620,0.996835,0.196927,0.567036,7.984064,0.172212,8.246076,0.145742,0.920123,0.161099,0.821097
2026-06-03 16:35:57,71,0.382520,2.573818,0.139042,0.142392,35.0667,18.8015,4.0000,0.150733,1.352648,6.965598,7.013444,7.032456,1.018499,0.999194,1.610908,0.139042,4.982620,0.996835,0.196927,0.567036,7.984064,0.172212,8.246076,0.145742,0.920123,0.161099,0.821097
2026-06-03 16:35:58,72,0.382520,2.573818,0.139042,0.142392,35.0667,18.8015,4.0000,0.150733,1.352648,6.965598,7.013444,7.032456,1.018499,0.999194,1.610908,0.139042,4.982620,0.996835,0.196927,0.567036,7.984064,0.172212,8.246076,0.145742,0.920123,0.161099,0.821097
2026-06-03 16:35:58,73,0.382520,2.573818,0.139042,0.142392,35.0667,18.8015,4.0000,0.150733,1.352648,6.965598,7.013444,7.032456,1.018499,0.999194,1.610908,0.139042,4.982620,0.996835,0.196927,0.567036,7.984064,0.172212,8.246076,0.145742,0.920123,0.161099,0.821097
2026-06-03 16:35:59,74,0.382520,2.573818,0.139042,0.142392,35.0667,18.8015,4.0000,0.150733,1.352648,6.965598,7.013444,7.032456,1.018499,0.999194,1.610908,0.139042,4.982620,0.996835,0.196927,0.567036,7.984064,0.172212,8.246076,0.145742,0.920123,0.161099,0.821097
2026-06-03 16:35:59,75,0.382520,2.573818,0.139042,0.142392,35.0667,18.8015,4.0000,0.150733,1.352648,6.965598,7.013444,7.032456,1.018499,0.999194,1.610908,0.139042,4.982620,0.996835,0.196927,0.567036,7.984064,0.172212,8.246076,0.145742,0.920123,0.161099,0.821097
2026-06-03 16:36:00,76,0.382520,2.573818,0.139042,0.142392,35.0667,18.8015,4.0000,0.150733,1.352648,6.965598,7.013444,7.032456,1.018499,0.999194,1.610908,0.139042,4.982620,0.996835,0.196927,0.567036,7.984064,0.172212,8.246076,0.145742,0.920123,0.161099,0.821097
2026-06-03 16:36:00,77,0.382520,2.573818,0.139042,0.142392,35.0667,18.8015,4.0000,0.150733,1.352648,6.965598,7.013444,7.032456,1.018499,0.999194,1.610908,0.139042,4.982620,0.996835,0.196927,0.567036,7.984064,0.172212,8.246076,0.145742,0.920123,0.161099,0.821097
2026-06-03 16:36:00,78,0.382520,2.573818,0.139042,0.142392,35.0667,18.8015,4.0000,0.150733,1.352648,6.965598,7.013444,7.032456,1.018499,0.999194,1.610908,0.139042,4.982620,0.996835,0.196927,0.567036,7.984064,0.172212,8.246076,0.145742,0.920123,0.161099,0.821097
2026-06-03 16:36:01,79,0.382520,2.573818,0.139042,0.142392,35.0667,18.8015,4.0000,0.150733,1.352648,6.965598,7.013444,7.032456,1.018499,0.999194,1.610908,0.139042,4.982620,0.996835,0.196927,0.567036,7.984064,0.172212,8.246076,0.145742,0.920123,0.161099,0.821097
2026-06-03 16:36:01,80,0.382520,2.573818,0.139042,0.142392,35.0667,18.8015,4.0000,0.150733,1.352648,6.965598,7.013444,7.032456,1.018499,0.999194,1.610908,0.139042,4.982620,0.996835,0.196927,0.567036,7.984064,0.172212,8.246076,0.145742,0.920123,0.161099,0.821097
2026-06-03 16:36:02,81,0.382520,2.573818,0.139042,0.142392,35.0667,18.8015,4.0000,0.150733,1.352648,6.965598,7.013444,7.032456,1.018499,0.999194,1.610908,0.139042,4.982620,0.996835,0.196927,0.567036,7.984064,0.172212,8.246076,0.145742,0.920123,0.161099,0.821097
2026-06-03 16:36:02,82,0.382520,2.573818,0.139042,0.142392,35.0667,18.8015,4.0000,0.150733,1.352648,6.965598,7.013444,7.032456,1.018499,0.999194,1.610908,0.139042,4.982620,0.996835,0.196927,0.567036,7.984064,0.172212,8.246076,0.145742,0.920123,0.161099,0.821097
2026-06-03 16:36:03,83,0.382520,2.573818,0.139042,0.142392,35.0667,18.8015,4.0000,0.150733,1.352648,6.965598,7.013444,7.032456,1.018499,0.999194,1.610908,0.139042,4.982620,0.996835,0.196927,0.567036,7.984064,0.172212,8.246076,0.145742,0.920123,0.161099,0.821097
2026-06-03 16:36:03,84,0.382520,2.573818,0.139042,0.142392,35.0667,18.8015,4.0000,0.150733,1.352648,6.965598,7.013444,7.032456,1.018499,0.999194,1.610908,0.139042,4.982620,0.996835,0.196927,0.567036,7.984064,0.172212,8.246076,0.145742,0.920123,0.161099,0.821097
2026-06-03 16:36:04,85,0.382520,2.573818,0.139042,0.142392,35.0667,18.8015,4.0000,0.150733,1.352648,6.965598,7.013444,7.032456,1.018499,0.999194,1.610908,0.139042,4.982620,0.996835,0.196927,0.567036,7.984064,0.172212,8.246076,0.145742,0.920123,0.161099,0.821097
2026-06-03 16:36:04,86,0.382520,2.573818,0.139042,0.142392,35.0667,18.8015,4.0000,0.150733,1.352648,6.965598,7.013444,7.032456,1.018499,0.999194,1.610908,0.139042,4.982620,0.996835,0.196927,0.567036,7.984064,0.172212,8.246076,0.145742,0.920123,0.161099,0.821097
2026-06-03 16:36:05,87,0.382520,2.573818,0.139042,0.142392,35.0667,18.8015,4.0000,0.150733,1.352648,6.965598,7.013444,7.032456,1.018499,0.999194,1.610908,0.139042,4.982620,0.996835,0.196927,0.567036,7.984064,0.172212,8.246076,0.145742,0.920123,0.161099,0.821097
2026-06-03 16:36:05,88,0.382520,2.573818,0.139042,0.142392,35.0667,18.8015,4.0000,0.150733,1.352648,6.965598,7.013444,7.032456,1.018499,0.999194,1.610908,0.139042,4.982620,0.996835,0.196927,0.567036,7.984064,0.172212,8.246076,0.145742,0.920123,0.161099,0.821097
2026-06-03 16:36:06,89,0.382520,2.573818,0.139042,0.142392,35.0667,18.8015,4.0000,0.150733,1.352648,6.965598,7.013444,7.032456,1.018499,0.999194,1.610908,0.139042,4.982620,0.996835,0.196927,0.567036,7.984064,0.172212,8.246076,0.145742,0.920123,0.161099,0.821097
2026-06-03 16:36:06,90,0.382520,2.573818,0.139042,0.142392,35.0667,18.8015,4.0000,0.150733,1.352648,6.965598,7.013444,7.032456,1.018499,0.999194,1.610908,0.139042,4.982620,0.996835,0.196927,0.567036,7.984064,0.172212,8.246076,0.145742,0.920123,0.161099,0.821097
2026-06-03 16:36:06,91,0.382520,2.573818,0.139042,0.142392,35.0667,18.8015,4.0000,0.150733,1.352648,6.965598,7.013444,7.032456,1.018499,0.999194,1.610908,0.139042,4.982620,0.996835,0.196927,0.567036,7.984064,0.172212,8.246076,0.145742,0.920123,0.161099,0.821097
2026-06-03 16:36:07,92,0.382520,2.573818,0.139042,0.142392,35.0667,18.8015,4.0000,0.150733,1.352648,6.965598,7.013444,7.032456,1.018499,0.999194,1.610908,0.139042,4.982620,0.996835,0.196927,0.567036,7.984064,0.172212,8.246076,0.145742,0.920123,0.161099,0.821097
2026-06-03 16:36:07,93,0.382520,2.573818,0.139042,0.142392,35.0667,18.8015,4.0000,0.150733,1.352648,6.965598,7.013444,7.032456,1.018499,0.999194,1.610908,0.139042,4.982620,0.996835,0.196927,0.567036,7.984064,0.172212,8.246076,0.145742,0.920123,0.161099,0.821097
2026-06-03 16:36:08,94,0.382520,2.573818,0.139042,0.142392,35.0667,18.8015,4.0000,0.150733,1.352648,6.965598,7.013444,7.032456,1.018499,0.999194,1.610908,0.139042,4.982620,0.996835,0.196927,0.567036,7.984064,0.172212,8.246076,0.145742,0.920123,0.161099,0.821097
2026-06-03 16:36:08,95,0.382520,2.573818,0.139042,0.142392,35.0667,18.8015,4.0000,0.150733,1.352648,6.965598,7.013444,7.032456,1.018499,0.999194,1.610908,0.139042,4.982620,0.996835,0.196927,0.567036,7.984064,0.172212,8.246076,0.145742,0.920123,0.161099,0.821097
2026-06-03 16:36:09,96,0.382520,2.573818,0.139042,0.142392,35.0667,18.8015,4.0000,0.150733,1.352648,6.965598,7.013444,7.032456,1.018499,0.999194,1.610908,0.139042,4.982620,0.996835,0.196927,0.567036,7.984064,0.172212,8.246076,0.145742,0.920123,0.161099,0.821097
2026-06-03 16:36:09,97,0.382520,2.573818,0.139042,0.142392,35.0667,18.8015,4.0000,0.150733,1.352648,6.965598,7.013444,7.032456,1.018499,0.999194,1.610908,0.139042,4.982620,0.996835,0.196927,0.567036,7.984064,0.172212,8.246076,0.145742,0.920123,0.161099,0.821097
2026-06-03 16:36:10,98,0.382520,2.573818,0.139042,0.142392,35.0667,18.8015,4.0000,0.150733,1.352648,6.965598,7.013444,7.032456,1.018499,0.999194,1.610908,0.139042,4.982620,0.996835,0.196927,0.567036,7.984064,0.172212,8.246076,0.145742,0.920123,0.161099,0.821097
2026-06-03 16:36:10,99,0.382520,2.573818,0.139042,0.142392,35.0667,18.8015,4.0000,0.150733,1.352648,6.965598,7.013444,7.032456,1.018499,0.999194,1.610908,0.139042,4.982620,0.996835,0.196927,0.567036,7.984064,0.172212,8.246076,0.145742,0.920123,0.161099,0.821097
2026-06-03 16:36:11,100,0.382520,2.573818,0.139042,0.142392,35.0667,18.8015,4.0000,0.150733,1.352648,6.965598,7.013444,7.032456,1.018499,0.999194,1.610908,0.139042,4.982620,0.996835,0.196927,0.567036,7.984064,0.172212,8.246076,0.145742,0.920123,0.161099,0.821097
2026-06-03 16:36:11,101,0.382520,2.573818,0.139042,0.142392,35.0667,18.8015,4.0000,0.150733,1.352648,6.965598,7.013444,7.032456,1.018499,0.999194,1.610908,0.139042,4.982620,0.996835,0.196927,0.567036,7.984064,0.172212,8.246076,0.145742,0.920123,0.161099,0.821097
2026-06-03 16:36:11,102,0.382520,2.573818,0.139042,0.142392,35.0667,18.8015,4.0000,0.150733,1.352648,6.965598,7.013444,7.032456,1.018499,0.999194,1.610908,0.139042,4.982620,0.996835,0.196927,0.567036,7.984064,0.172212,8.246076,0.145742,0.920123,0.161099,0.821097
2026-06-03 16:36:12,103,0.382520,2.573818,0.139042,0.142392,35.0667,18.8015,4.0000,0.150733,1.352648,6.965598,7.013444,7.032456,1.018499,0.999194,1.610908,0.139042,4.982620,0.996835,0.196927,0.567036,7.984064,0.172212,8.246076,0.145742,0.920123,0.161099,0.821097
2026-06-03 16:36:12,104,0.382520,2.573818,0.139042,0.142392,35.0667,18.8015,4.0000,0.150733,1.352648,6.965598,7.013444,7.032456,1.018499,0.999194,1.610908,0.139042,4.982620,0.996835,0.196927,0.567036,7.984064,0.172212,8.246076,0.145742,0.920123,0.161099,0.821097
2026-06-03 16:36:13,105,0.382520,2.573818,0.139042,0.142392,35.0667,18.8015,4.0000,0.150733,1.352648,6.965598,7.013444,7.032456,1.018499,0.999194,1.610908,0.139042,4.982620,0.996835,0.196927,0.567036,7.984064,0.172212,8.246076,0.145742,0.920123,0.161099,0.821097
2026-06-03 16:36:13,106,0.382520,2.573818,0.139042,0.142392,35.0667,18.8015,4.0000,0.150733,1.352648,6.965598,7.013444,7.032456,1.018499,0.999194,1.610908,0.139042,4.982620,0.996835,0.196927,0.567036,7.984064,0.172212,8.246076,0.145742,0.920123,0.161099,0.821097
2026-06-03 16:36:14,107,0.382520,2.573818,0.139042,0.142392,35.0667,18.8015,4.0000,0.150733,1.352648,6.965598,7.013444,7.032456,1.018499,0.999194,1.610908,0.139042,4.982620,0.996835,0.196927,0.567036,7.984064,0.172212,8.246076,0.145742,0.920123,0.161099,0.821097
2026-06-03 16:36:14,108,0.382520,2.573818,0.139042,0.142392,35.0667,18.8015,4.0000,0.150733,1.352648,6.965598,7.013444,7.032456,1.018499,0.999194,1.610908,0.139042,4.982620,0.996835,0.196927,0.567036,7.984064,0.172212,8.246076,0.145742,0.920123,0.161099,0.821097
2026-06-03 16:36:15,109,0.382520,2.573818,0.139042,0.142392,35.0667,18.8015,4.0000,0.150733,1.352648,6.965598,7.013444,7.032456,1.018499,0.999194,1.610908,0.139042,4.982620,0.996835,0.196927,0.567036,7.984064,0.172212,8.246076,0.145742,0.920123,0.161099,0.821097
2026-06-03 16:36:15,110,0.382520,2.573818,0.139042,0.142392,35.0667,18.8015,4.0000,0.150733,1.352648,6.965598,7.013444,7.032456,1.018499,0.999194,1.610908,0.139042,4.982620,0.996835,0.196927,0.567036,7.984064,0.172212,8.246076,0.145742,0.920123,0.161099,0.821097
2026-06-03 16:36:16,111,0.382520,2.573818,0.139042,0.142392,35.0667,18.8015,4.0000,0.150733,1.352648,6.965598,7.013444,7.032456,1.018499,0.999194,1.610908,0.139042,4.982620,0.996835,0.196927,0.567036,7.984064,0.172212,8.246076,0.145742,0.920123,0.161099,0.821097
2026-06-03 16:36:16,112,0.382520,2.573818,0.139042,0.142392,35.0667,18.8015,4.0000,0.150733,1.352648,6.965598,7.013444,7.032456,1.018499,0.999194,1.610908,0.139042,4.982620,0.996835,0.196927,0.567036,7.984064,0.172212,8.246076,0.145742,0.920123,0.161099,0.821097
2026-06-03 16:36:16,113,0.382520,2.573818,0.139042,0.142392,35.0667,18.8015,4.0000,0.150733,1.352648,6.965598,7.013444,7.032456,1.018499,0.999194,1.610908,0.139042,4.982620,0.996835,0.196927,0.567036,7.984064,0.172212,8.246076,0.145742,0.920123,0.161099,0.821097
2026-06-03 16:36:17,114,0.382520,2.573818,0.139042,0.142392,35.0667,18.8015,4.0000,0.150733,1.352648,6.965598,7.013444,7.032456,1.018499,0.999194,1.610908,0.139042,4.982620,0.996835,0.196927,0.567036,7.984064,0.172212,8.246076,0.145742,0.920123,0.161099,0.821097
2026-06-03 16:36:17,115,0.382520,2.573818,0.139042,0.142392,35.0667,18.8015,4.0000,0.150733,1.352648,6.965598,7.013444,7.032456,1.018499,0.999194,1.610908,0.139042,4.982620,0.996835,0.196927,0.567036,7.984064,0.172212,8.246076,0.145742,0.920123,0.161099,0.821097
2026-06-03 16:36:18,116,0.382520,2.573818,0.139042,0.142392,35.0667,18.8015,4.0000,0.150733,1.352648,6.965598,7.013444,7.032456,1.018499,0.999194,1.610908,0.139042,4.982620,0.996835,0.196927,0.567036,7.984064,0.172212,8.246076,0.145742,0.920123,0.161099,0.821097
2026-06-03 16:36:18,117,0.382520,2.573818,0.139042,0.142392,35.0667,18.8015,4.0000,0.150733,1.352648,6.965598,7.013444,7.032456,1.018499,0.999194,1.610908,0.139042,4.982620,0.996835,0.196927,0.567036,7.984064,0.172212,8.246076,0.145742,0.920123,0.161099,0.821097
2026-06-03 16:36:19,118,0.382520,2.573818,0.139042,0.142392,35.0667,18.8015,4.0000,0.150733,1.352648,6.965598,7.013444,7.032456,1.018499,0.999194,1.610908,0.139042,4.982620,0.996835,0.196927,0.567036,7.984064,0.172212,8.246076,0.145742,0.920123,0.161099,0.821097
2026-06-03 16:36:19,119,0.382520,2.573818,0.139042,0.142392,35.0667,18.8015,4.0000,0.150733,1.352648,6.965598,7.013444,7.032456,1.018499,0.999194,1.610908,0.139042,4.982620,0.996835,0.196927,0.567036,7.984064,0.172212,8.246076,0.145742,0.920123,0.161099,0.821097
2026-06-03 16:36:20,120,0.382520,2.573818,0.139042,0.142392,35.0667,18.8015,4.0000,0.150733,1.352648,6.965598,7.013444,7.032456,1.018499,0.999194,1.610908,0.139042,4.982620,0.996835,0.196927,0.567036,7.984064,0.172212,8.246076,0.145742,0.920123,0.161099,0.821097
2026-06-03 16:36:20,121,0.382520,2.573818,0.139042,0.142392,35.0667,18.8015,4.0000,0.150733,1.352648,6.965598,7.013444,7.032456,1.018499,0.999194,1.610908,0.139042,4.982620,0.996835,0.196927,0.567036,7.984064,0.172212,8.246076,0.145742,0.920123,0.161099,0.821097
2026-06-03 16:36:21,122,0.382520,2.573818,0.139042,0.142392,35.0667,18.8015,4.0000,0.150733,1.352648,6.965598,7.013444,7.032456,1.018499,0.999194,1.610908,0.139042,4.982620,0.996835,0.196927,0.567036,7.984064,0.172212,8.246076,0.145742,0.920123,0.161099,0.821097
2026-06-03 16:36:21,123,0.382520,2.573818,0.139042,0.142392,35.0667,18.8015,4.0000,0.150733,1.352648,6.965598,7.013444,7.032456,1.018499,0.999194,1.610908,0.139042,4.982620,0.996835,0.196927,0.567036,7.984064,0.172212,8.246076,0.145742,0.920123,0.161099,0.821097
2026-06-03 16:36:21,124,0.382520,2.573818,0.139042,0.142392,35.0667,18.8015,4.0000,0.150733,1.352648,6.965598,7.013444,7.032456,1.018499,0.999194,1.610908,0.139042,4.982620,0.996835,0.196927,0.567036,7.984064,0.172212,8.246076,0.145742,0.920123,0.161099,0.821097
2026-06-03 16:36:22,125,0.382520,2.573818,0.139042,0.142392,35.0667,18.8015,4.0000,0.150733,1.352648,6.965598,7.013444,7.032456,1.018499,0.999194,1.610908,0.139042,4.982620,0.996835,0.196927,0.567036,7.984064,0.172212,8.246076,0.145742,0.920123,0.161099,0.821097
2026-06-03 16:36:22,126,0.382520,2.573818,0.139042,0.142392,35.0667,18.8015,4.0000,0.150733,1.352648,6.965598,7.013444,7.032456,1.018499,0.999194,1.610908,0.139042,4.982620,0.996835,0.196927,0.567036,7.984064,0.172212,8.246076,0.145742,0.920123,0.161099,0.821097
2026-06-03 16:36:23,127,0.382520,2.573818,0.139042,0.142392,35.0667,18.8015,4.0000,0.150733,1.352648,6.965598,7.013444,7.032456,1.018499,0.999194,1.610908,0.139042,4.982620,0.996835,0.196927,0.567036,7.984064,0.172212,8.246076,0.145742,0.920123,0.161099,0.821097
2026-06-03 16:36:23,128,0.382520,2.573818,0.139042,0.142392,35.0667,18.8015,4.0000,0.150733,1.352648,6.965598,7.013444,7.032456,1.018499,0.999194,1.610908,0.139042,4.982620,0.996835,0.196927,0.567036,7.984064,0.172212,8.246076,0.145742,0.920123,0.161099,0.821097
2026-06-03 16:36:24,129,0.382520,2.573818,0.139042,0.142392,35.0667,18.8015,4.0000,0.150733,1.352648,6.965598,7.013444,7.032456,1.018499,0.999194,1.610908,0.139042,4.982620,0.996835,0.196927,0.567036,7.984064,0.172212,8.246076,0.145742,0.920123,0.161099,0.821097
2026-06-03 16:36:24,130,0.382520,2.573818,0.139042,0.142392,35.0667,18.8015,4.0000,0.150733,1.352648,6.965598,7.013444,7.032456,1.018499,0.999194,1.610908,0.139042,4.982620,0.996835,0.196927,0.567036,7.984064,0.172212,8.246076,0.145742,0.920123,0.161099,0.821097
2026-06-03 16:36:25,131,0.382520,2.573818,0.139042,0.142392,35.0667,18.8015,4.0000,0.150733,1.352648,6.965598,7.013444,7.032456,1.018499,0.999194,1.610908,0.139042,4.982620,0.996835,0.196927,0.567036,7.984064,0.172212,8.246076,0.145742,0.920123,0.161099,0.821097
2026-06-03 16:36:25,132,0.382520,2.573818,0.139042,0.142392,35.0667,18.8015,4.0000,0.150733,1.352648,6.965598,7.013444,7.032456,1.018499,0.999194,1.610908,0.139042,4.982620,0.996835,0.196927,0.567036,7.984064,0.172212,8.246076,0.145742,0.920123,0.161099,0.821097
2026-06-03 16:36:26,133,0.382520,2.573818,0.139042,0.142392,35.0667,18.8015,4.0000,0.150733,1.352648,6.965598,7.013444,7.032456,1.018499,0.999194,1.610908,0.139042,4.982620,0.996835,0.196927,0.567036,7.984064,0.172212,8.246076,0.145742,0.920123,0.161099,0.821097
2026-06-03 16:36:26,134,0.382520,2.573818,0.139042,0.142392,35.0667,18.8015,4.0000,0.150733,1.352648,6.965598,7.013444,7.032456,1.018499,0.999194,1.610908,0.139042,4.982620,0.996835,0.196927,0.567036,7.984064,0.172212,8.246076,0.145742,0.920123,0.161099,0.821097
2026-06-03 16:36:27,135,0.382520,2.573818,0.139042,0.142392,35.0667,18.8015,4.0000,0.150733,1.352648,6.965598,7.013444,7.032456,1.018499,0.999194,1.610908,0.139042,4.982620,0.996835,0.196927,0.567036,7.984064,0.172212,8.246076,0.145742,0.920123,0.161099,0.821097
2026-06-03 16:36:27,136,0.382520,2.573818,0.139042,0.142392,35.0667,18.8015,4.0000,0.150733,1.352648,6.965598,7.013444,7.032456,1.018499,0.999194,1.610908,0.139042,4.982620,0.996835,0.196927,0.567036,7.984064,0.172212,8.246076,0.145742,0.920123,0.161099,0.821097
2026-06-03 16:36:28,137,0.382520,2.573818,0.139042,0.142392,35.0667,18.8015,4.0000,0.150733,1.352648,6.965598,7.013444,7.032456,1.018499,0.999194,1.610908,0.139042,4.982620,0.996835,0.196927,0.567036,7.984064,0.172212,8.246076,0.145742,0.920123,0.161099,0.821097
2026-06-03 16:36:28,138,0.382520,2.573818,0.139042,0.142392,35.0667,18.8015,4.0000,0.150733,1.352648,6.965598,7.013444,7.032456,1.018499,0.999194,1.610908,0.139042,4.982620,0.996835,0.196927,0.567036,7.984064,0.172212,8.246076,0.145742,0.920123,0.161099,0.821097
2026-06-03 16:36:28,139,0.382520,2.573818,0.139042,0.142392,35.0667,18.8015,4.0000,0.150733,1.352648,6.965598,7.013444,7.032456,1.018499,0.999194,1.610908,0.139042,4.982620,0.996835,0.196927,0.567036,7.984064,0.172212,8.246076,0.145742,0.920123,0.161099,0.821097
2026-06-03 16:36:29,140,0.382520,2.573818,0.139042,0.142392,35.0667,18.8015,4.0000,0.150733,1.352648,6.965598,7.013444,7.032456,1.018499,0.999194,1.610908,0.139042,4.982620,0.996835,0.196927,0.567036,7.984064,0.172212,8.246076,0.145742,0.920123,0.161099,0.821097
2026-06-03 16:36:29,141,0.382520,2.573818,0.139042,0.142392,35.0667,18.8015,4.0000,0.150733,1.352648,6.965598,7.013444,7.032456,1.018499,0.999194,1.610908,0.139042,4.982620,0.996835,0.196927,0.567036,7.984064,0.172212,8.246076,0.145742,0.920123,0.161099,0.821097
2026-06-03 16:36:30,142,0.382520,2.573818,0.139042,0.142392,35.0667,18.8015,4.0000,0.150733,1.352648,6.965598,7.013444,7.032456,1.018499,0.999194,1.610908,0.139042,4.982620,0.996835,0.196927,0.567036,7.984064,0.172212,8.246076,0.145742,0.920123,0.161099,0.821097
2026-06-03 16:36:30,143,0.382520,2.573818,0.139042,0.142392,35.0667,18.8015,4.0000,0.150733,1.352648,6.965598,7.013444,7.032456,1.018499,0.999194,1.610908,0.139042,4.982620,0.996835,0.196927,0.567036,7.984064,0.172212,8.246076,0.145742,0.920123,0.161099,0.821097
2026-06-03 16:36:31,144,0.382520,2.573818,0.139042,0.142392,35.0667,18.8015,4.0000,0.150733,1.352648,6.965598,7.013444,7.032456,1.018499,0.999194,1.610908,0.139042,4.982620,0.996835,0.196927,0.567036,7.984064,0.172212,8.246076,0.145742,0.920123,0.161099,0.821097
2026-06-03 16:36:31,145,0.382520,2.573818,0.139042,0.142392,35.0667,18.8015,4.0000,0.150733,1.352648,6.965598,7.013444,7.032456,1.018499,0.999194,1.610908,0.139042,4.982620,0.996835,0.196927,0.567036,7.984064,0.172212,8.246076,0.145742,0.920123,0.161099,0.821097
2026-06-03 16:36:32,146,0.382520,2.573818,0.139042,0.142392,35.0667,18.8015,4.0000,0.150733,1.352648,6.965598,7.013444,7.032456,1.018499,0.999194,1.610908,0.139042,4.982620,0.996835,0.196927,0.567036,7.984064,0.172212,8.246076,0.145742,0.920123,0.161099,0.821097
2026-06-03 16:36:32,147,0.382520,2.573818,0.139042,0.142392,35.0667,18.8015,4.0000,0.150733,1.352648,6.965598,7.013444,7.032456,1.018499,0.999194,1.610908,0.139042,4.982620,0.996835,0.196927,0.567036,7.984064,0.172212,8.246076,0.145742,0.920123,0.161099,0.821097
2026-06-03 16:36:33,148,0.382520,2.573818,0.139042,0.142392,35.0667,18.8015,4.0000,0.150733,1.352648,6.965598,7.013444,7.032456,1.018499,0.999194,1.610908,0.139042,4.982620,0.996835,0.196927,0.567036,7.984064,0.172212,8.246076,0.145742,0.920123,0.161099,0.821097
2026-06-03 16:36:33,149,0.382520,2.573818,0.139042,0.142392,35.0667,18.8015,4.0000,0.150733,1.352648,6.965598,7.013444,7.032456,1.018499,0.999194,1.610908,0.139042,4.982620,0.996835,0.196927,0.567036,7.984064,0.172212,8.246076,0.145742,0.920123,0.161099,0.821097
2026-06-03 16:36:33,150,0.382520,2.573818,0.139042,0.142392,35.0667,18.8015,4.0000,0.150733,1.352648,6.965598,7.013444,7.032456,1.018499,0.999194,1.610908,0.139042,4.982620,0.996835,0.196927,0.567036,7.984064,0.172212,8.246076,0.145742,0.920123,0.161099,0.821097
2026-06-03 16:36:34,151,0.382520,2.573818,0.139042,0.142392,35.0667,18.8015,4.0000,0.150733,1.352648,6.965598,7.013444,7.032456,1.018499,0.999194,1.610908,0.139042,4.982620,0.996835,0.196927,0.567036,7.984064,0.172212,8.246076,0.145742,0.920123,0.161099,0.821097
2026-06-03 16:36:34,152,0.382520,2.573818,0.139042,0.142392,35.0667,18.8015,4.0000,0.150733,1.352648,6.965598,7.013444,7.032456,1.018499,0.999194,1.610908,0.139042,4.982620,0.996835,0.196927,0.567036,7.984064,0.172212,8.246076,0.145742,0.920123,0.161099,0.821097
2026-06-03 16:36:35,153,0.382520,2.573818,0.139042,0.142392,35.0667,18.8015,4.0000,0.150733,1.352648,6.965598,7.013444,7.032456,1.018499,0.999194,1.610908,0.139042,4.982620,0.996835,0.196927,0.567036,7.984064,0.172212,8.246076,0.145742,0.920123,0.161099,0.821097
2026-06-03 16:36:35,154,0.382520,2.573818,0.139042,0.142392,35.0667,18.8015,4.0000,0.150733,1.352648,6.965598,7.013444,7.032456,1.018499,0.999194,1.610908,0.139042,4.982620,0.996835,0.196927,0.567036,7.984064,0.172212,8.246076,0.145742,0.920123,0.161099,0.821097
2026-06-03 16:36:36,155,0.382520,2.573818,0.139042,0.142392,35.0667,18.8015,4.0000,0.150733,1.352648,6.965598,7.013444,7.032456,1.018499,0.999194,1.610908,0.139042,4.982620,0.996835,0.196927,0.567036,7.984064,0.172212,8.246076,0.145742,0.920123,0.161099,0.821097
2026-06-03 16:36:36,156,0.382529,2.571902,0.139265,0.140634,35.3212,18.9107,4.0000,0.150922,1.345258,6.962804,7.010646,7.030105,0.991115,0.983784,1.655098,0.139265,4.987960,0.977055,0.197611,0.571161,7.983244,0.172492,8.245213,0.142003,0.899568,0.161352,0.831375
2026-06-03 16:36:37,157,0.382529,2.571902,0.139265,0.140634,35.3212,18.9107,4.0000,0.150922,1.345258,6.962804,7.010646,7.030105,0.991115,0.983784,1.655098,0.139265,4.987960,0.977055,0.197611,0.571161,7.983244,0.172492,8.245213,0.142003,0.899568,0.161352,0.831375
2026-06-03 16:36:37,158,0.382529,2.571902,0.139265,0.140634,35.3212,18.9107,4.0000,0.150922,1.345258,6.962804,7.010646,7.030105,0.991115,0.983784,1.655098,0.139265,4.987960,0.977055,0.197611,0.571161,7.983244,0.172492,8.245213,0.142003,0.899568,0.161352,0.831375
2026-06-03 16:36:38,159,0.382529,2.571902,0.139265,0.140634,35.3212,18.9107,4.0000,0.150922,1.345258,6.962804,7.010646,7.030105,0.991115,0.983784,1.655098,0.139265,4.987960,0.977055,0.197611,0.571161,7.983244,0.172492,8.245213,0.142003,0.899568,0.161352,0.831375
2026-06-03 16:36:38,160,0.382529,2.571902,0.139265,0.140634,35.3212,18.9107,4.0000,0.150922,1.345258,6.962804,7.010646,7.030105,0.991115,0.983784,1.655098,0.139265,4.987960,0.977055,0.197611,0.571161,7.983244,0.172492,8.245213,0.142003,0.899568,0.161352,0.831375
2026-06-03 16:36:38,161,0.382529,2.571902,0.139265,0.140634,35.3212,18.9107,4.0000,0.150922,1.345258,6.962804,7.010646,7.030105,0.991115,0.983784,1.655098,0.139265,4.987960,0.977055,0.197611,0.571161,7.983244,0.172492,8.245213,0.142003,0.899568,0.161352,0.831375
2026-06-03 16:36:39,162,0.382529,2.571902,0.139265,0.140634,35.3212,18.9107,4.0000,0.150922,1.345258,6.962804,7.010646,7.030105,0.991115,0.983784,1.655098,0.139265,4.987960,0.977055,0.197611,0.571161,7.983244,0.172492,8.245213,0.142003,0.899568,0.161352,0.831375
2026-06-03 16:36:39,163,0.382529,2.571902,0.139265,0.140634,35.3212,18.9107,4.0000,0.150922,1.345258,6.962804,7.010646,7.030105,0.991115,0.983784,1.655098,0.139265,4.987960,0.977055,0.197611,0.571161,7.983244,0.172492,8.245213,0.142003,0.899568,0.161352,0.831375
2026-06-03 16:36:40,164,0.382529,2.571902,0.139265,0.140634,35.3212,18.9107,4.0000,0.150922,1.345258,6.962804,7.010646,7.030105,0.991115,0.983784,1.655098,0.139265,4.987960,0.977055,0.197611,0.571161,7.983244,0.172492,8.245213,0.142003,0.899568,0.161352,0.831375
2026-06-03 16:36:40,165,0.382529,2.571902,0.139265,0.140634,35.3212,18.9107,4.0000,0.150922,1.345258,6.962804,7.010646,7.030105,0.991115,0.983784,1.655098,0.139265,4.987960,0.977055,0.197611,0.571161,7.983244,0.172492,8.245213,0.142003,0.899568,0.161352,0.831375
2026-06-03 16:36:41,166,0.382529,2.571902,0.139265,0.140634,35.3212,18.9107,4.0000,0.150922,1.345258,6.962804,7.010646,7.030105,0.991115,0.983784,1.655098,0.139265,4.987960,0.977055,0.197611,0.571161,7.983244,0.172492,8.245213,0.142003,0.899568,0.161352,0.831375
2026-06-03 16:36:41,167,0.382529,2.571902,0.139265,0.140634,35.3212,18.9107,4.0000,0.150922,1.345258,6.962804,7.010646,7.030105,0.991115,0.983784,1.655098,0.139265,4.987960,0.977055,0.197611,0.571161,7.983244,0.172492,8.245213,0.142003,0.899568,0.161352,0.831375
2026-06-03 16:36:42,168,0.382529,2.571902,0.139265,0.140634,35.3212,18.9107,4.0000,0.150922,1.345258,6.962804,7.010646,7.030105,0.991115,0.983784,1.655098,0.139265,4.987960,0.977055,0.197611,0.571161,7.983244,0.172492,8.245213,0.142003,0.899568,0.161352,0.831375
2026-06-03 16:36:42,169,0.382529,2.571902,0.139265,0.140634,35.3212,18.9107,4.0000,0.150922,1.345258,6.962804,7.010646,7.030105,0.991115,0.983784,1.655098,0.139265,4.987960,0.977055,0.197611,0.571161,7.983244,0.172492,8.245213,0.142003,0.899568,0.161352,0.831375
2026-06-03 16:36:43,170,0.382529,2.571902,0.139265,0.140634,35.3212,18.9107,4.0000,0.150922,1.345258,6.962804,7.010646,7.030105,0.991115,0.983784,1.655098,0.139265,4.987960,0.977055,0.197611,0.571161,7.983244,0.172492,8.245213,0.142003,0.899568,0.161352,0.831375
2026-06-03 16:36:43,171,0.382529,2.571902,0.139265,0.140634,35.3212,18.9107,4.0000,0.150922,1.345258,6.962804,7.010646,7.030105,0.991115,0.983784,1.655098,0.139265,4.987960,0.977055,0.197611,0.571161,7.983244,0.172492,8.245213,0.142003,0.899568,0.161352,0.831375
2026-06-03 16:36:43,172,0.382529,2.571902,0.139265,0.140634,35.3212,18.9107,4.0000,0.150922,1.345258,6.962804,7.010646,7.030105,0.991115,0.983784,1.655098,0.139265,4.987960,0.977055,0.197611,0.571161,7.983244,0.172492,8.245213,0.142003,0.899568,0.161352,0.831375
2026-06-03 16:36:44,173,0.382529,2.571902,0.139265,0.140634,35.3212,18.9107,4.0000,0.150922,1.345258,6.962804,7.010646,7.030105,0.991115,0.983784,1.655098,0.139265,4.987960,0.977055,0.197611,0.571161,7.983244,0.172492,8.245213,0.142003,0.899568,0.161352,0.831375
2026-06-03 16:36:44,174,0.382529,2.571902,0.139265,0.140634,35.3212,18.9107,4.0000,0.150922,1.345258,6.962804,7.010646,7.030105,0.991115,0.983784,1.655098,0.139265,4.987960,0.977055,0.197611,0.571161,7.983244,0.172492,8.245213,0.142003,0.899568,0.161352,0.831375
2026-06-03 16:36:45,175,0.382529,2.571902,0.139265,0.140634,35.3212,18.9107,4.0000,0.150922,1.345258,6.962804,7.010646,7.030105,0.991115,0.983784,1.655098,0.139265,4.987960,0.977055,0.197611,0.571161,7.983244,0.172492,8.245213,0.142003,0.899568,0.161352,0.831375
2026-06-03 16:36:45,176,0.382529,2.571902,0.139265,0.140634,35.3212,18.9107,4.0000,0.150922,1.345258,6.962804,7.010646,7.030105,0.991115,0.983784,1.655098,0.139265,4.987960,0.977055,0.197611,0.571161,7.983244,0.172492,8.245213,0.142003,0.899568,0.161352,0.831375
2026-06-03 16:36:46,177,0.382529,2.571902,0.139265,0.140634,35.3212,18.9107,4.0000,0.150922,1.345258,6.962804,7.010646,7.030105,0.991115,0.983784,1.655098,0.139265,4.987960,0.977055,0.197611,0.571161,7.983244,0.172492,8.245213,0.142003,0.899568,0.161352,0.831375
2026-06-03 16:36:46,178,0.382529,2.571902,0.139265,0.140634,35.3212,18.9107,4.0000,0.150922,1.345258,6.962804,7.010646,7.030105,0.991115,0.983784,1.655098,0.139265,4.987960,0.977055,0.197611,0.571161,7.983244,0.172492,8.245213,0.142003,0.899568,0.161352,0.831375
2026-06-03 16:36:47,179,0.382529,2.571902,0.139265,0.140634,35.3212,18.9107,4.0000,0.150922,1.345258,6.962804,7.010646,7.030105,0.991115,0.983784,1.655098,0.139265,4.987960,0.977055,0.197611,0.571161,7.983244,0.172492,8.245213,0.142003,0.899568,0.161352,0.831375
2026-06-03 16:36:47,180,0.382529,2.571902,0.139265,0.140634,35.3212,18.9107,4.0000,0.150922,1.345258,6.962804,7.010646,7.030105,0.991115,0.983784,1.655098,0.139265,4.987960,0.977055,0.197611,0.571161,7.983244,0.172492,8.245213,0.142003,0.899568,0.161352,0.831375
2026-06-03 16:36:48,181,0.382529,2.571902,0.139265,0.140634,35.3212,18.9107,4.0000,0.150922,1.345258,6.962804,7.010646,7.030105,0.991115,0.983784,1.655098,0.139265,4.987960,0.977055,0.197611,0.571161,7.983244,0.172492,8.245213,0.142003,0.899568,0.161352,0.831375
2026-06-03 16:36:48,182,0.382529,2.571902,0.139265,0.140634,35.3212,18.9107,4.0000,0.150922,1.345258,6.962804,7.010646,7.030105,0.991115,0.983784,1.655098,0.139265,4.987960,0.977055,0.197611,0.571161,7.983244,0.172492,8.245213,0.142003,0.899568,0.161352,0.831375
2026-06-03 16:36:48,183,0.382529,2.571902,0.139265,0.140634,35.3212,18.9107,4.0000,0.150922,1.345258,6.962804,7.010646,7.030105,0.991115,0.983784,1.655098,0.139265,4.987960,0.977055,0.197611,0.571161,7.983244,0.172492,8.245213,0.142003,0.899568,0.161352,0.831375
2026-06-03 16:36:49,184,0.382529,2.571902,0.139265,0.140634,35.3212,18.9107,4.0000,0.150922,1.345258,6.962804,7.010646,7.030105,0.991115,0.983784,1.655098,0.139265,4.987960,0.977055,0.197611,0.571161,7.983244,0.172492,8.245213,0.142003,0.899568,0.161352,0.831375
2026-06-03 16:36:49,185,0.382529,2.571902,0.139265,0.140634,35.3212,18.9107,4.0000,0.150922,1.345258,6.962804,7.010646,7.030105,0.991115,0.983784,1.655098,0.139265,4.987960,0.977055,0.197611,0.571161,7.983244,0.172492,8.245213,0.142003,0.899568,0.161352,0.831375
2026-06-03 16:36:50,186,0.382529,2.571902,0.139265,0.140634,35.3212,18.9107,4.0000,0.150922,1.345258,6.962804,7.010646,7.030105,0.991115,0.983784,1.655098,0.139265,4.987960,0.977055,0.197611,0.571161,7.983244,0.172492,8.245213,0.142003,0.899568,0.161352,0.831375
2026-06-03 16:36:50,187,0.382529,2.571902,0.139265,0.140634,35.3212,18.9107,4.0000,0.150922,1.345258,6.962804,7.010646,7.030105,0.991115,0.983784,1.655098,0.139265,4.987960,0.977055,0.197611,0.571161,7.983244,0.172492,8.245213,0.142003,0.899568,0.161352,0.831375
2026-06-03 16:36:51,188,0.382529,2.571902,0.139265,0.140634,35.3212,18.9107,4.0000,0.150922,1.345258,6.962804,7.010646,7.030105,0.991115,0.983784,1.655098,0.139265,4.987960,0.977055,0.197611,0.571161,7.983244,0.172492,8.245213,0.142003,0.899568,0.161352,0.831375
2026-06-03 16:36:51,189,0.382529,2.571902,0.139265,0.140634,35.3212,18.9107,4.0000,0.150922,1.345258,6.962804,7.010646,7.030105,0.991115,0.983784,1.655098,0.139265,4.987960,0.977055,0.197611,0.571161,7.983244,0.172492,8.245213,0.142003,0.899568,0.161352,0.831375
2026-06-03 16:36:52,190,0.382529,2.571902,0.139265,0.140634,35.3212,18.9107,4.0000,0.150922,1.345258,6.962804,7.010646,7.030105,0.991115,0.983784,1.655098,0.139265,4.987960,0.977055,0.197611,0.571161,7.983244,0.172492,8.245213,0.142003,0.899568,0.161352,0.831375
2026-06-03 16:36:52,191,0.382529,2.571902,0.139265,0.140634,35.3212,18.9107,4.0000,0.150922,1.345258,6.962804,7.010646,7.030105,0.991115,0.983784,1.655098,0.139265,4.987960,0.977055,0.197611,0.571161,7.983244,0.172492,8.245213,0.142003,0.899568,0.161352,0.831375
2026-06-03 16:36:53,192,0.382529,2.571902,0.139265,0.140634,35.3212,18.9107,4.0000,0.150922,1.345258,6.962804,7.010646,7.030105,0.991115,0.983784,1.655098,0.139265,4.987960,0.977055,0.197611,0.571161,7.983244,0.172492,8.245213,0.142003,0.899568,0.161352,0.831375
2026-06-03 16:36:53,193,0.382529,2.571902,0.139265,0.140634,35.3212,18.9107,4.0000,0.150922,1.345258,6.962804,7.010646,7.030105,0.991115,0.983784,1.655098,0.139265,4.987960,0.977055,0.197611,0.571161,7.983244,0.172492,8.245213,0.142003,0.899568,0.161352,0.831375
2026-06-03 16:36:54,194,0.382529,2.571902,0.139265,0.140634,35.3212,18.9107,4.0000,0.150922,1.345258,6.962804,7.010646,7.030105,0.991115,0.983784,1.655098,0.139265,4.987960,0.977055,0.197611,0.571161,7.983244,0.172492,8.245213,0.142003,0.899568,0.161352,0.831375
2026-06-03 16:36:54,195,0.382529,2.571902,0.139265,0.140634,35.3212,18.9107,4.0000,0.150922,1.345258,6.962804,7.010646,7.030105,0.991115,0.983784,1.655098,0.139265,4.987960,0.977055,0.197611,0.571161,7.983244,0.172492,8.245213,0.142003,0.899568,0.161352,0.831375
2026-06-03 16:36:54,196,0.382529,2.571902,0.139265,0.140634,35.3212,18.9107,4.0000,0.150922,1.345258,6.962804,7.010646,7.030105,0.991115,0.983784,1.655098,0.139265,4.987960,0.977055,0.197611,0.571161,7.983244,0.172492,8.245213,0.142003,0.899568,0.161352,0.831375
2026-06-03 16:36:55,197,0.382529,2.571902,0.139265,0.140634,35.3212,18.9107,4.0000,0.150922,1.345258,6.962804,7.010646,7.030105,0.991115,0.983784,1.655098,0.139265,4.987960,0.977055,0.197611,0.571161,7.983244,0.172492,8.245213,0.142003,0.899568,0.161352,0.831375
2026-06-03 16:36:55,198,0.382529,2.571902,0.139265,0.140634,35.3212,18.9107,4.0000,0.150922,1.345258,6.962804,7.010646,7.030105,0.991115,0.983784,1.655098,0.139265,4.987960,0.977055,0.197611,0.571161,7.983244,0.172492,8.245213,0.142003,0.899568,0.161352,0.831375
2026-06-03 16:36:56,199,0.382529,2.571902,0.139265,0.140634,35.3212,18.9107,4.0000,0.150922,1.345258,6.962804,7.010646,7.030105,0.991115,0.983784,1.655098,0.139265,4.987960,0.977055,0.197611,0.571161,7.983244,0.172492,8.245213,0.142003,0.899568,0.161352,0.831375
2026-06-03 16:36:56,200,0.382529,2.571902,0.139265,0.140634,35.3212,18.9107,4.0000,0.150922,1.345258,6.962804,7.010646,7.030105,0.991115,0.983784,1.655098,0.139265,4.987960,0.977055,0.197611,0.571161,7.983244,0.172492,8.245213,0.142003,0.899568,0.161352,0.831375
2026-06-03 16:36:57,201,0.382529,2.571902,0.139265,0.140634,35.3212,18.9107,4.0000,0.150922,1.345258,6.962804,7.010646,7.030105,0.991115,0.983784,1.655098,0.139265,4.987960,0.977055,0.197611,0.571161,7.983244,0.172492,8.245213,0.142003,0.899568,0.161352,0.831375
2026-06-03 16:36:57,202,0.382529,2.571902,0.139265,0.140634,35.3212,18.9107,4.0000,0.150922,1.345258,6.962804,7.010646,7.030105,0.991115,0.983784,1.655098,0.139265,4.987960,0.977055,0.197611,0.571161,7.983244,0.172492,8.245213,0.142003,0.899568,0.161352,0.831375
2026-06-03 16:36:58,203,0.382529,2.571902,0.139265,0.140634,35.3212,18.9107,4.0000,0.150922,1.345258,6.962804,7.010646,7.030105,0.991115,0.983784,1.655098,0.139265,4.987960,0.977055,0.197611,0.571161,7.983244,0.172492,8.245213,0.142003,0.899568,0.161352,0.831375
2026-06-03 16:36:58,204,0.382529,2.571902,0.139265,0.140634,35.3212,18.9107,4.0000,0.150922,1.345258,6.962804,7.010646,7.030105,0.991115,0.983784,1.655098,0.139265,4.987960,0.977055,0.197611,0.571161,7.983244,0.172492,8.245213,0.142003,0.899568,0.161352,0.831375
2026-06-03 16:36:59,205,0.382529,2.571902,0.139265,0.140634,35.3212,18.9107,4.0000,0.150922,1.345258,6.962804,7.010646,7.030105,0.991115,0.983784,1.655098,0.139265,4.987960,0.977055,0.197611,0.571161,7.983244,0.172492,8.245213,0.142003,0.899568,0.161352,0.831375
2026-06-03 16:36:59,206,0.382529,2.571902,0.139265,0.140634,35.3212,18.9107,4.0000,0.150922,1.345258,6.962804,7.010646,7.030105,0.991115,0.983784,1.655098,0.139265,4.987960,0.977055,0.197611,0.571161,7.983244,0.172492,8.245213,0.142003,0.899568,0.161352,0.831375
2026-06-03 16:37:00,207,0.382529,2.571902,0.139265,0.140634,35.3212,18.9107,4.0000,0.150922,1.345258,6.962804,7.010646,7.030105,0.991115,0.983784,1.655098,0.139265,4.987960,0.977055,0.197611,0.571161,7.983244,0.172492,8.245213,0.142003,0.899568,0.161352,0.831375
2026-06-03 16:37:00,208,0.382529,2.571902,0.139265,0.140634,35.3212,18.9107,4.0000,0.150922,1.345258,6.962804,7.010646,7.030105,0.991115,0.983784,1.655098,0.139265,4.987960,0.977055,0.197611,0.571161,7.983244,0.172492,8.245213,0.142003,0.899568,0.161352,0.831375
2026-06-03 16:37:01,209,0.382529,2.571902,0.139265,0.140634,35.3212,18.9107,4.0000,0.150922,1.345258,6.962804,7.010646,7.030105,0.991115,0.983784,1.655098,0.139265,4.987960,0.977055,0.197611,0.571161,7.983244,0.172492,8.245213,0.142003,0.899568,0.161352,0.831375
2026-06-03 16:37:01,210,0.382529,2.571902,0.139265,0.140634,35.3212,18.9107,4.0000,0.150922,1.345258,6.962804,7.010646,7.030105,0.991115,0.983784,1.655098,0.139265,4.987960,0.977055,0.197611,0.571161,7.983244,0.172492,8.245213,0.142003,0.899568,0.161352,0.831375
2026-06-03 16:37:01,211,0.382529,2.571902,0.139265,0.140634,35.3212,18.9107,4.0000,0.150922,1.345258,6.962804,7.010646,7.030105,0.991115,0.983784,1.655098,0.139265,4.987960,0.977055,0.197611,0.571161,7.983244,0.172492,8.245213,0.142003,0.899568,0.161352,0.831375
2026-06-03 16:37:02,212,0.382529,2.571902,0.139265,0.140634,35.3212,18.9107,4.0000,0.150922,1.345258,6.962804,7.010646,7.030105,0.991115,0.983784,1.655098,0.139265,4.987960,0.977055,0.197611,0.571161,7.983244,0.172492,8.245213,0.142003,0.899568,0.161352,0.831375
2026-06-03 16:37:02,213,0.382529,2.571902,0.139265,0.140634,35.3212,18.9107,4.0000,0.150922,1.345258,6.962804,7.010646,7.030105,0.991115,0.983784,1.655098,0.139265,4.987960,0.977055,0.197611,0.571161,7.983244,0.172492,8.245213,0.142003,0.899568,0.161352,0.831375
2026-06-03 16:37:03,214,0.382529,2.571902,0.139265,0.140634,35.3212,18.9107,4.0000,0.150922,1.345258,6.962804,7.010646,7.030105,0.991115,0.983784,1.655098,0.139265,4.987960,0.977055,0.197611,0.571161,7.983244,0.172492,8.245213,0.142003,0.899568,0.161352,0.831375
2026-06-03 16:37:03,215,0.382529,2.571902,0.139265,0.140634,35.3212,18.9107,4.0000,0.150922,1.345258,6.962804,7.010646,7.030105,0.991115,0.983784,1.655098,0.139265,4.987960,0.977055,0.197611,0.571161,7.983244,0.172492,8.245213,0.142003,0.899568,0.161352,0.831375
2026-06-03 16:37:04,216,0.382529,2.571902,0.139265,0.140634,35.3212,18.9107,4.0000,0.150922,1.345258,6.962804,7.010646,7.030105,0.991115,0.983784,1.655098,0.139265,4.987960,0.977055,0.197611,0.571161,7.983244,0.172492,8.245213,0.142003,0.899568,0.161352,0.831375
2026-06-03 16:37:04,217,0.382529,2.571902,0.139265,0.140634,35.3212,18.9107,4.0000,0.150922,1.345258,6.962804,7.010646,7.030105,0.991115,0.983784,1.655098,0.139265,4.987960,0.977055,0.197611,0.571161,7.983244,0.172492,8.245213,0.142003,0.899568,0.161352,0.831375
2026-06-03 16:37:05,218,0.382529,2.571902,0.139265,0.140634,35.3212,18.9107,4.0000,0.150922,1.345258,6.962804,7.010646,7.030105,0.991115,0.983784,1.655098,0.139265,4.987960,0.977055,0.197611,0.571161,7.983244,0.172492,8.245213,0.142003,0.899568,0.161352,0.831375
2026-06-03 16:37:05,219,0.382529,2.571902,0.139265,0.140634,35.3212,18.9107,4.0000,0.150922,1.345258,6.962804,7.010646,7.030105,0.991115,0.983784,1.655098,0.139265,4.987960,0.977055,0.197611,0.571161,7.983244,0.172492,8.245213,0.142003,0.899568,0.161352,0.831375
2026-06-03 16:37:06,220,0.382529,2.571902,0.139265,0.140634,35.3212,18.9107,4.0000,0.150922,1.345258,6.962804,7.010646,7.030105,0.991115,0.983784,1.655098,0.139265,4.987960,0.977055,0.197611,0.571161,7.983244,0.172492,8.245213,0.142003,0.899568,0.161352,0.831375
2026-06-03 16:37:06,221,0.382529,2.571902,0.139265,0.140634,35.3212,18.9107,4.0000,0.150922,1.345258,6.962804,7.010646,7.030105,0.991115,0.983784,1.655098,0.139265,4.987960,0.977055,0.197611,0.571161,7.983244,0.172492,8.245213,0.142003,0.899568,0.161352,0.831375
2026-06-03 16:37:06,222,0.382529,2.571902,0.139265,0.140634,35.3212,18.9107,4.0000,0.150922,1.345258,6.962804,7.010646,7.030105,0.991115,0.983784,1.655098,0.139265,4.987960,0.977055,0.197611,0.571161,7.983244,0.172492,8.245213,0.142003,0.899568,0.161352,0.831375
2026-06-03 16:37:07,223,0.382529,2.571902,0.139265,0.140634,35.3212,18.9107,4.0000,0.150922,1.345258,6.962804,7.010646,7.030105,0.991115,0.983784,1.655098,0.139265,4.987960,0.977055,0.197611,0.571161,7.983244,0.172492,8.245213,0.142003,0.899568,0.161352,0.831375
2026-06-03 16:37:07,224,0.382529,2.571902,0.139265,0.140634,35.3212,18.9107,4.0000,0.150922,1.345258,6.962804,7.010646,7.030105,0.991115,0.983784,1.655098,0.139265,4.987960,0.977055,0.197611,0.571161,7.983244,0.172492,8.245213,0.142003,0.899568,0.161352,0.831375
2026-06-03 16:37:08,225,0.382529,2.571902,0.139265,0.140634,35.3212,18.9107,4.0000,0.150922,1.345258,6.962804,7.010646,7.030105,0.991115,0.983784,1.655098,0.139265,4.987960,0.977055,0.197611,0.571161,7.983244,0.172492,8.245213,0.142003,0.899568,0.161352,0.831375
2026-06-03 16:37:08,226,0.382529,2.571902,0.139265,0.140634,35.3212,18.9107,4.0000,0.150922,1.345258,6.962804,7.010646,7.030105,0.991115,0.983784,1.655098,0.139265,4.987960,0.977055,0.197611,0.571161,7.983244,0.172492,8.245213,0.142003,0.899568,0.161352,0.831375
2026-06-03 16:37:09,227,0.382529,2.571902,0.139265,0.140634,35.3212,18.9107,4.0000,0.150922,1.345258,6.962804,7.010646,7.030105,0.991115,0.983784,1.655098,0.139265,4.987960,0.977055,0.197611,0.571161,7.983244,0.172492,8.245213,0.142003,0.899568,0.161352,0.831375
2026-06-03 16:37:09,228,0.382529,2.571902,0.139265,0.140634,35.3212,18.9107,4.0000,0.150922,1.345258,6.962804,7.010646,7.030105,0.991115,0.983784,1.655098,0.139265,4.987960,0.977055,0.197611,0.571161,7.983244,0.172492,8.245213,0.142003,0.899568,0.161352,0.831375
2026-06-03 16:37:10,229,0.382529,2.571902,0.139265,0.140634,35.3212,18.9107,4.0000,0.150922,1.345258,6.962804,7.010646,7.030105,0.991115,0.983784,1.655098,0.139265,4.987960,0.977055,0.197611,0.571161,7.983244,0.172492,8.245213,0.142003,0.899568,0.161352,0.831375
2026-06-03 16:37:10,230,0.382529,2.571902,0.139265,0.140634,35.3212,18.9107,4.0000,0.150922,1.345258,6.962804,7.010646,7.030105,0.991115,0.983784,1.655098,0.139265,4.987960,0.977055,0.197611,0.571161,7.983244,0.172492,8.245213,0.142003,0.899568,0.161352,0.831375
2026-06-03 16:37:11,231,0.382529,2.571902,0.139265,0.140634,35.3212,18.9107,4.0000,0.150922,1.345258,6.962804,7.010646,7.030105,0.991115,0.983784,1.655098,0.139265,4.987960,0.977055,0.197611,0.571161,7.983244,0.172492,8.245213,0.142003,0.899568,0.161352,0.831375
2026-06-03 16:37:11,232,0.382529,2.571902,0.139265,0.140634,35.3212,18.9107,4.0000,0.150922,1.345258,6.962804,7.010646,7.030105,0.991115,0.983784,1.655098,0.139265,4.987960,0.977055,0.197611,0.571161,7.983244,0.172492,8.245213,0.142003,0.899568,0.161352,0.831375
2026-06-03 16:37:12,233,0.382529,2.571902,0.139265,0.140634,35.3212,18.9107,4.0000,0.150922,1.345258,6.962804,7.010646,7.030105,0.991115,0.983784,1.655098,0.139265,4.987960,0.977055,0.197611,0.571161,7.983244,0.172492,8.245213,0.142003,0.899568,0.161352,0.831375
2026-06-03 16:37:12,234,0.382529,2.571902,0.139265,0.140634,35.3212,18.9107,4.0000,0.150922,1.345258,6.962804,7.010646,7.030105,0.991115,0.983784,1.655098,0.139265,4.987960,0.977055,0.197611,0.571161,7.983244,0.172492,8.245213,0.142003,0.899568,0.161352,0.831375
2026-06-03 16:37:12,235,0.382529,2.571902,0.139265,0.140634,35.3212,18.9107,4.0000,0.150922,1.345258,6.962804,7.010646,7.030105,0.991115,0.983784,1.655098,0.139265,4.987960,0.977055,0.197611,0.571161,7.983244,0.172492,8.245213,0.142003,0.899568,0.161352,0.831375
2026-06-03 16:37:13,236,0.382529,2.571902,0.139265,0.140634,35.3212,18.9107,4.0000,0.150922,1.345258,6.962804,7.010646,7.030105,0.991115,0.983784,1.655098,0.139265,4.987960,0.977055,0.197611,0.571161,7.983244,0.172492,8.245213,0.142003,0.899568,0.161352,0.831375
2026-06-03 16:37:13,237,0.382529,2.571902,0.139265,0.140634,35.3212,18.9107,4.0000,0.150922,1.345258,6.962804,7.010646,7.030105,0.991115,0.983784,1.655098,0.139265,4.987960,0.977055,0.197611,0.571161,7.983244,0.172492,8.245213,0.142003,0.899568,0.161352,0.831375
2026-06-03 16:37:14,238,0.382529,2.571902,0.139265,0.140634,35.3212,18.9107,4.0000,0.150922,1.345258,6.962804,7.010646,7.030105,0.991115,0.983784,1.655098,0.139265,4.987960,0.977055,0.197611,0.571161,7.983244,0.172492,8.245213,0.142003,0.899568,0.161352,0.831375
2026-06-03 16:37:14,239,0.382529,2.571902,0.139265,0.140634,35.3212,18.9107,4.0000,0.150922,1.345258,6.962804,7.010646,7.030105,0.991115,0.983784,1.655098,0.139265,4.987960,0.977055,0.197611,0.571161,7.983244,0.172492,8.245213,0.142003,0.899568,0.161352,0.831375
2026-06-03 16:37:15,240,0.382529,2.571902,0.139265,0.140634,35.3212,18.9107,4.0000,0.150922,1.345258,6.962804,7.010646,7.030105,0.991115,0.983784,1.655098,0.139265,4.987960,0.977055,0.197611,0.571161,7.983244,0.172492,8.245213,0.142003,0.899568,0.161352,0.831375
2026-06-03 16:37:15,241,0.382529,2.571902,0.139265,0.140634,35.3212,18.9107,4.0000,0.150922,1.345258,6.962804,7.010646,7.030105,0.991115,0.983784,1.655098,0.139265,4.987960,0.977055,0.197611,0.571161,7.983244,0.172492,8.245213,0.142003,0.899568,0.161352,0.831375
2026-06-03 16:37:16,242,0.382529,2.571902,0.139265,0.140634,35.3212,18.9107,4.0000,0.150922,1.345258,6.962804,7.010646,7.030105,0.991115,0.983784,1.655098,0.139265,4.987960,0.977055,0.197611,0.571161,7.983244,0.172492,8.245213,0.142003,0.899568,0.161352,0.831375
2026-06-03 16:37:16,243,0.382529,2.571902,0.139265,0.140634,35.3212,18.9107,4.0000,0.150922,1.345258,6.962804,7.010646,7.030105,0.991115,0.983784,1.655098,0.139265,4.987960,0.977055,0.197611,0.571161,7.983244,0.172492,8.245213,0.142003,0.899568,0.161352,0.831375
2026-06-03 16:37:17,244,0.382529,2.571902,0.139265,0.140634,35.3212,18.9107,4.0000,0.150922,1.345258,6.962804,7.010646,7.030105,0.991115,0.983784,1.655098,0.139265,4.987960,0.977055,0.197611,0.571161,7.983244,0.172492,8.245213,0.142003,0.899568,0.161352,0.831375
2026-06-03 16:37:17,245,0.382529,2.571902,0.139265,0.140634,35.3212,18.9107,4.0000,0.150922,1.345258,6.962804,7.010646,7.030105,0.991115,0.983784,1.655098,0.139265,4.987960,0.977055,0.197611,0.571161,7.983244,0.172492,8.245213,0.142003,0.899568,0.161352,0.831375
2026-06-03 16:37:18,246,0.382529,2.571902,0.139265,0.140634,35.3212,18.9107,4.0000,0.150922,1.345258,6.962804,7.010646,7.030105,0.991115,0.983784,1.655098,0.139265,4.987960,0.977055,0.197611,0.571161,7.983244,0.172492,8.245213,0.142003,0.899568,0.161352,0.831375
2026-06-03 16:37:18,247,0.382529,2.571902,0.139265,0.140634,35.3212,18.9107,4.0000,0.150922,1.345258,6.962804,7.010646,7.030105,0.991115,0.983784,1.655098,0.139265,4.987960,0.977055,0.197611,0.571161,7.983244,0.172492,8.245213,0.142003,0.899568,0.161352,0.831375
2026-06-03 16:37:18,248,0.382529,2.571902,0.139265,0.140634,35.3212,18.9107,4.0000,0.150922,1.345258,6.962804,7.010646,7.030105,0.991115,0.983784,1.655098,0.139265,4.987960,0.977055,0.197611,0.571161,7.983244,0.172492,8.245213,0.142003,0.899568,0.161352,0.831375
2026-06-03 16:37:19,249,0.382529,2.571902,0.139265,0.140634,35.3212,18.9107,4.0000,0.150922,1.345258,6.962804,7.010646,7.030105,0.991115,0.983784,1.655098,0.139265,4.987960,0.977055,0.197611,0.571161,7.983244,0.172492,8.245213,0.142003,0.899568,0.161352,0.831375
2026-06-03 16:37:19,250,0.382529,2.571902,0.139265,0.140634,35.3212,18.9107,4.0000,0.150922,1.345258,6.962804,7.010646,7.030105,0.991115,0.983784,1.655098,0.139265,4.987960,0.977055,0.197611,0.571161,7.983244,0.172492,8.245213,0.142003,0.899568,0.161352,0.831375
2026-06-03 16:37:20,251,0.382529,2.571902,0.139265,0.140634,35.3212,18.9107,4.0000,0.150922,1.345258,6.962804,7.010646,7.030105,0.991115,0.983784,1.655098,0.139265,4.987960,0.977055,0.197611,0.571161,7.983244,0.172492,8.245213,0.142003,0.899568,0.161352,0.831375
2026-06-03 16:37:20,252,0.382529,2.571902,0.139265,0.140634,35.3212,18.9107,4.0000,0.150922,1.345258,6.962804,7.010646,7.030105,0.991115,0.983784,1.655098,0.139265,4.987960,0.977055,0.197611,0.571161,7.983244,0.172492,8.245213,0.142003,0.899568,0.161352,0.831375
2026-06-03 16:37:21,253,0.382529,2.571902,0.139265,0.140634,35.3212,18.9107,4.0000,0.150922,1.345258,6.962804,7.010646,7.030105,0.991115,0.983784,1.655098,0.139265,4.987960,0.977055,0.197611,0.571161,7.983244,0.172492,8.245213,0.142003,0.899568,0.161352,0.831375
2026-06-03 16:37:21,254,0.382529,2.571902,0.139265,0.140634,35.3212,18.9107,4.0000,0.150922,1.345258,6.962804,7.010646,7.030105,0.991115,0.983784,1.655098,0.139265,4.987960,0.977055,0.197611,0.571161,7.983244,0.172492,8.245213,0.142003,0.899568,0.161352,0.831375
2026-06-03 16:37:22,255,0.382529,2.571902,0.139265,0.140634,35.3212,18.9107,4.0000,0.150922,1.345258,6.962804,7.010646,7.030105,0.991115,0.983784,1.655098,0.139265,4.987960,0.977055,0.197611,0.571161,7.983244,0.172492,8.245213,0.142003,0.899568,0.161352,0.831375
2026-06-03 16:37:22,256,0.382529,2.571902,0.139265,0.140634,35.3212,18.9107,4.0000,0.150922,1.345258,6.962804,7.010646,7.030105,0.991115,0.983784,1.655098,0.139265,4.987960,0.977055,0.197611,0.571161,7.983244,0.172492,8.245213,0.142003,0.899568,0.161352,0.831375
2026-06-03 16:37:23,257,0.382529,2.571902,0.139265,0.140634,35.3212,18.9107,4.0000,0.150922,1.345258,6.962804,7.010646,7.030105,0.991115,0.983784,1.655098,0.139265,4.987960,0.977055,0.197611,0.571161,7.983244,0.172492,8.245213,0.142003,0.899568,0.161352,0.831375
2026-06-03 16:37:23,258,0.382529,2.571902,0.139265,0.140634,35.3212,18.9107,4.0000,0.150922,1.345258,6.962804,7.010646,7.030105,0.991115,0.983784,1.655098,0.139265,4.987960,0.977055,0.197611,0.571161,7.983244,0.172492,8.245213,0.142003,0.899568,0.161352,0.831375
2026-06-03 16:37:24,259,0.382529,2.571902,0.139265,0.140634,35.3212,18.9107,4.0000,0.150922,1.345258,6.962804,7.010646,7.030105,0.991115,0.983784,1.655098,0.139265,4.987960,0.977055,0.197611,0.571161,7.983244,0.172492,8.245213,0.142003,0.899568,0.161352,0.831375
2026-06-03 16:37:24,260,0.382529,2.571902,0.139265,0.140634,35.3212,18.9107,4.0000,0.150922,1.345258,6.962804,7.010646,7.030105,0.991115,0.983784,1.655098,0.139265,4.987960,0.977055,0.197611,0.571161,7.983244,0.172492,8.245213,0.142003,0.899568,0.161352,0.831375
2026-06-03 16:37:24,261,0.382529,2.571902,0.139265,0.140634,35.3212,18.9107,4.0000,0.150922,1.345258,6.962804,7.010646,7.030105,0.991115,0.983784,1.655098,0.139265,4.987960,0.977055,0.197611,0.571161,7.983244,0.172492,8.245213,0.142003,0.899568,0.161352,0.831375
2026-06-03 16:37:25,262,0.382529,2.571902,0.139265,0.140634,35.3212,18.9107,4.0000,0.150922,1.345258,6.962804,7.010646,7.030105,0.991115,0.983784,1.655098,0.139265,4.987960,0.977055,0.197611,0.571161,7.983244,0.172492,8.245213,0.142003,0.899568,0.161352,0.831375
2026-06-03 16:37:25,263,0.382529,2.571902,0.139265,0.140634,35.3212,18.9107,4.0000,0.150922,1.345258,6.962804,7.010646,7.030105,0.991115,0.983784,1.655098,0.139265,4.987960,0.977055,0.197611,0.571161,7.983244,0.172492,8.245213,0.142003,0.899568,0.161352,0.831375
2026-06-03 16:37:26,264,0.382529,2.571902,0.139265,0.140634,35.3212,18.9107,4.0000,0.150922,1.345258,6.962804,7.010646,7.030105,0.991115,0.983784,1.655098,0.139265,4.987960,0.977055,0.197611,0.571161,7.983244,0.172492,8.245213,0.142003,0.899568,0.161352,0.831375
2026-06-03 16:37:26,265,0.382529,2.571902,0.139265,0.140634,35.3212,18.9107,4.0000,0.150922,1.345258,6.962804,7.010646,7.030105,0.991115,0.983784,1.655098,0.139265,4.987960,0.977055,0.197611,0.571161,7.983244,0.172492,8.245213,0.142003,0.899568,0.161352,0.831375
2026-06-03 16:37:27,266,0.382529,2.571902,0.139265,0.140634,35.3212,18.9107,4.0000,0.150922,1.345258,6.962804,7.010646,7.030105,0.991115,0.983784,1.655098,0.139265,4.987960,0.977055,0.197611,0.571161,7.983244,0.172492,8.245213,0.142003,0.899568,0.161352,0.831375
2026-06-03 16:37:27,267,0.382529,2.571902,0.139265,0.140634,35.3212,18.9107,4.0000,0.150922,1.345258,6.962804,7.010646,7.030105,0.991115,0.983784,1.655098,0.139265,4.987960,0.977055,0.197611,0.571161,7.983244,0.172492,8.245213,0.142003,0.899568,0.161352,0.831375
2026-06-03 16:37:28,268,0.382529,2.571902,0.139265,0.140634,35.3212,18.9107,4.0000,0.150922,1.345258,6.962804,7.010646,7.030105,0.991115,0.983784,1.655098,0.139265,4.987960,0.977055,0.197611,0.571161,7.983244,0.172492,8.245213,0.142003,0.899568,0.161352,0.831375
2026-06-03 16:37:28,269,0.382529,2.571902,0.139265,0.140634,35.3212,18.9107,4.0000,0.150922,1.345258,6.962804,7.010646,7.030105,0.991115,0.983784,1.655098,0.139265,4.987960,0.977055,0.197611,0.571161,7.983244,0.172492,8.245213,0.142003,0.899568,0.161352,0.831375
2026-06-03 16:37:29,270,0.382529,2.571902,0.139265,0.140634,35.3212,18.9107,4.0000,0.150922,1.345258,6.962804,7.010646,7.030105,0.991115,0.983784,1.655098,0.139265,4.987960,0.977055,0.197611,0.571161,7.983244,0.172492,8.245213,0.142003,0.899568,0.161352,0.831375
2026-06-03 16:37:29,271,0.382529,2.571902,0.139265,0.140634,35.3212,18.9107,4.0000,0.150922,1.345258,6.962804,7.010646,7.030105,0.991115,0.983784,1.655098,0.139265,4.987960,0.977055,0.197611,0.571161,7.983244,0.172492,8.245213,0.142003,0.899568,0.161352,0.831375
2026-06-03 16:37:30,272,0.382529,2.571902,0.139265,0.140634,35.3212,18.9107,4.0000,0.150922,1.345258,6.962804,7.010646,7.030105,0.991115,0.983784,1.655098,0.139265,4.987960,0.977055,0.197611,0.571161,7.983244,0.172492,8.245213,0.142003,0.899568,0.161352,0.831375
2026-06-03 16:37:30,273,0.382529,2.571902,0.139265,0.140634,35.3212,18.9107,4.0000,0.150922,1.345258,6.962804,7.010646,7.030105,0.991115,0.983784,1.655098,0.139265,4.987960,0.977055,0.197611,0.571161,7.983244,0.172492,8.245213,0.142003,0.899568,0.161352,0.831375
2026-06-03 16:37:31,274,0.382529,2.571902,0.139265,0.140634,35.3212,18.9107,4.0000,0.150922,1.345258,6.962804,7.010646,7.030105,0.991115,0.983784,1.655098,0.139265,4.987960,0.977055,0.197611,0.571161,7.983244,0.172492,8.245213,0.142003,0.899568,0.161352,0.831375
2026-06-03 16:37:31,275,0.382529,2.571902,0.139265,0.140634,35.3212,18.9107,4.0000,0.150922,1.345258,6.962804,7.010646,7.030105,0.991115,0.983784,1.655098,0.139265,4.987960,0.977055,0.197611,0.571161,7.983244,0.172492,8.245213,0.142003,0.899568,0.161352,0.831375
2026-06-03 16:37:31,276,0.382529,2.571902,0.139265,0.140634,35.3212,18.9107,4.0000,0.150922,1.345258,6.962804,7.010646,7.030105,0.991115,0.983784,1.655098,0.139265,4.987960,0.977055,0.197611,0.571161,7.983244,0.172492,8.245213,0.142003,0.899568,0.161352,0.831375
2026-06-03 16:37:32,277,0.382608,2.572434,0.139294,0.141071,35.3212,18.8687,4.0000,0.150993,1.345607,6.962837,7.010702,7.030116,0.993530,0.984434,1.655278,0.139294,4.987729,0.977996,0.197661,0.572168,7.983247,0.172591,8.245229,0.142848,0.901669,0.161429,0.833328
2026-06-03 16:37:32,278,0.382608,2.572434,0.139294,0.141071,35.3212,18.8687,4.0000,0.150993,1.345607,6.962837,7.010702,7.030116,0.993530,0.984434,1.655278,0.139294,4.987729,0.977996,0.197661,0.572168,7.983247,0.172591,8.245229,0.142848,0.901669,0.161429,0.833328
2026-06-03 16:37:33,279,0.382608,2.572434,0.139294,0.141071,35.3212,18.8687,4.0000,0.150993,1.345607,6.962837,7.010702,7.030116,0.993530,0.984434,1.655278,0.139294,4.987729,0.977996,0.197661,0.572168,7.983247,0.172591,8.245229,0.142848,0.901669,0.161429,0.833328
2026-06-03 16:37:33,280,0.382608,2.572434,0.139294,0.141071,35.3212,18.8687,4.0000,0.150993,1.345607,6.962837,7.010702,7.030116,0.993530,0.984434,1.655278,0.139294,4.987729,0.977996,0.197661,0.572168,7.983247,0.172591,8.245229,0.142848,0.901669,0.161429,0.833328
2026-06-03 16:37:34,281,0.382608,2.572434,0.139294,0.141071,35.3212,18.8687,4.0000,0.150993,1.345607,6.962837,7.010702,7.030116,0.993530,0.984434,1.655278,0.139294,4.987729,0.977996,0.197661,0.572168,7.983247,0.172591,8.245229,0.142848,0.901669,0.161429,0.833328
2026-06-03 16:37:34,282,0.382608,2.572434,0.139294,0.141071,35.3212,18.8687,4.0000,0.150993,1.345607,6.962837,7.010702,7.030116,0.993530,0.984434,1.655278,0.139294,4.987729,0.977996,0.197661,0.572168,7.983247,0.172591,8.245229,0.142848,0.901669,0.161429,0.833328
2026-06-03 16:37:35,283,0.382608,2.572434,0.139294,0.141071,35.3212,18.8687,4.0000,0.150993,1.345607,6.962837,7.010702,7.030116,0.993530,0.984434,1.655278,0.139294,4.987729,0.977996,0.197661,0.572168,7.983247,0.172591,8.245229,0.142848,0.901669,0.161429,0.833328
2026-06-03 16:37:35,284,0.382608,2.572434,0.139294,0.141071,35.3212,18.8687,4.0000,0.150993,1.345607,6.962837,7.010702,7.030116,0.993530,0.984434,1.655278,0.139294,4.987729,0.977996,0.197661,0.572168,7.983247,0.172591,8.245229,0.142848,0.901669,0.161429,0.833328
2026-06-03 16:37:36,285,0.382608,2.572434,0.139294,0.141071,35.3212,18.8687,4.0000,0.150993,1.345607,6.962837,7.010702,7.030116,0.993530,0.984434,1.655278,0.139294,4.987729,0.977996,0.197661,0.572168,7.983247,0.172591,8.245229,0.142848,0.901669,0.161429,0.833328
2026-06-03 16:37:36,286,0.382608,2.572434,0.139294,0.141071,35.3212,18.8687,4.0000,0.150993,1.345607,6.962837,7.010702,7.030116,0.993530,0.984434,1.655278,0.139294,4.987729,0.977996,0.197661,0.572168,7.983247,0.172591,8.245229,0.142848,0.901669,0.161429,0.833328
2026-06-03 16:37:37,287,0.382608,2.572434,0.139294,0.141071,35.3212,18.8687,4.0000,0.150993,1.345607,6.962837,7.010702,7.030116,0.993530,0.984434,1.655278,0.139294,4.987729,0.977996,0.197661,0.572168,7.983247,0.172591,8.245229,0.142848,0.901669,0.161429,0.833328
2026-06-03 16:37:37,288,0.382608,2.572434,0.139294,0.141071,35.3212,18.8687,4.0000,0.150993,1.345607,6.962837,7.010702,7.030116,0.993530,0.984434,1.655278,0.139294,4.987729,0.977996,0.197661,0.572168,7.983247,0.172591,8.245229,0.142848,0.901669,0.161429,0.833328
2026-06-03 16:37:38,289,0.382608,2.572434,0.139294,0.141071,35.3212,18.8687,4.0000,0.150993,1.345607,6.962837,7.010702,7.030116,0.993530,0.984434,1.655278,0.139294,4.987729,0.977996,0.197661,0.572168,7.983247,0.172591,8.245229,0.142848,0.901669,0.161429,0.833328
2026-06-03 16:37:38,290,0.382608,2.572434,0.139294,0.141071,35.3212,18.8687,4.0000,0.150993,1.345607,6.962837,7.010702,7.030116,0.993530,0.984434,1.655278,0.139294,4.987729,0.977996,0.197661,0.572168,7.983247,0.172591,8.245229,0.142848,0.901669,0.161429,0.833328
2026-06-03 16:37:39,291,0.382608,2.572434,0.139294,0.141071,35.3212,18.8687,4.0000,0.150993,1.345607,6.962837,7.010702,7.030116,0.993530,0.984434,1.655278,0.139294,4.987729,0.977996,0.197661,0.572168,7.983247,0.172591,8.245229,0.142848,0.901669,0.161429,0.833328
2026-06-03 16:37:39,292,0.382608,2.572434,0.139294,0.141071,35.3212,18.8687,4.0000,0.150993,1.345607,6.962837,7.010702,7.030116,0.993530,0.984434,1.655278,0.139294,4.987729,0.977996,0.197661,0.572168,7.983247,0.172591,8.245229,0.142848,0.901669,0.161429,0.833328
2026-06-03 16:37:39,293,0.382608,2.572434,0.139294,0.141071,35.3212,18.8687,4.0000,0.150993,1.345607,6.962837,7.010702,7.030116,0.993530,0.984434,1.655278,0.139294,4.987729,0.977996,0.197661,0.572168,7.983247,0.172591,8.245229,0.142848,0.901669,0.161429,0.833328
2026-06-03 16:37:40,294,0.382608,2.572434,0.139294,0.141071,35.3212,18.8687,4.0000,0.150993,1.345607,6.962837,7.010702,7.030116,0.993530,0.984434,1.655278,0.139294,4.987729,0.977996,0.197661,0.572168,7.983247,0.172591,8.245229,0.142848,0.901669,0.161429,0.833328
2026-06-03 16:37:40,295,0.382608,2.572434,0.139294,0.141071,35.3212,18.8687,4.0000,0.150993,1.345607,6.962837,7.010702,7.030116,0.993530,0.984434,1.655278,0.139294,4.987729,0.977996,0.197661,0.572168,7.983247,0.172591,8.245229,0.142848,0.901669,0.161429,0.833328
2026-06-03 16:37:41,296,0.382608,2.572434,0.139294,0.141071,35.3212,18.8687,4.0000,0.150993,1.345607,6.962837,7.010702,7.030116,0.993530,0.984434,1.655278,0.139294,4.987729,0.977996,0.197661,0.572168,7.983247,0.172591,8.245229,0.142848,0.901669,0.161429,0.833328
2026-06-03 16:37:41,297,0.382608,2.572434,0.139294,0.141071,35.3212,18.8687,4.0000,0.150993,1.345607,6.962837,7.010702,7.030116,0.993530,0.984434,1.655278,0.139294,4.987729,0.977996,0.197661,0.572168,7.983247,0.172591,8.245229,0.142848,0.901669,0.161429,0.833328
2026-06-03 16:37:42,298,0.382608,2.572434,0.139294,0.141071,35.3212,18.8687,4.0000,0.150993,1.345607,6.962837,7.010702,7.030116,0.993530,0.984434,1.655278,0.139294,4.987729,0.977996,0.197661,0.572168,7.983247,0.172591,8.245229,0.142848,0.901669,0.161429,0.833328
2026-06-03 16:37:42,299,0.382608,2.572434,0.139294,0.141071,35.3212,18.8687,4.0000,0.150993,1.345607,6.962837,7.010702,7.030116,0.993530,0.984434,1.655278,0.139294,4.987729,0.977996,0.197661,0.572168,7.983247,0.172591,8.245229,0.142848,0.901669,0.161429,0.833328
2026-06-03 16:37:43,300,0.382608,2.572434,0.139294,0.141071,35.3212,18.8687,4.0000,0.150993,1.345607,6.962837,7.010702,7.030116,0.993530,0.984434,1.655278,0.139294,4.987729,0.977996,0.197661,0.572168,7.983247,0.172591,8.245229,0.142848,0.901669,0.161429,0.833328
2026-06-03 16:37:43,301,0.382608,2.572434,0.139294,0.141071,35.3212,18.8687,4.0000,0.150993,1.345607,6.962837,7.010702,7.030116,0.993530,0.984434,1.655278,0.139294,4.987729,0.977996,0.197661,0.572168,7.983247,0.172591,8.245229,0.142848,0.901669,0.161429,0.833328
2026-06-03 16:37:44,302,0.382608,2.572434,0.139294,0.141071,35.3212,18.8687,4.0000,0.150993,1.345607,6.962837,7.010702,7.030116,0.993530,0.984434,1.655278,0.139294,4.987729,0.977996,0.197661,0.572168,7.983247,0.172591,8.245229,0.142848,0.901669,0.161429,0.833328
2026-06-03 16:37:44,303,0.382608,2.572434,0.139294,0.141071,35.3212,18.8687,4.0000,0.150993,1.345607,6.962837,7.010702,7.030116,0.993530,0.984434,1.655278,0.139294,4.987729,0.977996,0.197661,0.572168,7.983247,0.172591,8.245229,0.142848,0.901669,0.161429,0.833328
2026-06-03 16:37:45,304,0.382608,2.572434,0.139294,0.141071,35.3212,18.8687,4.0000,0.150993,1.345607,6.962837,7.010702,7.030116,0.993530,0.984434,1.655278,0.139294,4.987729,0.977996,0.197661,0.572168,7.983247,0.172591,8.245229,0.142848,0.901669,0.161429,0.833328
2026-06-03 16:37:45,305,0.382608,2.572434,0.139294,0.141071,35.3212,18.8687,4.0000,0.150993,1.345607,6.962837,7.010702,7.030116,0.993530,0.984434,1.655278,0.139294,4.987729,0.977996,0.197661,0.572168,7.983247,0.172591,8.245229,0.142848,0.901669,0.161429,0.833328
2026-06-03 16:37:46,306,0.382608,2.572434,0.139294,0.141071,35.3212,18.8687,4.0000,0.150993,1.345607,6.962837,7.010702,7.030116,0.993530,0.984434,1.655278,0.139294,4.987729,0.977996,0.197661,0.572168,7.983247,0.172591,8.245229,0.142848,0.901669,0.161429,0.833328
2026-06-03 16:37:46,307,0.382608,2.572434,0.139294,0.141071,35.3212,18.8687,4.0000,0.150993,1.345607,6.962837,7.010702,7.030116,0.993530,0.984434,1.655278,0.139294,4.987729,0.977996,0.197661,0.572168,7.983247,0.172591,8.245229,0.142848,0.901669,0.161429,0.833328
2026-06-03 16:37:47,308,0.382608,2.572434,0.139294,0.141071,35.3212,18.8687,4.0000,0.150993,1.345607,6.962837,7.010702,7.030116,0.993530,0.984434,1.655278,0.139294,4.987729,0.977996,0.197661,0.572168,7.983247,0.172591,8.245229,0.142848,0.901669,0.161429,0.833328
2026-06-03 16:37:47,309,0.382608,2.572434,0.139294,0.141071,35.3212,18.8687,4.0000,0.150993,1.345607,6.962837,7.010702,7.030116,0.993530,0.984434,1.655278,0.139294,4.987729,0.977996,0.197661,0.572168,7.983247,0.172591,8.245229,0.142848,0.901669,0.161429,0.833328
2026-06-03 16:37:48,310,0.382608,2.572434,0.139294,0.141071,35.3212,18.8687,4.0000,0.150993,1.345607,6.962837,7.010702,7.030116,0.993530,0.984434,1.655278,0.139294,4.987729,0.977996,0.197661,0.572168,7.983247,0.172591,8.245229,0.142848,0.901669,0.161429,0.833328
2026-06-03 16:37:48,311,0.382608,2.572434,0.139294,0.141071,35.3212,18.8687,4.0000,0.150993,1.345607,6.962837,7.010702,7.030116,0.993530,0.984434,1.655278,0.139294,4.987729,0.977996,0.197661,0.572168,7.983247,0.172591,8.245229,0.142848,0.901669,0.161429,0.833328
2026-06-03 16:37:48,312,0.382608,2.572434,0.139294,0.141071,35.3212,18.8687,4.0000,0.150993,1.345607,6.962837,7.010702,7.030116,0.993530,0.984434,1.655278,0.139294,4.987729,0.977996,0.197661,0.572168,7.983247,0.172591,8.245229,0.142848,0.901669,0.161429,0.833328
2026-06-03 16:37:49,313,0.382608,2.572434,0.139294,0.141071,35.3212,18.8687,4.0000,0.150993,1.345607,6.962837,7.010702,7.030116,0.993530,0.984434,1.655278,0.139294,4.987729,0.977996,0.197661,0.572168,7.983247,0.172591,8.245229,0.142848,0.901669,0.161429,0.833328
2026-06-03 16:37:49,314,0.382608,2.572434,0.139294,0.141071,35.3212,18.8687,4.0000,0.150993,1.345607,6.962837,7.010702,7.030116,0.993530,0.984434,1.655278,0.139294,4.987729,0.977996,0.197661,0.572168,7.983247,0.172591,8.245229,0.142848,0.901669,0.161429,0.833328
2026-06-03 16:37:50,315,0.382608,2.572434,0.139294,0.141071,35.3212,18.8687,4.0000,0.150993,1.345607,6.962837,7.010702,7.030116,0.993530,0.984434,1.655278,0.139294,4.987729,0.977996,0.197661,0.572168,7.983247,0.172591,8.245229,0.142848,0.901669,0.161429,0.833328
2026-06-03 16:37:50,316,0.382608,2.572434,0.139294,0.141071,35.3212,18.8687,4.0000,0.150993,1.345607,6.962837,7.010702,7.030116,0.993530,0.984434,1.655278,0.139294,4.987729,0.977996,0.197661,0.572168,7.983247,0.172591,8.245229,0.142848,0.901669,0.161429,0.833328
2026-06-03 16:37:51,317,0.382608,2.572434,0.139294,0.141071,35.3212,18.8687,4.0000,0.150993,1.345607,6.962837,7.010702,7.030116,0.993530,0.984434,1.655278,0.139294,4.987729,0.977996,0.197661,0.572168,7.983247,0.172591,8.245229,0.142848,0.901669,0.161429,0.833328
2026-06-03 16:37:51,318,0.382608,2.572434,0.139294,0.141071,35.3212,18.8687,4.0000,0.150993,1.345607,6.962837,7.010702,7.030116,0.993530,0.984434,1.655278,0.139294,4.987729,0.977996,0.197661,0.572168,7.983247,0.172591,8.245229,0.142848,0.901669,0.161429,0.833328
2026-06-03 16:37:52,319,0.382608,2.572434,0.139294,0.141071,35.3212,18.8687,4.0000,0.150993,1.345607,6.962837,7.010702,7.030116,0.993530,0.984434,1.655278,0.139294,4.987729,0.977996,0.197661,0.572168,7.983247,0.172591,8.245229,0.142848,0.901669,0.161429,0.833328
2026-06-03 16:37:52,320,0.382608,2.572434,0.139294,0.141071,35.3212,18.8687,4.0000,0.150993,1.345607,6.962837,7.010702,7.030116,0.993530,0.984434,1.655278,0.139294,4.987729,0.977996,0.197661,0.572168,7.983247,0.172591,8.245229,0.142848,0.901669,0.161429,0.833328
2026-06-03 16:37:53,321,0.382608,2.572434,0.139294,0.141071,35.3212,18.8687,4.0000,0.150993,1.345607,6.962837,7.010702,7.030116,0.993530,0.984434,1.655278,0.139294,4.987729,0.977996,0.197661,0.572168,7.983247,0.172591,8.245229,0.142848,0.901669,0.161429,0.833328
2026-06-03 16:37:53,322,0.382608,2.572434,0.139294,0.141071,35.3212,18.8687,4.0000,0.150993,1.345607,6.962837,7.010702,7.030116,0.993530,0.984434,1.655278,0.139294,4.987729,0.977996,0.197661,0.572168,7.983247,0.172591,8.245229,0.142848,0.901669,0.161429,0.833328
2026-06-03 16:37:53,323,0.382608,2.572434,0.139294,0.141071,35.3212,18.8687,4.0000,0.150993,1.345607,6.962837,7.010702,7.030116,0.993530,0.984434,1.655278,0.139294,4.987729,0.977996,0.197661,0.572168,7.983247,0.172591,8.245229,0.142848,0.901669,0.161429,0.833328
2026-06-03 16:37:54,324,0.382608,2.572434,0.139294,0.141071,35.3212,18.8687,4.0000,0.150993,1.345607,6.962837,7.010702,7.030116,0.993530,0.984434,1.655278,0.139294,4.987729,0.977996,0.197661,0.572168,7.983247,0.172591,8.245229,0.142848,0.901669,0.161429,0.833328
2026-06-03 16:37:54,325,0.382608,2.572434,0.139294,0.141071,35.3212,18.8687,4.0000,0.150993,1.345607,6.962837,7.010702,7.030116,0.993530,0.984434,1.655278,0.139294,4.987729,0.977996,0.197661,0.572168,7.983247,0.172591,8.245229,0.142848,0.901669,0.161429,0.833328
2026-06-03 16:37:55,326,0.382608,2.572434,0.139294,0.141071,35.3212,18.8687,4.0000,0.150993,1.345607,6.962837,7.010702,7.030116,0.993530,0.984434,1.655278,0.139294,4.987729,0.977996,0.197661,0.572168,7.983247,0.172591,8.245229,0.142848,0.901669,0.161429,0.833328
2026-06-03 16:37:55,327,0.382608,2.572434,0.139294,0.141071,35.3212,18.8687,4.0000,0.150993,1.345607,6.962837,7.010702,7.030116,0.993530,0.984434,1.655278,0.139294,4.987729,0.977996,0.197661,0.572168,7.983247,0.172591,8.245229,0.142848,0.901669,0.161429,0.833328
2026-06-03 16:37:56,328,0.382608,2.572434,0.139294,0.141071,35.3212,18.8687,4.0000,0.150993,1.345607,6.962837,7.010702,7.030116,0.993530,0.984434,1.655278,0.139294,4.987729,0.977996,0.197661,0.572168,7.983247,0.172591,8.245229,0.142848,0.901669,0.161429,0.833328
2026-06-03 16:37:56,329,0.382608,2.572434,0.139294,0.141071,35.3212,18.8687,4.0000,0.150993,1.345607,6.962837,7.010702,7.030116,0.993530,0.984434,1.655278,0.139294,4.987729,0.977996,0.197661,0.572168,7.983247,0.172591,8.245229,0.142848,0.901669,0.161429,0.833328
2026-06-03 16:37:57,330,0.382608,2.572434,0.139294,0.141071,35.3212,18.8687,4.0000,0.150993,1.345607,6.962837,7.010702,7.030116,0.993530,0.984434,1.655278,0.139294,4.987729,0.977996,0.197661,0.572168,7.983247,0.172591,8.245229,0.142848,0.901669,0.161429,0.833328
2026-06-03 16:37:57,331,0.382608,2.572434,0.139294,0.141071,35.3212,18.8687,4.0000,0.150993,1.345607,6.962837,7.010702,7.030116,0.993530,0.984434,1.655278,0.139294,4.987729,0.977996,0.197661,0.572168,7.983247,0.172591,8.245229,0.142848,0.901669,0.161429,0.833328
2026-06-03 16:37:58,332,0.382608,2.572434,0.139294,0.141071,35.3212,18.8687,4.0000,0.150993,1.345607,6.962837,7.010702,7.030116,0.993530,0.984434,1.655278,0.139294,4.987729,0.977996,0.197661,0.572168,7.983247,0.172591,8.245229,0.142848,0.901669,0.161429,0.833328
2026-06-03 16:37:58,333,0.382608,2.572434,0.139294,0.141071,35.3212,18.8687,4.0000,0.150993,1.345607,6.962837,7.010702,7.030116,0.993530,0.984434,1.655278,0.139294,4.987729,0.977996,0.197661,0.572168,7.983247,0.172591,8.245229,0.142848,0.901669,0.161429,0.833328
2026-06-03 16:37:59,334,0.382608,2.572434,0.139294,0.141071,35.3212,18.8687,4.0000,0.150993,1.345607,6.962837,7.010702,7.030116,0.993530,0.984434,1.655278,0.139294,4.987729,0.977996,0.197661,0.572168,7.983247,0.172591,8.245229,0.142848,0.901669,0.161429,0.833328
2026-06-03 16:37:59,335,0.382608,2.572434,0.139294,0.141071,35.3212,18.8687,4.0000,0.150993,1.345607,6.962837,7.010702,7.030116,0.993530,0.984434,1.655278,0.139294,4.987729,0.977996,0.197661,0.572168,7.983247,0.172591,8.245229,0.142848,0.901669,0.161429,0.833328
2026-06-03 16:38:00,336,0.382608,2.572434,0.139294,0.141071,35.3212,18.8687,4.0000,0.150993,1.345607,6.962837,7.010702,7.030116,0.993530,0.984434,1.655278,0.139294,4.987729,0.977996,0.197661,0.572168,7.983247,0.172591,8.245229,0.142848,0.901669,0.161429,0.833328
2026-06-03 16:38:00,337,0.382608,2.572434,0.139294,0.141071,35.3212,18.8687,4.0000,0.150993,1.345607,6.962837,7.010702,7.030116,0.993530,0.984434,1.655278,0.139294,4.987729,0.977996,0.197661,0.572168,7.983247,0.172591,8.245229,0.142848,0.901669,0.161429,0.833328
2026-06-03 16:38:00,338,0.382608,2.572434,0.139294,0.141071,35.3212,18.8687,4.0000,0.150993,1.345607,6.962837,7.010702,7.030116,0.993530,0.984434,1.655278,0.139294,4.987729,0.977996,0.197661,0.572168,7.983247,0.172591,8.245229,0.142848,0.901669,0.161429,0.833328
2026-06-03 16:38:01,339,0.382608,2.572434,0.139294,0.141071,35.3212,18.8687,4.0000,0.150993,1.345607,6.962837,7.010702,7.030116,0.993530,0.984434,1.655278,0.139294,4.987729,0.977996,0.197661,0.572168,7.983247,0.172591,8.245229,0.142848,0.901669,0.161429,0.833328
2026-06-03 16:38:01,340,0.382608,2.572434,0.139294,0.141071,35.3212,18.8687,4.0000,0.150993,1.345607,6.962837,7.010702,7.030116,0.993530,0.984434,1.655278,0.139294,4.987729,0.977996,0.197661,0.572168,7.983247,0.172591,8.245229,0.142848,0.901669,0.161429,0.833328
2026-06-03 16:38:02,341,0.382608,2.572434,0.139294,0.141071,35.3212,18.8687,4.0000,0.150993,1.345607,6.962837,7.010702,7.030116,0.993530,0.984434,1.655278,0.139294,4.987729,0.977996,0.197661,0.572168,7.983247,0.172591,8.245229,0.142848,0.901669,0.161429,0.833328
2026-06-03 16:38:02,342,0.382608,2.572434,0.139294,0.141071,35.3212,18.8687,4.0000,0.150993,1.345607,6.962837,7.010702,7.030116,0.993530,0.984434,1.655278,0.139294,4.987729,0.977996,0.197661,0.572168,7.983247,0.172591,8.245229,0.142848,0.901669,0.161429,0.833328
2026-06-03 16:38:03,343,0.382608,2.572434,0.139294,0.141071,35.3212,18.8687,4.0000,0.150993,1.345607,6.962837,7.010702,7.030116,0.993530,0.984434,1.655278,0.139294,4.987729,0.977996,0.197661,0.572168,7.983247,0.172591,8.245229,0.142848,0.901669,0.161429,0.833328
2026-06-03 16:38:03,344,0.382608,2.572434,0.139294,0.141071,35.3212,18.8687,4.0000,0.150993,1.345607,6.962837,7.010702,7.030116,0.993530,0.984434,1.655278,0.139294,4.987729,0.977996,0.197661,0.572168,7.983247,0.172591,8.245229,0.142848,0.901669,0.161429,0.833328
2026-06-03 16:38:04,345,0.382608,2.572434,0.139294,0.141071,35.3212,18.8687,4.0000,0.150993,1.345607,6.962837,7.010702,7.030116,0.993530,0.984434,1.655278,0.139294,4.987729,0.977996,0.197661,0.572168,7.983247,0.172591,8.245229,0.142848,0.901669,0.161429,0.833328
2026-06-03 16:38:04,346,0.382608,2.572434,0.139294,0.141071,35.3212,18.8687,4.0000,0.150993,1.345607,6.962837,7.010702,7.030116,0.993530,0.984434,1.655278,0.139294,4.987729,0.977996,0.197661,0.572168,7.983247,0.172591,8.245229,0.142848,0.901669,0.161429,0.833328
2026-06-03 16:38:05,347,0.382608,2.572434,0.139294,0.141071,35.3212,18.8687,4.0000,0.150993,1.345607,6.962837,7.010702,7.030116,0.993530,0.984434,1.655278,0.139294,4.987729,0.977996,0.197661,0.572168,7.983247,0.172591,8.245229,0.142848,0.901669,0.161429,0.833328
2026-06-03 16:38:05,348,0.382608,2.572434,0.139294,0.141071,35.3212,18.8687,4.0000,0.150993,1.345607,6.962837,7.010702,7.030116,0.993530,0.984434,1.655278,0.139294,4.987729,0.977996,0.197661,0.572168,7.983247,0.172591,8.245229,0.142848,0.901669,0.161429,0.833328
2026-06-03 16:38:06,349,0.382608,2.572434,0.139294,0.141071,35.3212,18.8687,4.0000,0.150993,1.345607,6.962837,7.010702,7.030116,0.993530,0.984434,1.655278,0.139294,4.987729,0.977996,0.197661,0.572168,7.983247,0.172591,8.245229,0.142848,0.901669,0.161429,0.833328
2026-06-03 16:38:06,350,0.382608,2.572434,0.139294,0.141071,35.3212,18.8687,4.0000,0.150993,1.345607,6.962837,7.010702,7.030116,0.993530,0.984434,1.655278,0.139294,4.987729,0.977996,0.197661,0.572168,7.983247,0.172591,8.245229,0.142848,0.901669,0.161429,0.833328
2026-06-03 16:38:06,351,0.382608,2.572434,0.139294,0.141071,35.3212,18.8687,4.0000,0.150993,1.345607,6.962837,7.010702,7.030116,0.993530,0.984434,1.655278,0.139294,4.987729,0.977996,0.197661,0.572168,7.983247,0.172591,8.245229,0.142848,0.901669,0.161429,0.833328
2026-06-03 16:38:07,352,0.382608,2.572434,0.139294,0.141071,35.3212,18.8687,4.0000,0.150993,1.345607,6.962837,7.010702,7.030116,0.993530,0.984434,1.655278,0.139294,4.987729,0.977996,0.197661,0.572168,7.983247,0.172591,8.245229,0.142848,0.901669,0.161429,0.833328
2026-06-03 16:38:07,353,0.382608,2.572434,0.139294,0.141071,35.3212,18.8687,4.0000,0.150993,1.345607,6.962837,7.010702,7.030116,0.993530,0.984434,1.655278,0.139294,4.987729,0.977996,0.197661,0.572168,7.983247,0.172591,8.245229,0.142848,0.901669,0.161429,0.833328
2026-06-03 16:38:08,354,0.382608,2.572434,0.139294,0.141071,35.3212,18.8687,4.0000,0.150993,1.345607,6.962837,7.010702,7.030116,0.993530,0.984434,1.655278,0.139294,4.987729,0.977996,0.197661,0.572168,7.983247,0.172591,8.245229,0.142848,0.901669,0.161429,0.833328
2026-06-03 16:38:08,355,0.382608,2.572434,0.139294,0.141071,35.3212,18.8687,4.0000,0.150993,1.345607,6.962837,7.010702,7.030116,0.993530,0.984434,1.655278,0.139294,4.987729,0.977996,0.197661,0.572168,7.983247,0.172591,8.245229,0.142848,0.901669,0.161429,0.833328
2026-06-03 16:38:09,356,0.382608,2.572434,0.139294,0.141071,35.3212,18.8687,4.0000,0.150993,1.345607,6.962837,7.010702,7.030116,0.993530,0.984434,1.655278,0.139294,4.987729,0.977996,0.197661,0.572168,7.983247,0.172591,8.245229,0.142848,0.901669,0.161429,0.833328
2026-06-03 16:38:09,357,0.382608,2.572434,0.139294,0.141071,35.3212,18.8687,4.0000,0.150993,1.345607,6.962837,7.010702,7.030116,0.993530,0.984434,1.655278,0.139294,4.987729,0.977996,0.197661,0.572168,7.983247,0.172591,8.245229,0.142848,0.901669,0.161429,0.833328
2026-06-03 16:38:10,358,0.382608,2.572434,0.139294,0.141071,35.3212,18.8687,4.0000,0.150993,1.345607,6.962837,7.010702,7.030116,0.993530,0.984434,1.655278,0.139294,4.987729,0.977996,0.197661,0.572168,7.983247,0.172591,8.245229,0.142848,0.901669,0.161429,0.833328
2026-06-03 16:38:10,359,0.382608,2.572434,0.139294,0.141071,35.3212,18.8687,4.0000,0.150993,1.345607,6.962837,7.010702,7.030116,0.993530,0.984434,1.655278,0.139294,4.987729,0.977996,0.197661,0.572168,7.983247,0.172591,8.245229,0.142848,0.901669,0.161429,0.833328
2026-06-03 16:38:11,360,0.382608,2.572434,0.139294,0.141071,35.3212,18.8687,4.0000,0.150993,1.345607,6.962837,7.010702,7.030116,0.993530,0.984434,1.655278,0.139294,4.987729,0.977996,0.197661,0.572168,7.983247,0.172591,8.245229,0.142848,0.901669,0.161429,0.833328
2026-06-03 16:38:11,361,0.382608,2.572434,0.139294,0.141071,35.3212,18.8687,4.0000,0.150993,1.345607,6.962837,7.010702,7.030116,0.993530,0.984434,1.655278,0.139294,4.987729,0.977996,0.197661,0.572168,7.983247,0.172591,8.245229,0.142848,0.901669,0.161429,0.833328
2026-06-03 16:38:11,362,0.382608,2.572434,0.139294,0.141071,35.3212,18.8687,4.0000,0.150993,1.345607,6.962837,7.010702,7.030116,0.993530,0.984434,1.655278,0.139294,4.987729,0.977996,0.197661,0.572168,7.983247,0.172591,8.245229,0.142848,0.901669,0.161429,0.833328
2026-06-03 16:38:12,363,0.382608,2.572434,0.139294,0.141071,35.3212,18.8687,4.0000,0.150993,1.345607,6.962837,7.010702,7.030116,0.993530,0.984434,1.655278,0.139294,4.987729,0.977996,0.197661,0.572168,7.983247,0.172591,8.245229,0.142848,0.901669,0.161429,0.833328
2026-06-03 16:38:12,364,0.382608,2.572434,0.139294,0.141071,35.3212,18.8687,4.0000,0.150993,1.345607,6.962837,7.010702,7.030116,0.993530,0.984434,1.655278,0.139294,4.987729,0.977996,0.197661,0.572168,7.983247,0.172591,8.245229,0.142848,0.901669,0.161429,0.833328
2026-06-03 16:38:13,365,0.382608,2.572434,0.139294,0.141071,35.3212,18.8687,4.0000,0.150993,1.345607,6.962837,7.010702,7.030116,0.993530,0.984434,1.655278,0.139294,4.987729,0.977996,0.197661,0.572168,7.983247,0.172591,8.245229,0.142848,0.901669,0.161429,0.833328
2026-06-03 16:38:13,366,0.382608,2.572434,0.139294,0.141071,35.3212,18.8687,4.0000,0.150993,1.345607,6.962837,7.010702,7.030116,0.993530,0.984434,1.655278,0.139294,4.987729,0.977996,0.197661,0.572168,7.983247,0.172591,8.245229,0.142848,0.901669,0.161429,0.833328
2026-06-03 16:38:14,367,0.382608,2.572434,0.139294,0.141071,35.3212,18.8687,4.0000,0.150993,1.345607,6.962837,7.010702,7.030116,0.993530,0.984434,1.655278,0.139294,4.987729,0.977996,0.197661,0.572168,7.983247,0.172591,8.245229,0.142848,0.901669,0.161429,0.833328
2026-06-03 16:38:14,368,0.382608,2.572434,0.139294,0.141071,35.3212,18.8687,4.0000,0.150993,1.345607,6.962837,7.010702,7.030116,0.993530,0.984434,1.655278,0.139294,4.987729,0.977996,0.197661,0.572168,7.983247,0.172591,8.245229,0.142848,0.901669,0.161429,0.833328
2026-06-03 16:38:15,369,0.382608,2.572434,0.139294,0.141071,35.3212,18.8687,4.0000,0.150993,1.345607,6.962837,7.010702,7.030116,0.993530,0.984434,1.655278,0.139294,4.987729,0.977996,0.197661,0.572168,7.983247,0.172591,8.245229,0.142848,0.901669,0.161429,0.833328
2026-06-03 16:38:15,370,0.382608,2.572434,0.139294,0.141071,35.3212,18.8687,4.0000,0.150993,1.345607,6.962837,7.010702,7.030116,0.993530,0.984434,1.655278,0.139294,4.987729,0.977996,0.197661,0.572168,7.983247,0.172591,8.245229,0.142848,0.901669,0.161429,0.833328
2026-06-03 16:38:16,371,0.382608,2.572434,0.139294,0.141071,35.3212,18.8687,4.0000,0.150993,1.345607,6.962837,7.010702,7.030116,0.993530,0.984434,1.655278,0.139294,4.987729,0.977996,0.197661,0.572168,7.983247,0.172591,8.245229,0.142848,0.901669,0.161429,0.833328
2026-06-03 16:38:16,372,0.382608,2.572434,0.139294,0.141071,35.3212,18.8687,4.0000,0.150993,1.345607,6.962837,7.010702,7.030116,0.993530,0.984434,1.655278,0.139294,4.987729,0.977996,0.197661,0.572168,7.983247,0.172591,8.245229,0.142848,0.901669,0.161429,0.833328
2026-06-03 16:38:17,373,0.382608,2.572434,0.139294,0.141071,35.3212,18.8687,4.0000,0.150993,1.345607,6.962837,7.010702,7.030116,0.993530,0.984434,1.655278,0.139294,4.987729,0.977996,0.197661,0.572168,7.983247,0.172591,8.245229,0.142848,0.901669,0.161429,0.833328
2026-06-03 16:38:17,374,0.382608,2.572434,0.139294,0.141071,35.3212,18.8687,4.0000,0.150993,1.345607,6.962837,7.010702,7.030116,0.993530,0.984434,1.655278,0.139294,4.987729,0.977996,0.197661,0.572168,7.983247,0.172591,8.245229,0.142848,0.901669,0.161429,0.833328
2026-06-03 16:38:18,375,0.382608,2.572434,0.139294,0.141071,35.3212,18.8687,4.0000,0.150993,1.345607,6.962837,7.010702,7.030116,0.993530,0.984434,1.655278,0.139294,4.987729,0.977996,0.197661,0.572168,7.983247,0.172591,8.245229,0.142848,0.901669,0.161429,0.833328
2026-06-03 16:38:18,376,0.382608,2.572434,0.139294,0.141071,35.3212,18.8687,4.0000,0.150993,1.345607,6.962837,7.010702,7.030116,0.993530,0.984434,1.655278,0.139294,4.987729,0.977996,0.197661,0.572168,7.983247,0.172591,8.245229,0.142848,0.901669,0.161429,0.833328
2026-06-03 16:38:18,377,0.382608,2.572434,0.139294,0.141071,35.3212,18.8687,4.0000,0.150993,1.345607,6.962837,7.010702,7.030116,0.993530,0.984434,1.655278,0.139294,4.987729,0.977996,0.197661,0.572168,7.983247,0.172591,8.245229,0.142848,0.901669,0.161429,0.833328
2026-06-03 16:38:19,378,0.382608,2.572434,0.139294,0.141071,35.3212,18.8687,4.0000,0.150993,1.345607,6.962837,7.010702,7.030116,0.993530,0.984434,1.655278,0.139294,4.987729,0.977996,0.197661,0.572168,7.983247,0.172591,8.245229,0.142848,0.901669,0.161429,0.833328
2026-06-03 16:38:19,379,0.382608,2.572434,0.139294,0.141071,35.3212,18.8687,4.0000,0.150993,1.345607,6.962837,7.010702,7.030116,0.993530,0.984434,1.655278,0.139294,4.987729,0.977996,0.197661,0.572168,7.983247,0.172591,8.245229,0.142848,0.901669,0.161429,0.833328
2026-06-03 16:38:20,380,0.382608,2.572434,0.139294,0.141071,35.3212,18.8687,4.0000,0.150993,1.345607,6.962837,7.010702,7.030116,0.993530,0.984434,1.655278,0.139294,4.987729,0.977996,0.197661,0.572168,7.983247,0.172591,8.245229,0.142848,0.901669,0.161429,0.833328
2026-06-03 16:38:20,381,0.382608,2.572434,0.139294,0.141071,35.3212,18.8687,4.0000,0.150993,1.345607,6.962837,7.010702,7.030116,0.993530,0.984434,1.655278,0.139294,4.987729,0.977996,0.197661,0.572168,7.983247,0.172591,8.245229,0.142848,0.901669,0.161429,0.833328
2026-06-03 16:38:21,382,0.382608,2.572434,0.139294,0.141071,35.3212,18.8687,4.0000,0.150993,1.345607,6.962837,7.010702,7.030116,0.993530,0.984434,1.655278,0.139294,4.987729,0.977996,0.197661,0.572168,7.983247,0.172591,8.245229,0.142848,0.901669,0.161429,0.833328
2026-06-03 16:38:21,383,0.382608,2.572434,0.139294,0.141071,35.3212,18.8687,4.0000,0.150993,1.345607,6.962837,7.010702,7.030116,0.993530,0.984434,1.655278,0.139294,4.987729,0.977996,0.197661,0.572168,7.983247,0.172591,8.245229,0.142848,0.901669,0.161429,0.833328
2026-06-03 16:38:22,384,0.382608,2.572434,0.139294,0.141071,35.3212,18.8687,4.0000,0.150993,1.345607,6.962837,7.010702,7.030116,0.993530,0.984434,1.655278,0.139294,4.987729,0.977996,0.197661,0.572168,7.983247,0.172591,8.245229,0.142848,0.901669,0.161429,0.833328
2026-06-03 16:38:22,385,0.382608,2.572434,0.139294,0.141071,35.3212,18.8687,4.0000,0.150993,1.345607,6.962837,7.010702,7.030116,0.993530,0.984434,1.655278,0.139294,4.987729,0.977996,0.197661,0.572168,7.983247,0.172591,8.245229,0.142848,0.901669,0.161429,0.833328
2026-06-03 16:38:23,386,0.382608,2.572434,0.139294,0.141071,35.3212,18.8687,4.0000,0.150993,1.345607,6.962837,7.010702,7.030116,0.993530,0.984434,1.655278,0.139294,4.987729,0.977996,0.197661,0.572168,7.983247,0.172591,8.245229,0.142848,0.901669,0.161429,0.833328
2026-06-03 16:38:23,387,0.382608,2.572434,0.139294,0.141071,35.3212,18.8687,4.0000,0.150993,1.345607,6.962837,7.010702,7.030116,0.993530,0.984434,1.655278,0.139294,4.987729,0.977996,0.197661,0.572168,7.983247,0.172591,8.245229,0.142848,0.901669,0.161429,0.833328
2026-06-03 16:38:24,388,0.382608,2.572434,0.139294,0.141071,35.3212,18.8687,4.0000,0.150993,1.345607,6.962837,7.010702,7.030116,0.993530,0.984434,1.655278,0.139294,4.987729,0.977996,0.197661,0.572168,7.983247,0.172591,8.245229,0.142848,0.901669,0.161429,0.833328
2026-06-03 16:38:24,389,0.382608,2.572434,0.139294,0.141071,35.3212,18.8687,4.0000,0.150993,1.345607,6.962837,7.010702,7.030116,0.993530,0.984434,1.655278,0.139294,4.987729,0.977996,0.197661,0.572168,7.983247,0.172591,8.245229,0.142848,0.901669,0.161429,0.833328
2026-06-03 16:38:24,390,0.382608,2.572434,0.139294,0.141071,35.3212,18.8687,4.0000,0.150993,1.345607,6.962837,7.010702,7.030116,0.993530,0.984434,1.655278,0.139294,4.987729,0.977996,0.197661,0.572168,7.983247,0.172591,8.245229,0.142848,0.901669,0.161429,0.833328
2026-06-03 16:38:25,391,0.382608,2.572434,0.139294,0.141071,35.3212,18.8687,4.0000,0.150993,1.345607,6.962837,7.010702,7.030116,0.993530,0.984434,1.655278,0.139294,4.987729,0.977996,0.197661,0.572168,7.983247,0.172591,8.245229,0.142848,0.901669,0.161429,0.833328
2026-06-03 16:38:25,392,0.382608,2.572434,0.139294,0.141071,35.3212,18.8687,4.0000,0.150993,1.345607,6.962837,7.010702,7.030116,0.993530,0.984434,1.655278,0.139294,4.987729,0.977996,0.197661,0.572168,7.983247,0.172591,8.245229,0.142848,0.901669,0.161429,0.833328
2026-06-03 16:38:26,393,0.382608,2.572434,0.139294,0.141071,35.3212,18.8687,4.0000,0.150993,1.345607,6.962837,7.010702,7.030116,0.993530,0.984434,1.655278,0.139294,4.987729,0.977996,0.197661,0.572168,7.983247,0.172591,8.245229,0.142848,0.901669,0.161429,0.833328
2026-06-03 16:38:26,394,0.382608,2.572434,0.139294,0.141071,35.3212,18.8687,4.0000,0.150993,1.345607,6.962837,7.010702,7.030116,0.993530,0.984434,1.655278,0.139294,4.987729,0.977996,0.197661,0.572168,7.983247,0.172591,8.245229,0.142848,0.901669,0.161429,0.833328
2026-06-03 16:38:27,395,0.382608,2.572434,0.139294,0.141071,35.3212,18.8687,4.0000,0.150993,1.345607,6.962837,7.010702,7.030116,0.993530,0.984434,1.655278,0.139294,4.987729,0.977996,0.197661,0.572168,7.983247,0.172591,8.245229,0.142848,0.901669,0.161429,0.833328
2026-06-03 16:38:27,396,0.382608,2.572434,0.139294,0.141071,35.3212,18.8687,4.0000,0.150993,1.345607,6.962837,7.010702,7.030116,0.993530,0.984434,1.655278,0.139294,4.987729,0.977996,0.197661,0.572168,7.983247,0.172591,8.245229,0.142848,0.901669,0.161429,0.833328
2026-06-03 16:38:28,397,0.382608,2.572434,0.139294,0.141071,35.3212,18.8687,4.0000,0.150993,1.345607,6.962837,7.010702,7.030116,0.993530,0.984434,1.655278,0.139294,4.987729,0.977996,0.197661,0.572168,7.983247,0.172591,8.245229,0.142848,0.901669,0.161429,0.833328
2026-06-03 16:38:28,398,0.382608,2.572434,0.139294,0.141071,35.3212,18.8687,4.0000,0.150993,1.345607,6.962837,7.010702,7.030116,0.993530,0.984434,1.655278,0.139294,4.987729,0.977996,0.197661,0.572168,7.983247,0.172591,8.245229,0.142848,0.901669,0.161429,0.833328
2026-06-03 16:38:29,399,0.382608,2.572434,0.139294,0.141071,35.3212,18.8687,4.0000,0.150993,1.345607,6.962837,7.010702,7.030116,0.993530,0.984434,1.655278,0.139294,4.987729,0.977996,0.197661,0.572168,7.983247,0.172591,8.245229,0.142848,0.901669,0.161429,0.833328
2026-06-03 16:38:29,400,0.382608,2.572434,0.139294,0.141071,35.3212,18.8687,4.0000,0.150993,1.345607,6.962837,7.010702,7.030116,0.993530,0.984434,1.655278,0.139294,4.987729,0.977996,0.197661,0.572168,7.983247,0.172591,8.245229,0.142848,0.901669,0.161429,0.833328
2026-06-03 16:38:29,401,0.382608,2.572434,0.139294,0.141071,35.3212,18.8687,4.0000,0.150993,1.345607,6.962837,7.010702,7.030116,0.993530,0.984434,1.655278,0.139294,4.987729,0.977996,0.197661,0.572168,7.983247,0.172591,8.245229,0.142848,0.901669,0.161429,0.833328
2026-06-03 16:38:30,402,0.382608,2.572434,0.139294,0.141071,35.3212,18.8687,4.0000,0.150993,1.345607,6.962837,7.010702,7.030116,0.993530,0.984434,1.655278,0.139294,4.987729,0.977996,0.197661,0.572168,7.983247,0.172591,8.245229,0.142848,0.901669,0.161429,0.833328
2026-06-03 16:38:30,403,0.382608,2.572434,0.139294,0.141071,35.3212,18.8687,4.0000,0.150993,1.345607,6.962837,7.010702,7.030116,0.993530,0.984434,1.655278,0.139294,4.987729,0.977996,0.197661,0.572168,7.983247,0.172591,8.245229,0.142848,0.901669,0.161429,0.833328
2026-06-03 16:38:31,404,0.382608,2.572434,0.139294,0.141071,35.3212,18.8687,4.0000,0.150993,1.345607,6.962837,7.010702,7.030116,0.993530,0.984434,1.655278,0.139294,4.987729,0.977996,0.197661,0.572168,7.983247,0.172591,8.245229,0.142848,0.901669,0.161429,0.833328
2026-06-03 16:38:31,405,0.382608,2.572434,0.139294,0.141071,35.3212,18.8687,4.0000,0.150993,1.345607,6.962837,7.010702,7.030116,0.993530,0.984434,1.655278,0.139294,4.987729,0.977996,0.197661,0.572168,7.983247,0.172591,8.245229,0.142848,0.901669,0.161429,0.833328
2026-06-03 16:38:32,406,0.382608,2.572434,0.139294,0.141071,35.3212,18.8687,4.0000,0.150993,1.345607,6.962837,7.010702,7.030116,0.993530,0.984434,1.655278,0.139294,4.987729,0.977996,0.197661,0.572168,7.983247,0.172591,8.245229,0.142848,0.901669,0.161429,0.833328
2026-06-03 16:38:32,407,0.382608,2.572434,0.139294,0.141071,35.3212,18.8687,4.0000,0.150993,1.345607,6.962837,7.010702,7.030116,0.993530,0.984434,1.655278,0.139294,4.987729,0.977996,0.197661,0.572168,7.983247,0.172591,8.245229,0.142848,0.901669,0.161429,0.833328
2026-06-03 16:38:33,408,0.382608,2.572434,0.139294,0.141071,35.3212,18.8687,4.0000,0.150993,1.345607,6.962837,7.010702,7.030116,0.993530,0.984434,1.655278,0.139294,4.987729,0.977996,0.197661,0.572168,7.983247,0.172591,8.245229,0.142848,0.901669,0.161429,0.833328
2026-06-03 16:38:33,409,0.382608,2.572434,0.139294,0.141071,35.3212,18.8687,4.0000,0.150993,1.345607,6.962837,7.010702,7.030116,0.993530,0.984434,1.655278,0.139294,4.987729,0.977996,0.197661,0.572168,7.983247,0.172591,8.245229,0.142848,0.901669,0.161429,0.833328
2026-06-03 16:38:34,410,0.382608,2.572434,0.139294,0.141071,35.3212,18.8687,4.0000,0.150993,1.345607,6.962837,7.010702,7.030116,0.993530,0.984434,1.655278,0.139294,4.987729,0.977996,0.197661,0.572168,7.983247,0.172591,8.245229,0.142848,0.901669,0.161429,0.833328
2026-06-03 16:38:34,411,0.382608,2.572434,0.139294,0.141071,35.3212,18.8687,4.0000,0.150993,1.345607,6.962837,7.010702,7.030116,0.993530,0.984434,1.655278,0.139294,4.987729,0.977996,0.197661,0.572168,7.983247,0.172591,8.245229,0.142848,0.901669,0.161429,0.833328
2026-06-03 16:38:35,412,0.382608,2.572434,0.139294,0.141071,35.3212,18.8687,4.0000,0.150993,1.345607,6.962837,7.010702,7.030116,0.993530,0.984434,1.655278,0.139294,4.987729,0.977996,0.197661,0.572168,7.983247,0.172591,8.245229,0.142848,0.901669,0.161429,0.833328
2026-06-03 16:38:35,413,0.382608,2.572434,0.139294,0.141071,35.3212,18.8687,4.0000,0.150993,1.345607,6.962837,7.010702,7.030116,0.993530,0.984434,1.655278,0.139294,4.987729,0.977996,0.197661,0.572168,7.983247,0.172591,8.245229,0.142848,0.901669,0.161429,0.833328
2026-06-03 16:38:35,414,0.382608,2.572434,0.139294,0.141071,35.3212,18.8687,4.0000,0.150993,1.345607,6.962837,7.010702,7.030116,0.993530,0.984434,1.655278,0.139294,4.987729,0.977996,0.197661,0.572168,7.983247,0.172591,8.245229,0.142848,0.901669,0.161429,0.833328
2026-06-03 16:38:36,415,0.382608,2.572434,0.139294,0.141071,35.3212,18.8687,4.0000,0.150993,1.345607,6.962837,7.010702,7.030116,0.993530,0.984434,1.655278,0.139294,4.987729,0.977996,0.197661,0.572168,7.983247,0.172591,8.245229,0.142848,0.901669,0.161429,0.833328
2026-06-03 16:38:36,416,0.382608,2.572434,0.139294,0.141071,35.3212,18.8687,4.0000,0.150993,1.345607,6.962837,7.010702,7.030116,0.993530,0.984434,1.655278,0.139294,4.987729,0.977996,0.197661,0.572168,7.983247,0.172591,8.245229,0.142848,0.901669,0.161429,0.833328
2026-06-03 16:38:37,417,0.382608,2.572434,0.139294,0.141071,35.3212,18.8687,4.0000,0.150993,1.345607,6.962837,7.010702,7.030116,0.993530,0.984434,1.655278,0.139294,4.987729,0.977996,0.197661,0.572168,7.983247,0.172591,8.245229,0.142848,0.901669,0.161429,0.833328
2026-06-03 16:38:37,418,0.382608,2.572434,0.139294,0.141071,35.3212,18.8687,4.0000,0.150993,1.345607,6.962837,7.010702,7.030116,0.993530,0.984434,1.655278,0.139294,4.987729,0.977996,0.197661,0.572168,7.983247,0.172591,8.245229,0.142848,0.901669,0.161429,0.833328
2026-06-03 16:38:38,419,0.382608,2.572434,0.139294,0.141071,35.3212,18.8687,4.0000,0.150993,1.345607,6.962837,7.010702,7.030116,0.993530,0.984434,1.655278,0.139294,4.987729,0.977996,0.197661,0.572168,7.983247,0.172591,8.245229,0.142848,0.901669,0.161429,0.833328
2026-06-03 16:38:38,420,0.382608,2.572434,0.139294,0.141071,35.3212,18.8687,4.0000,0.150993,1.345607,6.962837,7.010702,7.030116,0.993530,0.984434,1.655278,0.139294,4.987729,0.977996,0.197661,0.572168,7.983247,0.172591,8.245229,0.142848,0.901669,0.161429,0.833328
2026-06-03 16:38:39,421,0.382608,2.572434,0.139294,0.141071,35.3212,18.8687,4.0000,0.150993,1.345607,6.962837,7.010702,7.030116,0.993530,0.984434,1.655278,0.139294,4.987729,0.977996,0.197661,0.572168,7.983247,0.172591,8.245229,0.142848,0.901669,0.161429,0.833328
2026-06-03 16:38:39,422,0.382608,2.572434,0.139294,0.141071,35.3212,18.8687,4.0000,0.150993,1.345607,6.962837,7.010702,7.030116,0.993530,0.984434,1.655278,0.139294,4.987729,0.977996,0.197661,0.572168,7.983247,0.172591,8.245229,0.142848,0.901669,0.161429,0.833328
2026-06-03 16:38:40,423,0.382608,2.572434,0.139294,0.141071,35.3212,18.8687,4.0000,0.150993,1.345607,6.962837,7.010702,7.030116,0.993530,0.984434,1.655278,0.139294,4.987729,0.977996,0.197661,0.572168,7.983247,0.172591,8.245229,0.142848,0.901669,0.161429,0.833328
2026-06-03 16:38:40,424,0.382608,2.572434,0.139294,0.141071,35.3212,18.8687,4.0000,0.150993,1.345607,6.962837,7.010702,7.030116,0.993530,0.984434,1.655278,0.139294,4.987729,0.977996,0.197661,0.572168,7.983247,0.172591,8.245229,0.142848,0.901669,0.161429,0.833328
2026-06-03 16:38:41,425,0.382608,2.572434,0.139294,0.141071,35.3212,18.8687,4.0000,0.150993,1.345607,6.962837,7.010702,7.030116,0.993530,0.984434,1.655278,0.139294,4.987729,0.977996,0.197661,0.572168,7.983247,0.172591,8.245229,0.142848,0.901669,0.161429,0.833328
2026-06-03 16:38:41,426,0.382608,2.572434,0.139294,0.141071,35.3212,18.8687,4.0000,0.150993,1.345607,6.962837,7.010702,7.030116,0.993530,0.984434,1.655278,0.139294,4.987729,0.977996,0.197661,0.572168,7.983247,0.172591,8.245229,0.142848,0.901669,0.161429,0.833328
2026-06-03 16:38:41,427,0.382608,2.572434,0.139294,0.141071,35.3212,18.8687,4.0000,0.150993,1.345607,6.962837,7.010702,7.030116,0.993530,0.984434,1.655278,0.139294,4.987729,0.977996,0.197661,0.572168,7.983247,0.172591,8.245229,0.142848,0.901669,0.161429,0.833328
2026-06-03 16:38:42,428,0.382608,2.572434,0.139294,0.141071,35.3212,18.8687,4.0000,0.150993,1.345607,6.962837,7.010702,7.030116,0.993530,0.984434,1.655278,0.139294,4.987729,0.977996,0.197661,0.572168,7.983247,0.172591,8.245229,0.142848,0.901669,0.161429,0.833328
2026-06-03 16:38:42,429,0.382608,2.572434,0.139294,0.141071,35.3212,18.8687,4.0000,0.150993,1.345607,6.962837,7.010702,7.030116,0.993530,0.984434,1.655278,0.139294,4.987729,0.977996,0.197661,0.572168,7.983247,0.172591,8.245229,0.142848,0.901669,0.161429,0.833328
2026-06-03 16:38:43,430,0.382608,2.572434,0.139294,0.141071,35.3212,18.8687,4.0000,0.150993,1.345607,6.962837,7.010702,7.030116,0.993530,0.984434,1.655278,0.139294,4.987729,0.977996,0.197661,0.572168,7.983247,0.172591,8.245229,0.142848,0.901669,0.161429,0.833328
2026-06-03 16:38:43,431,0.382608,2.572434,0.139294,0.141071,35.3212,18.8687,4.0000,0.150993,1.345607,6.962837,7.010702,7.030116,0.993530,0.984434,1.655278,0.139294,4.987729,0.977996,0.197661,0.572168,7.983247,0.172591,8.245229,0.142848,0.901669,0.161429,0.833328
2026-06-03 16:38:44,432,0.382608,2.572434,0.139294,0.141071,35.3212,18.8687,4.0000,0.150993,1.345607,6.962837,7.010702,7.030116,0.993530,0.984434,1.655278,0.139294,4.987729,0.977996,0.197661,0.572168,7.983247,0.172591,8.245229,0.142848,0.901669,0.161429,0.833328
2026-06-03 16:38:44,433,0.382608,2.572434,0.139294,0.141071,35.3212,18.8687,4.0000,0.150993,1.345607,6.962837,7.010702,7.030116,0.993530,0.984434,1.655278,0.139294,4.987729,0.977996,0.197661,0.572168,7.983247,0.172591,8.245229,0.142848,0.901669,0.161429,0.833328
2026-06-03 16:38:45,434,0.382608,2.572434,0.139294,0.141071,35.3212,18.8687,4.0000,0.150993,1.345607,6.962837,7.010702,7.030116,0.993530,0.984434,1.655278,0.139294,4.987729,0.977996,0.197661,0.572168,7.983247,0.172591,8.245229,0.142848,0.901669,0.161429,0.833328
2026-06-03 16:38:45,435,0.382608,2.572434,0.139294,0.141071,35.3212,18.8687,4.0000,0.150993,1.345607,6.962837,7.010702,7.030116,0.993530,0.984434,1.655278,0.139294,4.987729,0.977996,0.197661,0.572168,7.983247,0.172591,8.245229,0.142848,0.901669,0.161429,0.833328
2026-06-03 16:38:46,436,0.382619,2.572680,0.139279,0.141295,35.2990,18.8524,4.0000,0.150987,1.346299,6.963081,7.010950,7.030319,0.996265,0.985857,1.651504,0.139279,4.987214,0.979836,0.197608,0.571962,7.983318,0.172581,8.245306,0.143311,0.903776,0.161419,0.832726
2026-06-03 16:38:46,437,0.382619,2.572680,0.139279,0.141295,35.2990,18.8524,4.0000,0.150987,1.346299,6.963081,7.010950,7.030319,0.996265,0.985857,1.651504,0.139279,4.987214,0.979836,0.197608,0.571962,7.983318,0.172581,8.245306,0.143311,0.903776,0.161419,0.832726
2026-06-03 16:38:47,438,0.382619,2.572680,0.139279,0.141295,35.2990,18.8524,4.0000,0.150987,1.346299,6.963081,7.010950,7.030319,0.996265,0.985857,1.651504,0.139279,4.987214,0.979836,0.197608,0.571962,7.983318,0.172581,8.245306,0.143311,0.903776,0.161419,0.832726
2026-06-03 16:38:47,439,0.382619,2.572680,0.139279,0.141295,35.2990,18.8524,4.0000,0.150987,1.346299,6.963081,7.010950,7.030319,0.996265,0.985857,1.651504,0.139279,4.987214,0.979836,0.197608,0.571962,7.983318,0.172581,8.245306,0.143311,0.903776,0.161419,0.832726
2026-06-03 16:38:47,440,0.382619,2.572680,0.139279,0.141295,35.2990,18.8524,4.0000,0.150987,1.346299,6.963081,7.010950,7.030319,0.996265,0.985857,1.651504,0.139279,4.987214,0.979836,0.197608,0.571962,7.983318,0.172581,8.245306,0.143311,0.903776,0.161419,0.832726
2026-06-03 16:38:48,441,0.382633,2.572615,0.139302,0.141223,35.3193,18.8546,4.0000,0.151014,1.345774,6.962868,7.010740,7.030137,0.994502,0.984755,1.654967,0.139302,4.987612,0.978442,0.197671,0.572453,7.983254,0.172619,8.245241,0.143145,0.902491,0.161452,0.833859
2026-06-03 16:38:48,442,0.382633,2.572615,0.139302,0.141223,35.3193,18.8546,4.0000,0.151014,1.345774,6.962868,7.010740,7.030137,0.994502,0.984755,1.654967,0.139302,4.987612,0.978442,0.197671,0.572453,7.983254,0.172619,8.245241,0.143145,0.902491,0.161452,0.833859
2026-06-03 16:38:49,443,0.382637,2.572642,0.139303,0.141246,35.3189,18.8525,4.0000,0.151017,1.345801,6.962873,7.010747,7.030141,0.994654,0.984808,1.654903,0.139303,4.987593,0.978514,0.197672,0.572492,7.983255,0.172623,8.245243,0.143190,0.902619,0.161455,0.833932
2026-06-03 16:38:49,444,0.382637,2.572642,0.139303,0.141246,35.3189,18.8525,4.0000,0.151017,1.345801,6.962873,7.010747,7.030141,0.994654,0.984808,1.654903,0.139303,4.987593,0.978514,0.197672,0.572492,7.983255,0.172623,8.245243,0.143190,0.902619,0.161455,0.833932
2026-06-03 16:38:50,445,0.382637,2.572642,0.139303,0.141246,35.3189,18.8525,4.0000,0.151017,1.345801,6.962873,7.010747,7.030141,0.994654,0.984808,1.654903,0.139303,4.987593,0.978514,0.197672,0.572492,7.983255,0.172623,8.245243,0.143190,0.902619,0.161455,0.833932
2026-06-03 16:38:50,446,0.382637,2.572642,0.139303,0.141246,35.3189,18.8525,4.0000,0.151017,1.345801,6.962873,7.010747,7.030141,0.994654,0.984808,1.654903,0.139303,4.987593,0.978514,0.197672,0.572492,7.983255,0.172623,8.245243,0.143190,0.902619,0.161455,0.833932
2026-06-03 16:38:51,447,0.382637,2.572642,0.139303,0.141246,35.3189,18.8525,4.0000,0.151017,1.345801,6.962873,7.010747,7.030141,0.994654,0.984808,1.654903,0.139303,4.987593,0.978514,0.197672,0.572492,7.983255,0.172623,8.245243,0.143190,0.902619,0.161455,0.833932
2026-06-03 16:38:51,448,0.382637,2.572642,0.139303,0.141246,35.3189,18.8525,4.0000,0.151017,1.345801,6.962873,7.010747,7.030141,0.994654,0.984808,1.654903,0.139303,4.987593,0.978514,0.197672,0.572492,7.983255,0.172623,8.245243,0.143190,0.902619,0.161455,0.833932
2026-06-03 16:38:52,449,0.382637,2.572642,0.139303,0.141246,35.3189,18.8525,4.0000,0.151017,1.345801,6.962873,7.010747,7.030141,0.994654,0.984808,1.654903,0.139303,4.987593,0.978514,0.197672,0.572492,7.983255,0.172623,8.245243,0.143190,0.902619,0.161455,0.833932
2026-06-03 16:38:52,450,0.382637,2.572642,0.139303,0.141246,35.3189,18.8525,4.0000,0.151017,1.345801,6.962873,7.010747,7.030141,0.994654,0.984808,1.654903,0.139303,4.987593,0.978514,0.197672,0.572492,7.983255,0.172623,8.245243,0.143190,0.902619,0.161455,0.833932
2026-06-03 16:38:53,451,0.382637,2.572642,0.139303,0.141246,35.3189,18.8525,4.0000,0.151017,1.345801,6.962873,7.010747,7.030141,0.994654,0.984808,1.654903,0.139303,4.987593,0.978514,0.197672,0.572492,7.983255,0.172623,8.245243,0.143190,0.902619,0.161455,0.833932
2026-06-03 16:38:53,452,0.382637,2.572642,0.139303,0.141246,35.3189,18.8525,4.0000,0.151017,1.345801,6.962873,7.010747,7.030141,0.994654,0.984808,1.654903,0.139303,4.987593,0.978514,0.197672,0.572492,7.983255,0.172623,8.245243,0.143190,0.902619,0.161455,0.833932
2026-06-03 16:38:53,453,0.382637,2.572642,0.139303,0.141246,35.3189,18.8525,4.0000,0.151017,1.345801,6.962873,7.010747,7.030141,0.994654,0.984808,1.654903,0.139303,4.987593,0.978514,0.197672,0.572492,7.983255,0.172623,8.245243,0.143190,0.902619,0.161455,0.833932
2026-06-03 16:38:54,454,0.382637,2.572642,0.139303,0.141246,35.3189,18.8525,4.0000,0.151017,1.345801,6.962873,7.010747,7.030141,0.994654,0.984808,1.654903,0.139303,4.987593,0.978514,0.197672,0.572492,7.983255,0.172623,8.245243,0.143190,0.902619,0.161455,0.833932
2026-06-03 16:38:54,455,0.382637,2.572642,0.139303,0.141246,35.3189,18.8525,4.0000,0.151017,1.345801,6.962873,7.010747,7.030141,0.994654,0.984808,1.654903,0.139303,4.987593,0.978514,0.197672,0.572492,7.983255,0.172623,8.245243,0.143190,0.902619,0.161455,0.833932
2026-06-03 16:38:55,456,0.382637,2.572642,0.139303,0.141246,35.3189,18.8525,4.0000,0.151017,1.345801,6.962873,7.010747,7.030141,0.994654,0.984808,1.654903,0.139303,4.987593,0.978514,0.197672,0.572492,7.983255,0.172623,8.245243,0.143190,0.902619,0.161455,0.833932
2026-06-03 16:38:55,457,0.382637,2.572642,0.139303,0.141246,35.3189,18.8525,4.0000,0.151017,1.345801,6.962873,7.010747,7.030141,0.994654,0.984808,1.654903,0.139303,4.987593,0.978514,0.197672,0.572492,7.983255,0.172623,8.245243,0.143190,0.902619,0.161455,0.833932
2026-06-03 16:38:56,458,0.382637,2.572642,0.139303,0.141246,35.3189,18.8525,4.0000,0.151017,1.345801,6.962873,7.010747,7.030141,0.994654,0.984808,1.654903,0.139303,4.987593,0.978514,0.197672,0.572492,7.983255,0.172623,8.245243,0.143190,0.902619,0.161455,0.833932
2026-06-03 16:38:56,459,0.382637,2.572642,0.139303,0.141246,35.3189,18.8525,4.0000,0.151017,1.345801,6.962873,7.010747,7.030141,0.994654,0.984808,1.654903,0.139303,4.987593,0.978514,0.197672,0.572492,7.983255,0.172623,8.245243,0.143190,0.902619,0.161455,0.833932
2026-06-03 16:38:57,460,0.382637,2.572642,0.139303,0.141246,35.3189,18.8525,4.0000,0.151017,1.345801,6.962873,7.010747,7.030141,0.994654,0.984808,1.654903,0.139303,4.987593,0.978514,0.197672,0.572492,7.983255,0.172623,8.245243,0.143190,0.902619,0.161455,0.833932
2026-06-03 16:38:57,461,0.382637,2.572642,0.139303,0.141246,35.3189,18.8525,4.0000,0.151017,1.345801,6.962873,7.010747,7.030141,0.994654,0.984808,1.654903,0.139303,4.987593,0.978514,0.197672,0.572492,7.983255,0.172623,8.245243,0.143190,0.902619,0.161455,0.833932
2026-06-03 16:38:58,462,0.382637,2.572642,0.139303,0.141246,35.3189,18.8525,4.0000,0.151017,1.345801,6.962873,7.010747,7.030141,0.994654,0.984808,1.654903,0.139303,4.987593,0.978514,0.197672,0.572492,7.983255,0.172623,8.245243,0.143190,0.902619,0.161455,0.833932
2026-06-03 16:38:58,463,0.382637,2.572642,0.139303,0.141246,35.3189,18.8525,4.0000,0.151017,1.345801,6.962873,7.010747,7.030141,0.994654,0.984808,1.654903,0.139303,4.987593,0.978514,0.197672,0.572492,7.983255,0.172623,8.245243,0.143190,0.902619,0.161455,0.833932
2026-06-03 16:38:58,464,0.382637,2.572642,0.139303,0.141246,35.3189,18.8525,4.0000,0.151017,1.345801,6.962873,7.010747,7.030141,0.994654,0.984808,1.654903,0.139303,4.987593,0.978514,0.197672,0.572492,7.983255,0.172623,8.245243,0.143190,0.902619,0.161455,0.833932
2026-06-03 16:38:59,465,0.382637,2.572642,0.139303,0.141246,35.3189,18.8525,4.0000,0.151017,1.345801,6.962873,7.010747,7.030141,0.994654,0.984808,1.654903,0.139303,4.987593,0.978514,0.197672,0.572492,7.983255,0.172623,8.245243,0.143190,0.902619,0.161455,0.833932
2026-06-03 16:38:59,466,0.382637,2.572642,0.139303,0.141246,35.3189,18.8525,4.0000,0.151017,1.345801,6.962873,7.010747,7.030141,0.994654,0.984808,1.654903,0.139303,4.987593,0.978514,0.197672,0.572492,7.983255,0.172623,8.245243,0.143190,0.902619,0.161455,0.833932
2026-06-03 16:39:00,467,0.382637,2.572642,0.139303,0.141246,35.3189,18.8525,4.0000,0.151017,1.345801,6.962873,7.010747,7.030141,0.994654,0.984808,1.654903,0.139303,4.987593,0.978514,0.197672,0.572492,7.983255,0.172623,8.245243,0.143190,0.902619,0.161455,0.833932
2026-06-03 16:39:00,468,0.382637,2.572642,0.139303,0.141246,35.3189,18.8525,4.0000,0.151017,1.345801,6.962873,7.010747,7.030141,0.994654,0.984808,1.654903,0.139303,4.987593,0.978514,0.197672,0.572492,7.983255,0.172623,8.245243,0.143190,0.902619,0.161455,0.833932
2026-06-03 16:39:01,469,0.382637,2.572642,0.139303,0.141246,35.3189,18.8525,4.0000,0.151017,1.345801,6.962873,7.010747,7.030141,0.994654,0.984808,1.654903,0.139303,4.987593,0.978514,0.197672,0.572492,7.983255,0.172623,8.245243,0.143190,0.902619,0.161455,0.833932
2026-06-03 16:39:01,470,0.382637,2.572642,0.139303,0.141246,35.3189,18.8525,4.0000,0.151017,1.345801,6.962873,7.010747,7.030141,0.994654,0.984808,1.654903,0.139303,4.987593,0.978514,0.197672,0.572492,7.983255,0.172623,8.245243,0.143190,0.902619,0.161455,0.833932
2026-06-03 16:39:02,471,0.382637,2.572642,0.139303,0.141246,35.3189,18.8525,4.0000,0.151017,1.345801,6.962873,7.010747,7.030141,0.994654,0.984808,1.654903,0.139303,4.987593,0.978514,0.197672,0.572492,7.983255,0.172623,8.245243,0.143190,0.902619,0.161455,0.833932
2026-06-03 16:39:02,472,0.382637,2.572642,0.139303,0.141246,35.3189,18.8525,4.0000,0.151017,1.345801,6.962873,7.010747,7.030141,0.994654,0.984808,1.654903,0.139303,4.987593,0.978514,0.197672,0.572492,7.983255,0.172623,8.245243,0.143190,0.902619,0.161455,0.833932
2026-06-03 16:39:03,473,0.382637,2.572642,0.139303,0.141246,35.3189,18.8525,4.0000,0.151017,1.345801,6.962873,7.010747,7.030141,0.994654,0.984808,1.654903,0.139303,4.987593,0.978514,0.197672,0.572492,7.983255,0.172623,8.245243,0.143190,0.902619,0.161455,0.833932
2026-06-03 16:39:03,474,0.382637,2.572642,0.139303,0.141246,35.3189,18.8525,4.0000,0.151017,1.345801,6.962873,7.010747,7.030141,0.994654,0.984808,1.654903,0.139303,4.987593,0.978514,0.197672,0.572492,7.983255,0.172623,8.245243,0.143190,0.902619,0.161455,0.833932
2026-06-03 16:39:03,475,0.382637,2.572642,0.139303,0.141246,35.3189,18.8525,4.0000,0.151017,1.345801,6.962873,7.010747,7.030141,0.994654,0.984808,1.654903,0.139303,4.987593,0.978514,0.197672,0.572492,7.983255,0.172623,8.245243,0.143190,0.902619,0.161455,0.833932
2026-06-03 16:39:04,476,0.382637,2.572642,0.139303,0.141246,35.3189,18.8525,4.0000,0.151017,1.345801,6.962873,7.010747,7.030141,0.994654,0.984808,1.654903,0.139303,4.987593,0.978514,0.197672,0.572492,7.983255,0.172623,8.245243,0.143190,0.902619,0.161455,0.833932
2026-06-03 16:39:04,477,0.382637,2.572642,0.139303,0.141246,35.3189,18.8525,4.0000,0.151017,1.345801,6.962873,7.010747,7.030141,0.994654,0.984808,1.654903,0.139303,4.987593,0.978514,0.197672,0.572492,7.983255,0.172623,8.245243,0.143190,0.902619,0.161455,0.833932
2026-06-03 16:39:05,478,0.382637,2.572642,0.139303,0.141246,35.3189,18.8525,4.0000,0.151017,1.345801,6.962873,7.010747,7.030141,0.994654,0.984808,1.654903,0.139303,4.987593,0.978514,0.197672,0.572492,7.983255,0.172623,8.245243,0.143190,0.902619,0.161455,0.833932
2026-06-03 16:39:05,479,0.382637,2.572642,0.139303,0.141246,35.3189,18.8525,4.0000,0.151017,1.345801,6.962873,7.010747,7.030141,0.994654,0.984808,1.654903,0.139303,4.987593,0.978514,0.197672,0.572492,7.983255,0.172623,8.245243,0.143190,0.902619,0.161455,0.833932
2026-06-03 16:39:06,480,0.382637,2.572642,0.139303,0.141246,35.3189,18.8525,4.0000,0.151017,1.345801,6.962873,7.010747,7.030141,0.994654,0.984808,1.654903,0.139303,4.987593,0.978514,0.197672,0.572492,7.983255,0.172623,8.245243,0.143190,0.902619,0.161455,0.833932
2026-06-03 16:39:06,481,0.382637,2.572642,0.139303,0.141246,35.3189,18.8525,4.0000,0.151017,1.345801,6.962873,7.010747,7.030141,0.994654,0.984808,1.654903,0.139303,4.987593,0.978514,0.197672,0.572492,7.983255,0.172623,8.245243,0.143190,0.902619,0.161455,0.833932
2026-06-03 16:39:07,482,0.382637,2.572642,0.139303,0.141246,35.3189,18.8525,4.0000,0.151017,1.345801,6.962873,7.010747,7.030141,0.994654,0.984808,1.654903,0.139303,4.987593,0.978514,0.197672,0.572492,7.983255,0.172623,8.245243,0.143190,0.902619,0.161455,0.833932
2026-06-03 16:39:07,483,0.382637,2.572642,0.139303,0.141246,35.3189,18.8525,4.0000,0.151017,1.345801,6.962873,7.010747,7.030141,0.994654,0.984808,1.654903,0.139303,4.987593,0.978514,0.197672,0.572492,7.983255,0.172623,8.245243,0.143190,0.902619,0.161455,0.833932
2026-06-03 16:39:08,484,0.382637,2.572642,0.139303,0.141246,35.3189,18.8525,4.0000,0.151017,1.345801,6.962873,7.010747,7.030141,0.994654,0.984808,1.654903,0.139303,4.987593,0.978514,0.197672,0.572492,7.983255,0.172623,8.245243,0.143190,0.902619,0.161455,0.833932
2026-06-03 16:39:08,485,0.382637,2.572642,0.139303,0.141246,35.3189,18.8525,4.0000,0.151017,1.345801,6.962873,7.010747,7.030141,0.994654,0.984808,1.654903,0.139303,4.987593,0.978514,0.197672,0.572492,7.983255,0.172623,8.245243,0.143190,0.902619,0.161455,0.833932
2026-06-03 16:39:08,486,0.382637,2.572642,0.139303,0.141246,35.3189,18.8525,4.0000,0.151017,1.345801,6.962873,7.010747,7.030141,0.994654,0.984808,1.654903,0.139303,4.987593,0.978514,0.197672,0.572492,7.983255,0.172623,8.245243,0.143190,0.902619,0.161455,0.833932
2026-06-03 16:39:09,487,0.382637,2.572642,0.139303,0.141246,35.3189,18.8525,4.0000,0.151017,1.345801,6.962873,7.010747,7.030141,0.994654,0.984808,1.654903,0.139303,4.987593,0.978514,0.197672,0.572492,7.983255,0.172623,8.245243,0.143190,0.902619,0.161455,0.833932
2026-06-03 16:39:09,488,0.382637,2.572642,0.139303,0.141246,35.3189,18.8525,4.0000,0.151017,1.345801,6.962873,7.010747,7.030141,0.994654,0.984808,1.654903,0.139303,4.987593,0.978514,0.197672,0.572492,7.983255,0.172623,8.245243,0.143190,0.902619,0.161455,0.833932
2026-06-03 16:39:10,489,0.382637,2.572642,0.139303,0.141246,35.3189,18.8525,4.0000,0.151017,1.345801,6.962873,7.010747,7.030141,0.994654,0.984808,1.654903,0.139303,4.987593,0.978514,0.197672,0.572492,7.983255,0.172623,8.245243,0.143190,0.902619,0.161455,0.833932
2026-06-03 16:39:10,490,0.382637,2.572642,0.139303,0.141246,35.3189,18.8525,4.0000,0.151017,1.345801,6.962873,7.010747,7.030141,0.994654,0.984808,1.654903,0.139303,4.987593,0.978514,0.197672,0.572492,7.983255,0.172623,8.245243,0.143190,0.902619,0.161455,0.833932
2026-06-03 16:39:11,491,0.382637,2.572642,0.139303,0.141246,35.3189,18.8525,4.0000,0.151017,1.345801,6.962873,7.010747,7.030141,0.994654,0.984808,1.654903,0.139303,4.987593,0.978514,0.197672,0.572492,7.983255,0.172623,8.245243,0.143190,0.902619,0.161455,0.833932
2026-06-03 16:39:11,492,0.382637,2.572642,0.139303,0.141246,35.3189,18.8525,4.0000,0.151017,1.345801,6.962873,7.010747,7.030141,0.994654,0.984808,1.654903,0.139303,4.987593,0.978514,0.197672,0.572492,7.983255,0.172623,8.245243,0.143190,0.902619,0.161455,0.833932
2026-06-03 16:39:12,493,0.382637,2.572642,0.139303,0.141246,35.3189,18.8525,4.0000,0.151017,1.345801,6.962873,7.010747,7.030141,0.994654,0.984808,1.654903,0.139303,4.987593,0.978514,0.197672,0.572492,7.983255,0.172623,8.245243,0.143190,0.902619,0.161455,0.833932
2026-06-03 16:39:12,494,0.382637,2.572642,0.139303,0.141246,35.3189,18.8525,4.0000,0.151017,1.345801,6.962873,7.010747,7.030141,0.994654,0.984808,1.654903,0.139303,4.987593,0.978514,0.197672,0.572492,7.983255,0.172623,8.245243,0.143190,0.902619,0.161455,0.833932
2026-06-03 16:39:13,495,0.382637,2.572642,0.139303,0.141246,35.3189,18.8525,4.0000,0.151017,1.345801,6.962873,7.010747,7.030141,0.994654,0.984808,1.654903,0.139303,4.987593,0.978514,0.197672,0.572492,7.983255,0.172623,8.245243,0.143190,0.902619,0.161455,0.833932
2026-06-03 16:39:13,496,0.382637,2.572642,0.139303,0.141246,35.3189,18.8525,4.0000,0.151017,1.345801,6.962873,7.010747,7.030141,0.994654,0.984808,1.654903,0.139303,4.987593,0.978514,0.197672,0.572492,7.983255,0.172623,8.245243,0.143190,0.902619,0.161455,0.833932
2026-06-03 16:39:13,497,0.382637,2.572642,0.139303,0.141246,35.3189,18.8525,4.0000,0.151017,1.345801,6.962873,7.010747,7.030141,0.994654,0.984808,1.654903,0.139303,4.987593,0.978514,0.197672,0.572492,7.983255,0.172623,8.245243,0.143190,0.902619,0.161455,0.833932
2026-06-03 16:39:14,498,0.382637,2.572642,0.139303,0.141246,35.3189,18.8525,4.0000,0.151017,1.345801,6.962873,7.010747,7.030141,0.994654,0.984808,1.654903,0.139303,4.987593,0.978514,0.197672,0.572492,7.983255,0.172623,8.245243,0.143190,0.902619,0.161455,0.833932
2026-06-03 16:39:14,499,0.382637,2.572642,0.139303,0.141246,35.3189,18.8525,4.0000,0.151017,1.345801,6.962873,7.010747,7.030141,0.994654,0.984808,1.654903,0.139303,4.987593,0.978514,0.197672,0.572492,7.983255,0.172623,8.245243,0.143190,0.902619,0.161455,0.833932
2026-06-03 16:39:15,500,0.382637,2.572642,0.139303,0.141246,35.3189,18.8525,4.0000,0.151017,1.345801,6.962873,7.010747,7.030141,0.994654,0.984808,1.654903,0.139303,4.987593,0.978514,0.197672,0.572492,7.983255,0.172623,8.245243,0.143190,0.902619,0.161455,0.833932
