datahora,iter,fitness,SE_med,SE_min,SE_5,RISx,RISy,RISz,se_1,se_2,se_3,se_4,se_5,se_6,se_7,se_8,se_9,se_10,se_11,se_12,se_13,se_14,se_15,se_16,se_17,se_18,se_19,se_20
2026-06-03 16:52:38,1,1.452150,2.904197,0.000103,0.094439,13.5499,13.5335,4.0000,0.203571,4.283185,7.174133,7.230578,7.249850,1.519961,2.337633,0.792876,0.188775,4.921174,2.003983,0.245003,0.527856,8.214547,0.226325,8.607771,0.000103,1.509558,0.214119,0.632943
2026-06-03 16:52:38,2,1.517415,3.034669,0.000161,0.164145,4.6215,14.4862,4.0000,0.349462,3.752517,7.237771,7.285312,7.317630,1.829986,2.510611,1.106516,0.328129,5.022735,2.269663,0.413311,0.789973,8.362211,0.383548,8.631557,0.000161,1.819505,0.365522,0.917260
2026-06-03 16:52:39,3,1.517415,3.034669,0.000161,0.164145,4.6215,14.4862,4.0000,0.349462,3.752517,7.237771,7.285312,7.317630,1.829986,2.510611,1.106516,0.328129,5.022735,2.269663,0.413311,0.789973,8.362211,0.383548,8.631557,0.000161,1.819505,0.365522,0.917260
2026-06-03 16:52:39,4,1.517415,3.034669,0.000161,0.164145,4.6215,14.4862,4.0000,0.349462,3.752517,7.237771,7.285312,7.317630,1.829986,2.510611,1.106516,0.328129,5.022735,2.269663,0.413311,0.789973,8.362211,0.383548,8.631557,0.000161,1.819505,0.365522,0.917260
2026-06-03 16:52:39,5,1.517415,3.034669,0.000161,0.164145,4.6215,14.4862,4.0000,0.349462,3.752517,7.237771,7.285312,7.317630,1.829986,2.510611,1.106516,0.328129,5.022735,2.269663,0.413311,0.789973,8.362211,0.383548,8.631557,0.000161,1.819505,0.365522,0.917260
2026-06-03 16:52:40,6,1.572901,3.145596,0.000206,0.214298,1.0000,14.3399,4.0000,0.454176,3.846848,7.279099,7.326014,7.360755,2.035980,2.701818,1.305458,0.428390,5.084390,2.455264,0.531485,0.963228,8.396500,0.495428,8.642623,0.000206,2.028090,0.473681,1.102483
2026-06-03 16:52:40,7,1.572901,3.145596,0.000206,0.214298,1.0000,14.3399,4.0000,0.454176,3.846848,7.279099,7.326014,7.360755,2.035980,2.701818,1.305458,0.428390,5.084390,2.455264,0.531485,0.963228,8.396500,0.495428,8.642623,0.000206,2.028090,0.473681,1.102483
2026-06-03 16:52:41,8,1.572901,3.145596,0.000206,0.214298,1.0000,14.3399,4.0000,0.454176,3.846848,7.279099,7.326014,7.360755,2.035980,2.701818,1.305458,0.428390,5.084390,2.455264,0.531485,0.963228,8.396500,0.495428,8.642623,0.000206,2.028090,0.473681,1.102483
2026-06-03 16:52:41,9,1.572901,3.145596,0.000206,0.214298,1.0000,14.3399,4.0000,0.454176,3.846848,7.279099,7.326014,7.360755,2.035980,2.701818,1.305458,0.428390,5.084390,2.455264,0.531485,0.963228,8.396500,0.495428,8.642623,0.000206,2.028090,0.473681,1.102483
2026-06-03 16:52:42,10,1.865099,3.730171,0.000027,0.430393,1.0000,10.5831,4.0000,0.910869,5.111826,7.525932,7.575795,7.603340,3.077517,3.793156,2.146388,0.860759,5.333764,3.525959,1.036420,1.705846,8.608782,0.982911,8.875254,0.000027,3.089734,0.944359,1.894774
2026-06-03 16:52:42,11,1.865099,3.730171,0.000027,0.430393,1.0000,10.5831,4.0000,0.910869,5.111826,7.525932,7.575795,7.603340,3.077517,3.793156,2.146388,0.860759,5.333764,3.525959,1.036420,1.705846,8.608782,0.982911,8.875254,0.000027,3.089734,0.944359,1.894774
2026-06-03 16:52:43,12,1.865099,3.730171,0.000027,0.430393,1.0000,10.5831,4.0000,0.910869,5.111826,7.525932,7.575795,7.603340,3.077517,3.793156,2.146388,0.860759,5.333764,3.525959,1.036420,1.705846,8.608782,0.982911,8.875254,0.000027,3.089734,0.944359,1.894774
2026-06-03 16:52:43,13,1.865099,3.730171,0.000027,0.430393,1.0000,10.5831,4.0000,0.910869,5.111826,7.525932,7.575795,7.603340,3.077517,3.793156,2.146388,0.860759,5.333764,3.525959,1.036420,1.705846,8.608782,0.982911,8.875254,0.000027,3.089734,0.944359,1.894774
2026-06-03 16:52:44,14,1.865099,3.730171,0.000027,0.430393,1.0000,10.5831,4.0000,0.910869,5.111826,7.525932,7.575795,7.603340,3.077517,3.793156,2.146388,0.860759,5.333764,3.525959,1.036420,1.705846,8.608782,0.982911,8.875254,0.000027,3.089734,0.944359,1.894774
2026-06-03 16:52:44,15,1.865258,3.730488,0.000027,0.430600,1.0000,10.5399,4.0000,0.911370,5.112913,7.525797,7.575704,7.603127,3.078345,3.793395,2.146800,0.861174,5.333896,3.526332,1.036884,1.706547,8.608092,0.983453,8.874774,0.000027,3.090848,0.944869,1.895424
2026-06-03 16:52:45,16,1.865258,3.730488,0.000027,0.430600,1.0000,10.5399,4.0000,0.911370,5.112913,7.525797,7.575704,7.603127,3.078345,3.793395,2.146800,0.861174,5.333896,3.526332,1.036884,1.706547,8.608092,0.983453,8.874774,0.000027,3.090848,0.944869,1.895424
2026-06-03 16:52:45,17,1.865258,3.730488,0.000027,0.430600,1.0000,10.5399,4.0000,0.911370,5.112913,7.525797,7.575704,7.603127,3.078345,3.793395,2.146800,0.861174,5.333896,3.526332,1.036884,1.706547,8.608092,0.983453,8.874774,0.000027,3.090848,0.944869,1.895424
2026-06-03 16:52:46,18,1.865258,3.730488,0.000027,0.430600,1.0000,10.5399,4.0000,0.911370,5.112913,7.525797,7.575704,7.603127,3.078345,3.793395,2.146800,0.861174,5.333896,3.526332,1.036884,1.706547,8.608092,0.983453,8.874774,0.000027,3.090848,0.944869,1.895424
2026-06-03 16:52:46,19,1.865258,3.730488,0.000027,0.430600,1.0000,10.5399,4.0000,0.911370,5.112913,7.525797,7.575704,7.603127,3.078345,3.793395,2.146800,0.861174,5.333896,3.526332,1.036884,1.706547,8.608092,0.983453,8.874774,0.000027,3.090848,0.944869,1.895424
2026-06-03 16:52:46,20,1.865258,3.730488,0.000027,0.430600,1.0000,10.5399,4.0000,0.911370,5.112913,7.525797,7.575704,7.603127,3.078345,3.793395,2.146800,0.861174,5.333896,3.526332,1.036884,1.706547,8.608092,0.983453,8.874774,0.000027,3.090848,0.944869,1.895424
2026-06-03 16:52:47,21,1.865258,3.730488,0.000027,0.430600,1.0000,10.5399,4.0000,0.911370,5.112913,7.525797,7.575704,7.603127,3.078345,3.793395,2.146800,0.861174,5.333896,3.526332,1.036884,1.706547,8.608092,0.983453,8.874774,0.000027,3.090848,0.944869,1.895424
2026-06-03 16:52:47,22,1.865258,3.730488,0.000027,0.430600,1.0000,10.5399,4.0000,0.911370,5.112913,7.525797,7.575704,7.603127,3.078345,3.793395,2.146800,0.861174,5.333896,3.526332,1.036884,1.706547,8.608092,0.983453,8.874774,0.000027,3.090848,0.944869,1.895424
2026-06-03 16:52:48,23,1.865258,3.730488,0.000027,0.430600,1.0000,10.5399,4.0000,0.911370,5.112913,7.525797,7.575704,7.603127,3.078345,3.793395,2.146800,0.861174,5.333896,3.526332,1.036884,1.706547,8.608092,0.983453,8.874774,0.000027,3.090848,0.944869,1.895424
2026-06-03 16:52:48,24,1.865258,3.730488,0.000027,0.430600,1.0000,10.5399,4.0000,0.911370,5.112913,7.525797,7.575704,7.603127,3.078345,3.793395,2.146800,0.861174,5.333896,3.526332,1.036884,1.706547,8.608092,0.983453,8.874774,0.000027,3.090848,0.944869,1.895424
2026-06-03 16:52:49,25,1.865598,3.731169,0.000027,0.430181,1.0731,10.5596,4.0000,0.910519,5.118470,7.526539,7.576481,7.603895,3.079852,3.796533,2.146927,0.860336,5.333791,3.528845,1.036073,1.706130,8.608837,0.982607,8.876010,0.000027,3.092270,0.944022,1.895216
2026-06-03 16:52:49,26,1.865598,3.731169,0.000027,0.430181,1.0731,10.5596,4.0000,0.910519,5.118470,7.526539,7.576481,7.603895,3.079852,3.796533,2.146927,0.860336,5.333791,3.528845,1.036073,1.706130,8.608837,0.982607,8.876010,0.000027,3.092270,0.944022,1.895216
2026-06-03 16:52:50,27,1.865667,3.731307,0.000027,0.430384,1.0593,10.5495,4.0000,0.910946,5.117977,7.526481,7.576423,7.603821,3.080052,3.796356,2.147283,0.860740,5.333930,3.528801,1.036506,1.706598,8.608696,0.983050,8.875808,0.000027,3.092529,0.944455,1.895653
2026-06-03 16:52:50,28,1.865667,3.731307,0.000027,0.430384,1.0593,10.5495,4.0000,0.910946,5.117977,7.526481,7.576423,7.603821,3.080052,3.796356,2.147283,0.860740,5.333930,3.528801,1.036506,1.706598,8.608696,0.983050,8.875808,0.000027,3.092529,0.944455,1.895653
2026-06-03 16:52:51,29,1.865667,3.731307,0.000027,0.430384,1.0593,10.5495,4.0000,0.910946,5.117977,7.526481,7.576423,7.603821,3.080052,3.796356,2.147283,0.860740,5.333930,3.528801,1.036506,1.706598,8.608696,0.983050,8.875808,0.000027,3.092529,0.944455,1.895653
2026-06-03 16:52:51,30,1.865667,3.731307,0.000027,0.430384,1.0593,10.5495,4.0000,0.910946,5.117977,7.526481,7.576423,7.603821,3.080052,3.796356,2.147283,0.860740,5.333930,3.528801,1.036506,1.706598,8.608696,0.983050,8.875808,0.000027,3.092529,0.944455,1.895653
2026-06-03 16:52:52,31,1.865667,3.731307,0.000027,0.430384,1.0593,10.5495,4.0000,0.910946,5.117977,7.526481,7.576423,7.603821,3.080052,3.796356,2.147283,0.860740,5.333930,3.528801,1.036506,1.706598,8.608696,0.983050,8.875808,0.000027,3.092529,0.944455,1.895653
2026-06-03 16:52:52,32,1.865667,3.731307,0.000027,0.430384,1.0593,10.5495,4.0000,0.910946,5.117977,7.526481,7.576423,7.603821,3.080052,3.796356,2.147283,0.860740,5.333930,3.528801,1.036506,1.706598,8.608696,0.983050,8.875808,0.000027,3.092529,0.944455,1.895653
2026-06-03 16:52:52,33,1.865667,3.731307,0.000027,0.430384,1.0593,10.5495,4.0000,0.910946,5.117977,7.526481,7.576423,7.603821,3.080052,3.796356,2.147283,0.860740,5.333930,3.528801,1.036506,1.706598,8.608696,0.983050,8.875808,0.000027,3.092529,0.944455,1.895653
2026-06-03 16:52:53,34,1.865667,3.731307,0.000027,0.430384,1.0593,10.5495,4.0000,0.910946,5.117977,7.526481,7.576423,7.603821,3.080052,3.796356,2.147283,0.860740,5.333930,3.528801,1.036506,1.706598,8.608696,0.983050,8.875808,0.000027,3.092529,0.944455,1.895653
2026-06-03 16:52:53,35,1.865667,3.731307,0.000027,0.430384,1.0593,10.5495,4.0000,0.910946,5.117977,7.526481,7.576423,7.603821,3.080052,3.796356,2.147283,0.860740,5.333930,3.528801,1.036506,1.706598,8.608696,0.983050,8.875808,0.000027,3.092529,0.944455,1.895653
2026-06-03 16:52:54,36,1.865667,3.731307,0.000027,0.430384,1.0593,10.5495,4.0000,0.910946,5.117977,7.526481,7.576423,7.603821,3.080052,3.796356,2.147283,0.860740,5.333930,3.528801,1.036506,1.706598,8.608696,0.983050,8.875808,0.000027,3.092529,0.944455,1.895653
2026-06-03 16:52:54,37,1.865667,3.731307,0.000027,0.430384,1.0593,10.5495,4.0000,0.910946,5.117977,7.526481,7.576423,7.603821,3.080052,3.796356,2.147283,0.860740,5.333930,3.528801,1.036506,1.706598,8.608696,0.983050,8.875808,0.000027,3.092529,0.944455,1.895653
2026-06-03 16:52:55,38,1.865667,3.731307,0.000027,0.430384,1.0593,10.5495,4.0000,0.910946,5.117977,7.526481,7.576423,7.603821,3.080052,3.796356,2.147283,0.860740,5.333930,3.528801,1.036506,1.706598,8.608696,0.983050,8.875808,0.000027,3.092529,0.944455,1.895653
2026-06-03 16:52:55,39,1.865667,3.731307,0.000027,0.430384,1.0593,10.5495,4.0000,0.910946,5.117977,7.526481,7.576423,7.603821,3.080052,3.796356,2.147283,0.860740,5.333930,3.528801,1.036506,1.706598,8.608696,0.983050,8.875808,0.000027,3.092529,0.944455,1.895653
2026-06-03 16:52:56,40,1.865667,3.731307,0.000027,0.430384,1.0593,10.5495,4.0000,0.910946,5.117977,7.526481,7.576423,7.603821,3.080052,3.796356,2.147283,0.860740,5.333930,3.528801,1.036506,1.706598,8.608696,0.983050,8.875808,0.000027,3.092529,0.944455,1.895653
2026-06-03 16:52:56,41,1.865667,3.731307,0.000027,0.430384,1.0593,10.5495,4.0000,0.910946,5.117977,7.526481,7.576423,7.603821,3.080052,3.796356,2.147283,0.860740,5.333930,3.528801,1.036506,1.706598,8.608696,0.983050,8.875808,0.000027,3.092529,0.944455,1.895653
2026-06-03 16:52:57,42,1.865667,3.731307,0.000027,0.430384,1.0593,10.5495,4.0000,0.910946,5.117977,7.526481,7.576423,7.603821,3.080052,3.796356,2.147283,0.860740,5.333930,3.528801,1.036506,1.706598,8.608696,0.983050,8.875808,0.000027,3.092529,0.944455,1.895653
2026-06-03 16:52:57,43,1.865667,3.731307,0.000027,0.430384,1.0593,10.5495,4.0000,0.910946,5.117977,7.526481,7.576423,7.603821,3.080052,3.796356,2.147283,0.860740,5.333930,3.528801,1.036506,1.706598,8.608696,0.983050,8.875808,0.000027,3.092529,0.944455,1.895653
2026-06-03 16:52:58,44,1.865667,3.731307,0.000027,0.430384,1.0593,10.5495,4.0000,0.910946,5.117977,7.526481,7.576423,7.603821,3.080052,3.796356,2.147283,0.860740,5.333930,3.528801,1.036506,1.706598,8.608696,0.983050,8.875808,0.000027,3.092529,0.944455,1.895653
2026-06-03 16:52:58,45,1.865667,3.731307,0.000027,0.430384,1.0593,10.5495,4.0000,0.910946,5.117977,7.526481,7.576423,7.603821,3.080052,3.796356,2.147283,0.860740,5.333930,3.528801,1.036506,1.706598,8.608696,0.983050,8.875808,0.000027,3.092529,0.944455,1.895653
2026-06-03 16:52:59,46,1.865667,3.731307,0.000027,0.430384,1.0593,10.5495,4.0000,0.910946,5.117977,7.526481,7.576423,7.603821,3.080052,3.796356,2.147283,0.860740,5.333930,3.528801,1.036506,1.706598,8.608696,0.983050,8.875808,0.000027,3.092529,0.944455,1.895653
2026-06-03 16:52:59,47,1.865667,3.731307,0.000027,0.430384,1.0593,10.5495,4.0000,0.910946,5.117977,7.526481,7.576423,7.603821,3.080052,3.796356,2.147283,0.860740,5.333930,3.528801,1.036506,1.706598,8.608696,0.983050,8.875808,0.000027,3.092529,0.944455,1.895653
2026-06-03 16:52:59,48,1.865836,3.731644,0.000027,0.430536,1.0625,10.5267,4.0000,0.911302,5.119056,7.526502,7.576469,7.603800,3.080794,3.796856,2.147709,0.861045,5.334058,3.529343,1.036854,1.707139,8.608411,0.983435,8.875659,0.000027,3.093425,0.944819,1.896185
2026-06-03 16:53:00,49,1.865836,3.731644,0.000027,0.430536,1.0625,10.5267,4.0000,0.911302,5.119056,7.526502,7.576469,7.603800,3.080794,3.796856,2.147709,0.861045,5.334058,3.529343,1.036854,1.707139,8.608411,0.983435,8.875659,0.000027,3.093425,0.944819,1.896185
2026-06-03 16:53:00,50,1.865836,3.731644,0.000027,0.430536,1.0625,10.5267,4.0000,0.911302,5.119056,7.526502,7.576469,7.603800,3.080794,3.796856,2.147709,0.861045,5.334058,3.529343,1.036854,1.707139,8.608411,0.983435,8.875659,0.000027,3.093425,0.944819,1.896185
2026-06-03 16:53:01,51,1.865836,3.731644,0.000027,0.430536,1.0625,10.5267,4.0000,0.911302,5.119056,7.526502,7.576469,7.603800,3.080794,3.796856,2.147709,0.861045,5.334058,3.529343,1.036854,1.707139,8.608411,0.983435,8.875659,0.000027,3.093425,0.944819,1.896185
2026-06-03 16:53:01,52,1.865836,3.731644,0.000027,0.430536,1.0625,10.5267,4.0000,0.911302,5.119056,7.526502,7.576469,7.603800,3.080794,3.796856,2.147709,0.861045,5.334058,3.529343,1.036854,1.707139,8.608411,0.983435,8.875659,0.000027,3.093425,0.944819,1.896185
2026-06-03 16:53:02,53,1.865836,3.731644,0.000027,0.430536,1.0625,10.5267,4.0000,0.911302,5.119056,7.526502,7.576469,7.603800,3.080794,3.796856,2.147709,0.861045,5.334058,3.529343,1.036854,1.707139,8.608411,0.983435,8.875659,0.000027,3.093425,0.944819,1.896185
2026-06-03 16:53:02,54,1.865836,3.731644,0.000027,0.430536,1.0625,10.5267,4.0000,0.911302,5.119056,7.526502,7.576469,7.603800,3.080794,3.796856,2.147709,0.861045,5.334058,3.529343,1.036854,1.707139,8.608411,0.983435,8.875659,0.000027,3.093425,0.944819,1.896185
2026-06-03 16:53:03,55,1.865836,3.731644,0.000027,0.430536,1.0625,10.5267,4.0000,0.911302,5.119056,7.526502,7.576469,7.603800,3.080794,3.796856,2.147709,0.861045,5.334058,3.529343,1.036854,1.707139,8.608411,0.983435,8.875659,0.000027,3.093425,0.944819,1.896185
2026-06-03 16:53:03,56,1.865836,3.731644,0.000027,0.430536,1.0625,10.5267,4.0000,0.911302,5.119056,7.526502,7.576469,7.603800,3.080794,3.796856,2.147709,0.861045,5.334058,3.529343,1.036854,1.707139,8.608411,0.983435,8.875659,0.000027,3.093425,0.944819,1.896185
2026-06-03 16:53:04,57,1.865836,3.731644,0.000027,0.430536,1.0625,10.5267,4.0000,0.911302,5.119056,7.526502,7.576469,7.603800,3.080794,3.796856,2.147709,0.861045,5.334058,3.529343,1.036854,1.707139,8.608411,0.983435,8.875659,0.000027,3.093425,0.944819,1.896185
2026-06-03 16:53:04,58,1.865836,3.731644,0.000027,0.430536,1.0625,10.5267,4.0000,0.911302,5.119056,7.526502,7.576469,7.603800,3.080794,3.796856,2.147709,0.861045,5.334058,3.529343,1.036854,1.707139,8.608411,0.983435,8.875659,0.000027,3.093425,0.944819,1.896185
2026-06-03 16:53:05,59,1.865836,3.731644,0.000027,0.430536,1.0625,10.5267,4.0000,0.911302,5.119056,7.526502,7.576469,7.603800,3.080794,3.796856,2.147709,0.861045,5.334058,3.529343,1.036854,1.707139,8.608411,0.983435,8.875659,0.000027,3.093425,0.944819,1.896185
2026-06-03 16:53:05,60,1.865836,3.731644,0.000027,0.430536,1.0625,10.5267,4.0000,0.911302,5.119056,7.526502,7.576469,7.603800,3.080794,3.796856,2.147709,0.861045,5.334058,3.529343,1.036854,1.707139,8.608411,0.983435,8.875659,0.000027,3.093425,0.944819,1.896185
2026-06-03 16:53:06,61,1.866020,3.732013,0.000027,0.430750,1.0625,10.4930,4.0000,0.911800,5.120111,7.526452,7.576455,7.603690,3.081640,3.797249,2.148208,0.861473,5.334216,3.529839,1.037334,1.707846,8.607930,0.983971,8.875339,0.000027,3.094495,0.945328,1.896860
2026-06-03 16:53:06,62,1.866020,3.732013,0.000027,0.430750,1.0625,10.4930,4.0000,0.911800,5.120111,7.526452,7.576455,7.603690,3.081640,3.797249,2.148208,0.861473,5.334216,3.529839,1.037334,1.707846,8.607930,0.983971,8.875339,0.000027,3.094495,0.945328,1.896860
2026-06-03 16:53:06,63,1.866020,3.732013,0.000027,0.430750,1.0625,10.4930,4.0000,0.911800,5.120111,7.526452,7.576455,7.603690,3.081640,3.797249,2.148208,0.861473,5.334216,3.529839,1.037334,1.707846,8.607930,0.983971,8.875339,0.000027,3.094495,0.945328,1.896860
2026-06-03 16:53:07,64,1.866020,3.732013,0.000027,0.430750,1.0625,10.4930,4.0000,0.911800,5.120111,7.526452,7.576455,7.603690,3.081640,3.797249,2.148208,0.861473,5.334216,3.529839,1.037334,1.707846,8.607930,0.983971,8.875339,0.000027,3.094495,0.945328,1.896860
2026-06-03 16:53:07,65,1.866063,3.732099,0.000027,0.430412,1.1015,10.5017,4.0000,0.911111,5.122612,7.526705,7.576729,7.603953,3.082000,3.798428,2.147870,0.860798,5.334034,3.530698,1.036641,1.707274,8.608155,0.983273,8.875838,0.000027,3.094823,0.944635,1.896377
2026-06-03 16:53:08,66,1.866119,3.732210,0.000027,0.430717,1.0762,10.4871,4.0000,0.911751,5.121399,7.526560,7.576579,7.603785,3.082106,3.797890,2.148322,0.861407,5.334225,3.530392,1.037284,1.707922,8.607913,0.983932,8.875461,0.000027,3.095010,0.945281,1.896964
2026-06-03 16:53:08,67,1.866119,3.732210,0.000027,0.430717,1.0762,10.4871,4.0000,0.911751,5.121399,7.526560,7.576579,7.603785,3.082106,3.797890,2.148322,0.861407,5.334225,3.530392,1.037284,1.707922,8.607913,0.983932,8.875461,0.000027,3.095010,0.945281,1.896964
2026-06-03 16:53:09,68,1.866119,3.732210,0.000027,0.430717,1.0762,10.4871,4.0000,0.911751,5.121399,7.526560,7.576579,7.603785,3.082106,3.797890,2.148322,0.861407,5.334225,3.530392,1.037284,1.707922,8.607913,0.983932,8.875461,0.000027,3.095010,0.945281,1.896964
2026-06-03 16:53:09,69,1.866119,3.732210,0.000027,0.430717,1.0762,10.4871,4.0000,0.911751,5.121399,7.526560,7.576579,7.603785,3.082106,3.797890,2.148322,0.861407,5.334225,3.530392,1.037284,1.707922,8.607913,0.983932,8.875461,0.000027,3.095010,0.945281,1.896964
2026-06-03 16:53:10,70,1.866119,3.732210,0.000027,0.430717,1.0762,10.4871,4.0000,0.911751,5.121399,7.526560,7.576579,7.603785,3.082106,3.797890,2.148322,0.861407,5.334225,3.530392,1.037284,1.707922,8.607913,0.983932,8.875461,0.000027,3.095010,0.945281,1.896964
2026-06-03 16:53:10,71,1.866119,3.732210,0.000027,0.430717,1.0762,10.4871,4.0000,0.911751,5.121399,7.526560,7.576579,7.603785,3.082106,3.797890,2.148322,0.861407,5.334225,3.530392,1.037284,1.707922,8.607913,0.983932,8.875461,0.000027,3.095010,0.945281,1.896964
2026-06-03 16:53:11,72,1.866119,3.732210,0.000027,0.430717,1.0762,10.4871,4.0000,0.911751,5.121399,7.526560,7.576579,7.603785,3.082106,3.797890,2.148322,0.861407,5.334225,3.530392,1.037284,1.707922,8.607913,0.983932,8.875461,0.000027,3.095010,0.945281,1.896964
2026-06-03 16:53:11,73,1.866119,3.732210,0.000027,0.430717,1.0762,10.4871,4.0000,0.911751,5.121399,7.526560,7.576579,7.603785,3.082106,3.797890,2.148322,0.861407,5.334225,3.530392,1.037284,1.707922,8.607913,0.983932,8.875461,0.000027,3.095010,0.945281,1.896964
2026-06-03 16:53:12,74,1.866119,3.732210,0.000027,0.430717,1.0762,10.4871,4.0000,0.911751,5.121399,7.526560,7.576579,7.603785,3.082106,3.797890,2.148322,0.861407,5.334225,3.530392,1.037284,1.707922,8.607913,0.983932,8.875461,0.000027,3.095010,0.945281,1.896964
2026-06-03 16:53:12,75,1.866119,3.732210,0.000027,0.430717,1.0762,10.4871,4.0000,0.911751,5.121399,7.526560,7.576579,7.603785,3.082106,3.797890,2.148322,0.861407,5.334225,3.530392,1.037284,1.707922,8.607913,0.983932,8.875461,0.000027,3.095010,0.945281,1.896964
2026-06-03 16:53:12,76,1.866119,3.732210,0.000027,0.430717,1.0762,10.4871,4.0000,0.911751,5.121399,7.526560,7.576579,7.603785,3.082106,3.797890,2.148322,0.861407,5.334225,3.530392,1.037284,1.707922,8.607913,0.983932,8.875461,0.000027,3.095010,0.945281,1.896964
2026-06-03 16:53:13,77,1.866119,3.732210,0.000027,0.430717,1.0762,10.4871,4.0000,0.911751,5.121399,7.526560,7.576579,7.603785,3.082106,3.797890,2.148322,0.861407,5.334225,3.530392,1.037284,1.707922,8.607913,0.983932,8.875461,0.000027,3.095010,0.945281,1.896964
2026-06-03 16:53:13,78,1.866127,3.732228,0.000027,0.430699,1.0789,10.4874,4.0000,0.911716,5.121591,7.526581,7.576601,7.603806,3.082151,3.797986,2.148315,0.861372,5.334218,3.530468,1.037249,1.707900,8.607927,0.983897,8.875496,0.000027,3.095055,0.945246,1.896949
2026-06-03 16:53:14,79,1.866127,3.732228,0.000027,0.430699,1.0789,10.4874,4.0000,0.911716,5.121591,7.526581,7.576601,7.603806,3.082151,3.797986,2.148315,0.861372,5.334218,3.530468,1.037249,1.707900,8.607927,0.983897,8.875496,0.000027,3.095055,0.945246,1.896949
2026-06-03 16:53:14,80,1.866127,3.732228,0.000027,0.430699,1.0789,10.4874,4.0000,0.911716,5.121591,7.526581,7.576601,7.603806,3.082151,3.797986,2.148315,0.861372,5.334218,3.530468,1.037249,1.707900,8.607927,0.983897,8.875496,0.000027,3.095055,0.945246,1.896949
2026-06-03 16:53:15,81,1.866127,3.732228,0.000027,0.430699,1.0789,10.4874,4.0000,0.911716,5.121591,7.526581,7.576601,7.603806,3.082151,3.797986,2.148315,0.861372,5.334218,3.530468,1.037249,1.707900,8.607927,0.983897,8.875496,0.000027,3.095055,0.945246,1.896949
2026-06-03 16:53:15,82,1.866127,3.732228,0.000027,0.430699,1.0789,10.4874,4.0000,0.911716,5.121591,7.526581,7.576601,7.603806,3.082151,3.797986,2.148315,0.861372,5.334218,3.530468,1.037249,1.707900,8.607927,0.983897,8.875496,0.000027,3.095055,0.945246,1.896949
2026-06-03 16:53:16,83,1.866127,3.732228,0.000027,0.430699,1.0789,10.4874,4.0000,0.911716,5.121591,7.526581,7.576601,7.603806,3.082151,3.797986,2.148315,0.861372,5.334218,3.530468,1.037249,1.707900,8.607927,0.983897,8.875496,0.000027,3.095055,0.945246,1.896949
2026-06-03 16:53:16,84,1.866127,3.732228,0.000027,0.430699,1.0789,10.4874,4.0000,0.911716,5.121591,7.526581,7.576601,7.603806,3.082151,3.797986,2.148315,0.861372,5.334218,3.530468,1.037249,1.707900,8.607927,0.983897,8.875496,0.000027,3.095055,0.945246,1.896949
2026-06-03 16:53:17,85,1.866127,3.732228,0.000027,0.430699,1.0789,10.4874,4.0000,0.911716,5.121591,7.526581,7.576601,7.603806,3.082151,3.797986,2.148315,0.861372,5.334218,3.530468,1.037249,1.707900,8.607927,0.983897,8.875496,0.000027,3.095055,0.945246,1.896949
2026-06-03 16:53:17,86,1.866127,3.732228,0.000027,0.430699,1.0789,10.4874,4.0000,0.911716,5.121591,7.526581,7.576601,7.603806,3.082151,3.797986,2.148315,0.861372,5.334218,3.530468,1.037249,1.707900,8.607927,0.983897,8.875496,0.000027,3.095055,0.945246,1.896949
2026-06-03 16:53:18,87,1.866127,3.732228,0.000027,0.430699,1.0789,10.4874,4.0000,0.911716,5.121591,7.526581,7.576601,7.603806,3.082151,3.797986,2.148315,0.861372,5.334218,3.530468,1.037249,1.707900,8.607927,0.983897,8.875496,0.000027,3.095055,0.945246,1.896949
2026-06-03 16:53:18,88,1.866127,3.732228,0.000027,0.430699,1.0789,10.4874,4.0000,0.911716,5.121591,7.526581,7.576601,7.603806,3.082151,3.797986,2.148315,0.861372,5.334218,3.530468,1.037249,1.707900,8.607927,0.983897,8.875496,0.000027,3.095055,0.945246,1.896949
2026-06-03 16:53:18,89,1.866127,3.732228,0.000027,0.430699,1.0789,10.4874,4.0000,0.911716,5.121591,7.526581,7.576601,7.603806,3.082151,3.797986,2.148315,0.861372,5.334218,3.530468,1.037249,1.707900,8.607927,0.983897,8.875496,0.000027,3.095055,0.945246,1.896949
2026-06-03 16:53:19,90,1.866127,3.732228,0.000027,0.430699,1.0789,10.4874,4.0000,0.911716,5.121591,7.526581,7.576601,7.603806,3.082151,3.797986,2.148315,0.861372,5.334218,3.530468,1.037249,1.707900,8.607927,0.983897,8.875496,0.000027,3.095055,0.945246,1.896949
2026-06-03 16:53:19,91,1.866127,3.732228,0.000027,0.430699,1.0789,10.4874,4.0000,0.911716,5.121591,7.526581,7.576601,7.603806,3.082151,3.797986,2.148315,0.861372,5.334218,3.530468,1.037249,1.707900,8.607927,0.983897,8.875496,0.000027,3.095055,0.945246,1.896949
2026-06-03 16:53:20,92,1.866127,3.732228,0.000027,0.430699,1.0789,10.4874,4.0000,0.911716,5.121591,7.526581,7.576601,7.603806,3.082151,3.797986,2.148315,0.861372,5.334218,3.530468,1.037249,1.707900,8.607927,0.983897,8.875496,0.000027,3.095055,0.945246,1.896949
2026-06-03 16:53:20,93,1.866127,3.732228,0.000027,0.430699,1.0789,10.4874,4.0000,0.911716,5.121591,7.526581,7.576601,7.603806,3.082151,3.797986,2.148315,0.861372,5.334218,3.530468,1.037249,1.707900,8.607927,0.983897,8.875496,0.000027,3.095055,0.945246,1.896949
2026-06-03 16:53:21,94,1.866127,3.732228,0.000027,0.430699,1.0789,10.4874,4.0000,0.911716,5.121591,7.526581,7.576601,7.603806,3.082151,3.797986,2.148315,0.861372,5.334218,3.530468,1.037249,1.707900,8.607927,0.983897,8.875496,0.000027,3.095055,0.945246,1.896949
2026-06-03 16:53:21,95,1.866127,3.732228,0.000027,0.430699,1.0789,10.4874,4.0000,0.911716,5.121591,7.526581,7.576601,7.603806,3.082151,3.797986,2.148315,0.861372,5.334218,3.530468,1.037249,1.707900,8.607927,0.983897,8.875496,0.000027,3.095055,0.945246,1.896949
2026-06-03 16:53:22,96,1.866128,3.732229,0.000027,0.430659,1.0829,10.4896,4.0000,0.911631,5.121820,7.526612,7.576633,7.603841,3.082166,3.798104,2.148270,0.861291,5.334196,3.530549,1.037165,1.707822,8.607973,0.983810,8.875563,0.000027,3.095057,0.945160,1.896881
2026-06-03 16:53:22,97,1.866128,3.732229,0.000027,0.430659,1.0829,10.4896,4.0000,0.911631,5.121820,7.526612,7.576633,7.603841,3.082166,3.798104,2.148270,0.861291,5.334196,3.530549,1.037165,1.707822,8.607973,0.983810,8.875563,0.000027,3.095057,0.945160,1.896881
2026-06-03 16:53:23,98,1.866128,3.732229,0.000027,0.430659,1.0829,10.4896,4.0000,0.911631,5.121820,7.526612,7.576633,7.603841,3.082166,3.798104,2.148270,0.861291,5.334196,3.530549,1.037165,1.707822,8.607973,0.983810,8.875563,0.000027,3.095057,0.945160,1.896881
2026-06-03 16:53:23,99,1.866128,3.732229,0.000027,0.430659,1.0829,10.4896,4.0000,0.911631,5.121820,7.526612,7.576633,7.603841,3.082166,3.798104,2.148270,0.861291,5.334196,3.530549,1.037165,1.707822,8.607973,0.983810,8.875563,0.000027,3.095057,0.945160,1.896881
2026-06-03 16:53:23,100,1.866128,3.732229,0.000027,0.430659,1.0829,10.4896,4.0000,0.911631,5.121820,7.526612,7.576633,7.603841,3.082166,3.798104,2.148270,0.861291,5.334196,3.530549,1.037165,1.707822,8.607973,0.983810,8.875563,0.000027,3.095057,0.945160,1.896881
2026-06-03 16:53:24,101,1.866128,3.732229,0.000027,0.430659,1.0829,10.4896,4.0000,0.911631,5.121820,7.526612,7.576633,7.603841,3.082166,3.798104,2.148270,0.861291,5.334196,3.530549,1.037165,1.707822,8.607973,0.983810,8.875563,0.000027,3.095057,0.945160,1.896881
2026-06-03 16:53:24,102,1.866128,3.732229,0.000027,0.430659,1.0829,10.4896,4.0000,0.911631,5.121820,7.526612,7.576633,7.603841,3.082166,3.798104,2.148270,0.861291,5.334196,3.530549,1.037165,1.707822,8.607973,0.983810,8.875563,0.000027,3.095057,0.945160,1.896881
2026-06-03 16:53:25,103,1.866128,3.732229,0.000027,0.430659,1.0829,10.4896,4.0000,0.911631,5.121820,7.526612,7.576633,7.603841,3.082166,3.798104,2.148270,0.861291,5.334196,3.530549,1.037165,1.707822,8.607973,0.983810,8.875563,0.000027,3.095057,0.945160,1.896881
2026-06-03 16:53:25,104,1.866128,3.732229,0.000027,0.430659,1.0829,10.4896,4.0000,0.911631,5.121820,7.526612,7.576633,7.603841,3.082166,3.798104,2.148270,0.861291,5.334196,3.530549,1.037165,1.707822,8.607973,0.983810,8.875563,0.000027,3.095057,0.945160,1.896881
2026-06-03 16:53:26,105,1.866128,3.732229,0.000027,0.430659,1.0829,10.4896,4.0000,0.911631,5.121820,7.526612,7.576633,7.603841,3.082166,3.798104,2.148270,0.861291,5.334196,3.530549,1.037165,1.707822,8.607973,0.983810,8.875563,0.000027,3.095057,0.945160,1.896881
2026-06-03 16:53:26,106,1.866128,3.732229,0.000027,0.430659,1.0829,10.4896,4.0000,0.911631,5.121820,7.526612,7.576633,7.603841,3.082166,3.798104,2.148270,0.861291,5.334196,3.530549,1.037165,1.707822,8.607973,0.983810,8.875563,0.000027,3.095057,0.945160,1.896881
2026-06-03 16:53:27,107,1.866128,3.732229,0.000027,0.430659,1.0829,10.4896,4.0000,0.911631,5.121820,7.526612,7.576633,7.603841,3.082166,3.798104,2.148270,0.861291,5.334196,3.530549,1.037165,1.707822,8.607973,0.983810,8.875563,0.000027,3.095057,0.945160,1.896881
2026-06-03 16:53:27,108,1.866128,3.732229,0.000027,0.430659,1.0829,10.4896,4.0000,0.911631,5.121820,7.526612,7.576633,7.603841,3.082166,3.798104,2.148270,0.861291,5.334196,3.530549,1.037165,1.707822,8.607973,0.983810,8.875563,0.000027,3.095057,0.945160,1.896881
2026-06-03 16:53:28,109,1.866128,3.732229,0.000027,0.430659,1.0829,10.4896,4.0000,0.911631,5.121820,7.526612,7.576633,7.603841,3.082166,3.798104,2.148270,0.861291,5.334196,3.530549,1.037165,1.707822,8.607973,0.983810,8.875563,0.000027,3.095057,0.945160,1.896881
2026-06-03 16:53:28,110,1.866128,3.732229,0.000027,0.430659,1.0829,10.4896,4.0000,0.911631,5.121820,7.526612,7.576633,7.603841,3.082166,3.798104,2.148270,0.861291,5.334196,3.530549,1.037165,1.707822,8.607973,0.983810,8.875563,0.000027,3.095057,0.945160,1.896881
2026-06-03 16:53:29,111,1.866128,3.732229,0.000027,0.430659,1.0829,10.4896,4.0000,0.911631,5.121820,7.526612,7.576633,7.603841,3.082166,3.798104,2.148270,0.861291,5.334196,3.530549,1.037165,1.707822,8.607973,0.983810,8.875563,0.000027,3.095057,0.945160,1.896881
2026-06-03 16:53:29,112,1.866128,3.732229,0.000027,0.430659,1.0829,10.4896,4.0000,0.911631,5.121820,7.526612,7.576633,7.603841,3.082166,3.798104,2.148270,0.861291,5.334196,3.530549,1.037165,1.707822,8.607973,0.983810,8.875563,0.000027,3.095057,0.945160,1.896881
2026-06-03 16:53:29,113,1.866128,3.732229,0.000027,0.430659,1.0829,10.4896,4.0000,0.911631,5.121820,7.526612,7.576633,7.603841,3.082166,3.798104,2.148270,0.861291,5.334196,3.530549,1.037165,1.707822,8.607973,0.983810,8.875563,0.000027,3.095057,0.945160,1.896881
2026-06-03 16:53:30,114,1.866128,3.732229,0.000027,0.430659,1.0829,10.4896,4.0000,0.911631,5.121820,7.526612,7.576633,7.603841,3.082166,3.798104,2.148270,0.861291,5.334196,3.530549,1.037165,1.707822,8.607973,0.983810,8.875563,0.000027,3.095057,0.945160,1.896881
2026-06-03 16:53:30,115,1.866128,3.732229,0.000027,0.430659,1.0829,10.4896,4.0000,0.911631,5.121820,7.526612,7.576633,7.603841,3.082166,3.798104,2.148270,0.861291,5.334196,3.530549,1.037165,1.707822,8.607973,0.983810,8.875563,0.000027,3.095057,0.945160,1.896881
2026-06-03 16:53:31,116,1.866128,3.732229,0.000027,0.430659,1.0829,10.4896,4.0000,0.911631,5.121820,7.526612,7.576633,7.603841,3.082166,3.798104,2.148270,0.861291,5.334196,3.530549,1.037165,1.707822,8.607973,0.983810,8.875563,0.000027,3.095057,0.945160,1.896881
2026-06-03 16:53:31,117,1.866128,3.732229,0.000027,0.430659,1.0829,10.4896,4.0000,0.911631,5.121820,7.526612,7.576633,7.603841,3.082166,3.798104,2.148270,0.861291,5.334196,3.530549,1.037165,1.707822,8.607973,0.983810,8.875563,0.000027,3.095057,0.945160,1.896881
2026-06-03 16:53:32,118,1.866128,3.732229,0.000027,0.430659,1.0829,10.4896,4.0000,0.911631,5.121820,7.526612,7.576633,7.603841,3.082166,3.798104,2.148270,0.861291,5.334196,3.530549,1.037165,1.707822,8.607973,0.983810,8.875563,0.000027,3.095057,0.945160,1.896881
2026-06-03 16:53:32,119,1.866128,3.732229,0.000027,0.430659,1.0829,10.4896,4.0000,0.911631,5.121820,7.526612,7.576633,7.603841,3.082166,3.798104,2.148270,0.861291,5.334196,3.530549,1.037165,1.707822,8.607973,0.983810,8.875563,0.000027,3.095057,0.945160,1.896881
2026-06-03 16:53:33,120,1.866128,3.732229,0.000027,0.430659,1.0829,10.4896,4.0000,0.911631,5.121820,7.526612,7.576633,7.603841,3.082166,3.798104,2.148270,0.861291,5.334196,3.530549,1.037165,1.707822,8.607973,0.983810,8.875563,0.000027,3.095057,0.945160,1.896881
2026-06-03 16:53:33,121,1.866128,3.732229,0.000027,0.430659,1.0829,10.4896,4.0000,0.911631,5.121820,7.526612,7.576633,7.603841,3.082166,3.798104,2.148270,0.861291,5.334196,3.530549,1.037165,1.707822,8.607973,0.983810,8.875563,0.000027,3.095057,0.945160,1.896881
2026-06-03 16:53:34,122,1.866128,3.732229,0.000027,0.430659,1.0829,10.4896,4.0000,0.911631,5.121820,7.526612,7.576633,7.603841,3.082166,3.798104,2.148270,0.861291,5.334196,3.530549,1.037165,1.707822,8.607973,0.983810,8.875563,0.000027,3.095057,0.945160,1.896881
2026-06-03 16:53:34,123,1.866128,3.732229,0.000027,0.430659,1.0829,10.4896,4.0000,0.911631,5.121820,7.526612,7.576633,7.603841,3.082166,3.798104,2.148270,0.861291,5.334196,3.530549,1.037165,1.707822,8.607973,0.983810,8.875563,0.000027,3.095057,0.945160,1.896881
2026-06-03 16:53:35,124,1.866128,3.732229,0.000027,0.430659,1.0829,10.4896,4.0000,0.911631,5.121820,7.526612,7.576633,7.603841,3.082166,3.798104,2.148270,0.861291,5.334196,3.530549,1.037165,1.707822,8.607973,0.983810,8.875563,0.000027,3.095057,0.945160,1.896881
2026-06-03 16:53:35,125,1.866128,3.732229,0.000027,0.430659,1.0829,10.4896,4.0000,0.911631,5.121820,7.526612,7.576633,7.603841,3.082166,3.798104,2.148270,0.861291,5.334196,3.530549,1.037165,1.707822,8.607973,0.983810,8.875563,0.000027,3.095057,0.945160,1.896881
2026-06-03 16:53:35,126,1.866143,3.732258,0.000027,0.430526,1.0985,10.4908,4.0000,0.911363,5.122836,7.526696,7.576728,7.603925,3.082318,3.798551,2.148126,0.861025,5.334121,3.530875,1.036892,1.707603,8.608018,0.983540,8.875728,0.000027,3.095211,0.944891,1.896693
2026-06-03 16:53:36,127,1.866143,3.732258,0.000027,0.430526,1.0985,10.4908,4.0000,0.911363,5.122836,7.526696,7.576728,7.603925,3.082318,3.798551,2.148126,0.861025,5.334121,3.530875,1.036892,1.707603,8.608018,0.983540,8.875728,0.000027,3.095211,0.944891,1.896693
2026-06-03 16:53:36,128,1.866143,3.732258,0.000027,0.430526,1.0985,10.4908,4.0000,0.911363,5.122836,7.526696,7.576728,7.603925,3.082318,3.798551,2.148126,0.861025,5.334121,3.530875,1.036892,1.707603,8.608018,0.983540,8.875728,0.000027,3.095211,0.944891,1.896693
2026-06-03 16:53:37,129,1.866143,3.732258,0.000027,0.430526,1.0985,10.4908,4.0000,0.911363,5.122836,7.526696,7.576728,7.603925,3.082318,3.798551,2.148126,0.861025,5.334121,3.530875,1.036892,1.707603,8.608018,0.983540,8.875728,0.000027,3.095211,0.944891,1.896693
2026-06-03 16:53:37,130,1.866143,3.732258,0.000027,0.430526,1.0985,10.4908,4.0000,0.911363,5.122836,7.526696,7.576728,7.603925,3.082318,3.798551,2.148126,0.861025,5.334121,3.530875,1.036892,1.707603,8.608018,0.983540,8.875728,0.000027,3.095211,0.944891,1.896693
2026-06-03 16:53:38,131,1.866143,3.732258,0.000027,0.430526,1.0985,10.4908,4.0000,0.911363,5.122836,7.526696,7.576728,7.603925,3.082318,3.798551,2.148126,0.861025,5.334121,3.530875,1.036892,1.707603,8.608018,0.983540,8.875728,0.000027,3.095211,0.944891,1.896693
2026-06-03 16:53:38,132,1.866143,3.732258,0.000027,0.430526,1.0985,10.4908,4.0000,0.911363,5.122836,7.526696,7.576728,7.603925,3.082318,3.798551,2.148126,0.861025,5.334121,3.530875,1.036892,1.707603,8.608018,0.983540,8.875728,0.000027,3.095211,0.944891,1.896693
2026-06-03 16:53:39,133,1.866143,3.732258,0.000027,0.430526,1.0985,10.4908,4.0000,0.911363,5.122836,7.526696,7.576728,7.603925,3.082318,3.798551,2.148126,0.861025,5.334121,3.530875,1.036892,1.707603,8.608018,0.983540,8.875728,0.000027,3.095211,0.944891,1.896693
2026-06-03 16:53:39,134,1.866143,3.732258,0.000027,0.430526,1.0985,10.4908,4.0000,0.911363,5.122836,7.526696,7.576728,7.603925,3.082318,3.798551,2.148126,0.861025,5.334121,3.530875,1.036892,1.707603,8.608018,0.983540,8.875728,0.000027,3.095211,0.944891,1.896693
2026-06-03 16:53:40,135,1.866143,3.732258,0.000027,0.430526,1.0985,10.4908,4.0000,0.911363,5.122836,7.526696,7.576728,7.603925,3.082318,3.798551,2.148126,0.861025,5.334121,3.530875,1.036892,1.707603,8.608018,0.983540,8.875728,0.000027,3.095211,0.944891,1.896693
2026-06-03 16:53:40,136,1.866143,3.732258,0.000027,0.430526,1.0985,10.4908,4.0000,0.911363,5.122836,7.526696,7.576728,7.603925,3.082318,3.798551,2.148126,0.861025,5.334121,3.530875,1.036892,1.707603,8.608018,0.983540,8.875728,0.000027,3.095211,0.944891,1.896693
2026-06-03 16:53:41,137,1.866143,3.732258,0.000027,0.430526,1.0985,10.4908,4.0000,0.911363,5.122836,7.526696,7.576728,7.603925,3.082318,3.798551,2.148126,0.861025,5.334121,3.530875,1.036892,1.707603,8.608018,0.983540,8.875728,0.000027,3.095211,0.944891,1.896693
2026-06-03 16:53:41,138,1.866143,3.732258,0.000027,0.430526,1.0985,10.4908,4.0000,0.911363,5.122836,7.526696,7.576728,7.603925,3.082318,3.798551,2.148126,0.861025,5.334121,3.530875,1.036892,1.707603,8.608018,0.983540,8.875728,0.000027,3.095211,0.944891,1.896693
2026-06-03 16:53:41,139,1.866143,3.732258,0.000027,0.430526,1.0985,10.4908,4.0000,0.911363,5.122836,7.526696,7.576728,7.603925,3.082318,3.798551,2.148126,0.861025,5.334121,3.530875,1.036892,1.707603,8.608018,0.983540,8.875728,0.000027,3.095211,0.944891,1.896693
2026-06-03 16:53:42,140,1.866143,3.732258,0.000027,0.430526,1.0985,10.4908,4.0000,0.911363,5.122836,7.526696,7.576728,7.603925,3.082318,3.798551,2.148126,0.861025,5.334121,3.530875,1.036892,1.707603,8.608018,0.983540,8.875728,0.000027,3.095211,0.944891,1.896693
2026-06-03 16:53:42,141,1.866143,3.732258,0.000027,0.430526,1.0985,10.4908,4.0000,0.911363,5.122836,7.526696,7.576728,7.603925,3.082318,3.798551,2.148126,0.861025,5.334121,3.530875,1.036892,1.707603,8.608018,0.983540,8.875728,0.000027,3.095211,0.944891,1.896693
2026-06-03 16:53:43,142,1.866143,3.732258,0.000027,0.430526,1.0985,10.4908,4.0000,0.911363,5.122836,7.526696,7.576728,7.603925,3.082318,3.798551,2.148126,0.861025,5.334121,3.530875,1.036892,1.707603,8.608018,0.983540,8.875728,0.000027,3.095211,0.944891,1.896693
2026-06-03 16:53:43,143,1.866143,3.732258,0.000027,0.430526,1.0985,10.4908,4.0000,0.911363,5.122836,7.526696,7.576728,7.603925,3.082318,3.798551,2.148126,0.861025,5.334121,3.530875,1.036892,1.707603,8.608018,0.983540,8.875728,0.000027,3.095211,0.944891,1.896693
2026-06-03 16:53:44,144,1.866143,3.732258,0.000027,0.430526,1.0985,10.4908,4.0000,0.911363,5.122836,7.526696,7.576728,7.603925,3.082318,3.798551,2.148126,0.861025,5.334121,3.530875,1.036892,1.707603,8.608018,0.983540,8.875728,0.000027,3.095211,0.944891,1.896693
2026-06-03 16:53:44,145,1.866143,3.732258,0.000027,0.430526,1.0985,10.4908,4.0000,0.911363,5.122836,7.526696,7.576728,7.603925,3.082318,3.798551,2.148126,0.861025,5.334121,3.530875,1.036892,1.707603,8.608018,0.983540,8.875728,0.000027,3.095211,0.944891,1.896693
2026-06-03 16:53:45,146,1.866143,3.732258,0.000027,0.430526,1.0985,10.4908,4.0000,0.911363,5.122836,7.526696,7.576728,7.603925,3.082318,3.798551,2.148126,0.861025,5.334121,3.530875,1.036892,1.707603,8.608018,0.983540,8.875728,0.000027,3.095211,0.944891,1.896693
2026-06-03 16:53:45,147,1.866143,3.732258,0.000027,0.430526,1.0985,10.4908,4.0000,0.911363,5.122836,7.526696,7.576728,7.603925,3.082318,3.798551,2.148126,0.861025,5.334121,3.530875,1.036892,1.707603,8.608018,0.983540,8.875728,0.000027,3.095211,0.944891,1.896693
2026-06-03 16:53:46,148,1.866143,3.732258,0.000027,0.430526,1.0985,10.4908,4.0000,0.911363,5.122836,7.526696,7.576728,7.603925,3.082318,3.798551,2.148126,0.861025,5.334121,3.530875,1.036892,1.707603,8.608018,0.983540,8.875728,0.000027,3.095211,0.944891,1.896693
2026-06-03 16:53:46,149,1.866143,3.732258,0.000027,0.430526,1.0985,10.4908,4.0000,0.911363,5.122836,7.526696,7.576728,7.603925,3.082318,3.798551,2.148126,0.861025,5.334121,3.530875,1.036892,1.707603,8.608018,0.983540,8.875728,0.000027,3.095211,0.944891,1.896693
2026-06-03 16:53:47,150,1.866143,3.732258,0.000027,0.430526,1.0985,10.4908,4.0000,0.911363,5.122836,7.526696,7.576728,7.603925,3.082318,3.798551,2.148126,0.861025,5.334121,3.530875,1.036892,1.707603,8.608018,0.983540,8.875728,0.000027,3.095211,0.944891,1.896693
2026-06-03 16:53:47,151,1.866143,3.732258,0.000027,0.430526,1.0985,10.4908,4.0000,0.911363,5.122836,7.526696,7.576728,7.603925,3.082318,3.798551,2.148126,0.861025,5.334121,3.530875,1.036892,1.707603,8.608018,0.983540,8.875728,0.000027,3.095211,0.944891,1.896693
2026-06-03 16:53:47,152,1.866143,3.732258,0.000027,0.430526,1.0985,10.4908,4.0000,0.911363,5.122836,7.526696,7.576728,7.603925,3.082318,3.798551,2.148126,0.861025,5.334121,3.530875,1.036892,1.707603,8.608018,0.983540,8.875728,0.000027,3.095211,0.944891,1.896693
2026-06-03 16:53:48,153,1.866143,3.732258,0.000027,0.430526,1.0985,10.4908,4.0000,0.911363,5.122836,7.526696,7.576728,7.603925,3.082318,3.798551,2.148126,0.861025,5.334121,3.530875,1.036892,1.707603,8.608018,0.983540,8.875728,0.000027,3.095211,0.944891,1.896693
2026-06-03 16:53:48,154,1.866143,3.732258,0.000027,0.430526,1.0985,10.4908,4.0000,0.911363,5.122836,7.526696,7.576728,7.603925,3.082318,3.798551,2.148126,0.861025,5.334121,3.530875,1.036892,1.707603,8.608018,0.983540,8.875728,0.000027,3.095211,0.944891,1.896693
2026-06-03 16:53:49,155,1.866143,3.732258,0.000027,0.430526,1.0985,10.4908,4.0000,0.911363,5.122836,7.526696,7.576728,7.603925,3.082318,3.798551,2.148126,0.861025,5.334121,3.530875,1.036892,1.707603,8.608018,0.983540,8.875728,0.000027,3.095211,0.944891,1.896693
2026-06-03 16:53:49,156,1.866143,3.732258,0.000027,0.430526,1.0985,10.4908,4.0000,0.911363,5.122836,7.526696,7.576728,7.603925,3.082318,3.798551,2.148126,0.861025,5.334121,3.530875,1.036892,1.707603,8.608018,0.983540,8.875728,0.000027,3.095211,0.944891,1.896693
2026-06-03 16:53:50,157,1.866143,3.732258,0.000027,0.430526,1.0985,10.4908,4.0000,0.911363,5.122836,7.526696,7.576728,7.603925,3.082318,3.798551,2.148126,0.861025,5.334121,3.530875,1.036892,1.707603,8.608018,0.983540,8.875728,0.000027,3.095211,0.944891,1.896693
2026-06-03 16:53:50,158,1.866143,3.732258,0.000027,0.430526,1.0985,10.4908,4.0000,0.911363,5.122836,7.526696,7.576728,7.603925,3.082318,3.798551,2.148126,0.861025,5.334121,3.530875,1.036892,1.707603,8.608018,0.983540,8.875728,0.000027,3.095211,0.944891,1.896693
2026-06-03 16:53:51,159,1.866143,3.732258,0.000027,0.430526,1.0985,10.4908,4.0000,0.911363,5.122836,7.526696,7.576728,7.603925,3.082318,3.798551,2.148126,0.861025,5.334121,3.530875,1.036892,1.707603,8.608018,0.983540,8.875728,0.000027,3.095211,0.944891,1.896693
2026-06-03 16:53:51,160,1.866143,3.732258,0.000027,0.430526,1.0985,10.4908,4.0000,0.911363,5.122836,7.526696,7.576728,7.603925,3.082318,3.798551,2.148126,0.861025,5.334121,3.530875,1.036892,1.707603,8.608018,0.983540,8.875728,0.000027,3.095211,0.944891,1.896693
2026-06-03 16:53:52,161,1.866143,3.732258,0.000027,0.430526,1.0985,10.4908,4.0000,0.911363,5.122836,7.526696,7.576728,7.603925,3.082318,3.798551,2.148126,0.861025,5.334121,3.530875,1.036892,1.707603,8.608018,0.983540,8.875728,0.000027,3.095211,0.944891,1.896693
2026-06-03 16:53:52,162,1.866143,3.732258,0.000027,0.430526,1.0985,10.4908,4.0000,0.911363,5.122836,7.526696,7.576728,7.603925,3.082318,3.798551,2.148126,0.861025,5.334121,3.530875,1.036892,1.707603,8.608018,0.983540,8.875728,0.000027,3.095211,0.944891,1.896693
2026-06-03 16:53:53,163,1.866143,3.732258,0.000027,0.430526,1.0985,10.4908,4.0000,0.911363,5.122836,7.526696,7.576728,7.603925,3.082318,3.798551,2.148126,0.861025,5.334121,3.530875,1.036892,1.707603,8.608018,0.983540,8.875728,0.000027,3.095211,0.944891,1.896693
2026-06-03 16:53:53,164,1.866143,3.732258,0.000027,0.430526,1.0985,10.4908,4.0000,0.911363,5.122836,7.526696,7.576728,7.603925,3.082318,3.798551,2.148126,0.861025,5.334121,3.530875,1.036892,1.707603,8.608018,0.983540,8.875728,0.000027,3.095211,0.944891,1.896693
2026-06-03 16:53:54,165,1.866143,3.732258,0.000027,0.430526,1.0985,10.4908,4.0000,0.911363,5.122836,7.526696,7.576728,7.603925,3.082318,3.798551,2.148126,0.861025,5.334121,3.530875,1.036892,1.707603,8.608018,0.983540,8.875728,0.000027,3.095211,0.944891,1.896693
2026-06-03 16:53:54,166,1.866143,3.732258,0.000027,0.430526,1.0985,10.4908,4.0000,0.911363,5.122836,7.526696,7.576728,7.603925,3.082318,3.798551,2.148126,0.861025,5.334121,3.530875,1.036892,1.707603,8.608018,0.983540,8.875728,0.000027,3.095211,0.944891,1.896693
2026-06-03 16:53:54,167,1.866143,3.732258,0.000027,0.430526,1.0985,10.4908,4.0000,0.911363,5.122836,7.526696,7.576728,7.603925,3.082318,3.798551,2.148126,0.861025,5.334121,3.530875,1.036892,1.707603,8.608018,0.983540,8.875728,0.000027,3.095211,0.944891,1.896693
2026-06-03 16:53:55,168,1.866143,3.732258,0.000027,0.430526,1.0985,10.4908,4.0000,0.911363,5.122836,7.526696,7.576728,7.603925,3.082318,3.798551,2.148126,0.861025,5.334121,3.530875,1.036892,1.707603,8.608018,0.983540,8.875728,0.000027,3.095211,0.944891,1.896693
2026-06-03 16:53:55,169,1.866143,3.732258,0.000027,0.430526,1.0985,10.4908,4.0000,0.911363,5.122836,7.526696,7.576728,7.603925,3.082318,3.798551,2.148126,0.861025,5.334121,3.530875,1.036892,1.707603,8.608018,0.983540,8.875728,0.000027,3.095211,0.944891,1.896693
2026-06-03 16:53:56,170,1.866143,3.732258,0.000027,0.430526,1.0985,10.4908,4.0000,0.911363,5.122836,7.526696,7.576728,7.603925,3.082318,3.798551,2.148126,0.861025,5.334121,3.530875,1.036892,1.707603,8.608018,0.983540,8.875728,0.000027,3.095211,0.944891,1.896693
2026-06-03 16:53:56,171,1.866143,3.732258,0.000027,0.430526,1.0985,10.4908,4.0000,0.911363,5.122836,7.526696,7.576728,7.603925,3.082318,3.798551,2.148126,0.861025,5.334121,3.530875,1.036892,1.707603,8.608018,0.983540,8.875728,0.000027,3.095211,0.944891,1.896693
2026-06-03 16:53:57,172,1.866143,3.732258,0.000027,0.430526,1.0985,10.4908,4.0000,0.911363,5.122836,7.526696,7.576728,7.603925,3.082318,3.798551,2.148126,0.861025,5.334121,3.530875,1.036892,1.707603,8.608018,0.983540,8.875728,0.000027,3.095211,0.944891,1.896693
2026-06-03 16:53:57,173,1.866143,3.732258,0.000027,0.430526,1.0985,10.4908,4.0000,0.911363,5.122836,7.526696,7.576728,7.603925,3.082318,3.798551,2.148126,0.861025,5.334121,3.530875,1.036892,1.707603,8.608018,0.983540,8.875728,0.000027,3.095211,0.944891,1.896693
2026-06-03 16:53:58,174,1.866143,3.732258,0.000027,0.430526,1.0985,10.4908,4.0000,0.911363,5.122836,7.526696,7.576728,7.603925,3.082318,3.798551,2.148126,0.861025,5.334121,3.530875,1.036892,1.707603,8.608018,0.983540,8.875728,0.000027,3.095211,0.944891,1.896693
2026-06-03 16:53:58,175,1.866143,3.732258,0.000027,0.430526,1.0985,10.4908,4.0000,0.911363,5.122836,7.526696,7.576728,7.603925,3.082318,3.798551,2.148126,0.861025,5.334121,3.530875,1.036892,1.707603,8.608018,0.983540,8.875728,0.000027,3.095211,0.944891,1.896693
2026-06-03 16:53:59,176,1.866143,3.732258,0.000027,0.430526,1.0985,10.4908,4.0000,0.911363,5.122836,7.526696,7.576728,7.603925,3.082318,3.798551,2.148126,0.861025,5.334121,3.530875,1.036892,1.707603,8.608018,0.983540,8.875728,0.000027,3.095211,0.944891,1.896693
2026-06-03 16:53:59,177,1.866143,3.732258,0.000027,0.430526,1.0985,10.4908,4.0000,0.911363,5.122836,7.526696,7.576728,7.603925,3.082318,3.798551,2.148126,0.861025,5.334121,3.530875,1.036892,1.707603,8.608018,0.983540,8.875728,0.000027,3.095211,0.944891,1.896693
2026-06-03 16:54:00,178,1.866143,3.732258,0.000027,0.430526,1.0985,10.4908,4.0000,0.911363,5.122836,7.526696,7.576728,7.603925,3.082318,3.798551,2.148126,0.861025,5.334121,3.530875,1.036892,1.707603,8.608018,0.983540,8.875728,0.000027,3.095211,0.944891,1.896693
2026-06-03 16:54:00,179,1.866143,3.732258,0.000027,0.430526,1.0985,10.4908,4.0000,0.911363,5.122836,7.526696,7.576728,7.603925,3.082318,3.798551,2.148126,0.861025,5.334121,3.530875,1.036892,1.707603,8.608018,0.983540,8.875728,0.000027,3.095211,0.944891,1.896693
2026-06-03 16:54:00,180,1.866143,3.732258,0.000027,0.430526,1.0985,10.4908,4.0000,0.911363,5.122836,7.526696,7.576728,7.603925,3.082318,3.798551,2.148126,0.861025,5.334121,3.530875,1.036892,1.707603,8.608018,0.983540,8.875728,0.000027,3.095211,0.944891,1.896693
2026-06-03 16:54:01,181,1.866143,3.732258,0.000027,0.430526,1.0985,10.4908,4.0000,0.911363,5.122836,7.526696,7.576728,7.603925,3.082318,3.798551,2.148126,0.861025,5.334121,3.530875,1.036892,1.707603,8.608018,0.983540,8.875728,0.000027,3.095211,0.944891,1.896693
2026-06-03 16:54:01,182,1.866143,3.732258,0.000027,0.430526,1.0985,10.4908,4.0000,0.911363,5.122836,7.526696,7.576728,7.603925,3.082318,3.798551,2.148126,0.861025,5.334121,3.530875,1.036892,1.707603,8.608018,0.983540,8.875728,0.000027,3.095211,0.944891,1.896693
2026-06-03 16:54:02,183,1.866143,3.732258,0.000027,0.430526,1.0985,10.4908,4.0000,0.911363,5.122836,7.526696,7.576728,7.603925,3.082318,3.798551,2.148126,0.861025,5.334121,3.530875,1.036892,1.707603,8.608018,0.983540,8.875728,0.000027,3.095211,0.944891,1.896693
2026-06-03 16:54:02,184,1.866143,3.732258,0.000027,0.430526,1.0985,10.4908,4.0000,0.911363,5.122836,7.526696,7.576728,7.603925,3.082318,3.798551,2.148126,0.861025,5.334121,3.530875,1.036892,1.707603,8.608018,0.983540,8.875728,0.000027,3.095211,0.944891,1.896693
2026-06-03 16:54:03,185,1.866143,3.732258,0.000027,0.430526,1.0985,10.4908,4.0000,0.911363,5.122836,7.526696,7.576728,7.603925,3.082318,3.798551,2.148126,0.861025,5.334121,3.530875,1.036892,1.707603,8.608018,0.983540,8.875728,0.000027,3.095211,0.944891,1.896693
2026-06-03 16:54:03,186,1.866143,3.732258,0.000027,0.430526,1.0985,10.4908,4.0000,0.911363,5.122836,7.526696,7.576728,7.603925,3.082318,3.798551,2.148126,0.861025,5.334121,3.530875,1.036892,1.707603,8.608018,0.983540,8.875728,0.000027,3.095211,0.944891,1.896693
2026-06-03 16:54:04,187,1.866143,3.732258,0.000027,0.430526,1.0985,10.4908,4.0000,0.911363,5.122836,7.526696,7.576728,7.603925,3.082318,3.798551,2.148126,0.861025,5.334121,3.530875,1.036892,1.707603,8.608018,0.983540,8.875728,0.000027,3.095211,0.944891,1.896693
2026-06-03 16:54:04,188,1.866143,3.732258,0.000027,0.430526,1.0985,10.4908,4.0000,0.911363,5.122836,7.526696,7.576728,7.603925,3.082318,3.798551,2.148126,0.861025,5.334121,3.530875,1.036892,1.707603,8.608018,0.983540,8.875728,0.000027,3.095211,0.944891,1.896693
2026-06-03 16:54:05,189,1.866143,3.732258,0.000027,0.430526,1.0985,10.4908,4.0000,0.911363,5.122836,7.526696,7.576728,7.603925,3.082318,3.798551,2.148126,0.861025,5.334121,3.530875,1.036892,1.707603,8.608018,0.983540,8.875728,0.000027,3.095211,0.944891,1.896693
2026-06-03 16:54:05,190,1.866143,3.732258,0.000027,0.430526,1.0985,10.4908,4.0000,0.911363,5.122836,7.526696,7.576728,7.603925,3.082318,3.798551,2.148126,0.861025,5.334121,3.530875,1.036892,1.707603,8.608018,0.983540,8.875728,0.000027,3.095211,0.944891,1.896693
2026-06-03 16:54:06,191,1.866143,3.732258,0.000027,0.430526,1.0985,10.4908,4.0000,0.911363,5.122836,7.526696,7.576728,7.603925,3.082318,3.798551,2.148126,0.861025,5.334121,3.530875,1.036892,1.707603,8.608018,0.983540,8.875728,0.000027,3.095211,0.944891,1.896693
2026-06-03 16:54:06,192,1.866143,3.732258,0.000027,0.430526,1.0985,10.4908,4.0000,0.911363,5.122836,7.526696,7.576728,7.603925,3.082318,3.798551,2.148126,0.861025,5.334121,3.530875,1.036892,1.707603,8.608018,0.983540,8.875728,0.000027,3.095211,0.944891,1.896693
2026-06-03 16:54:07,193,1.866143,3.732258,0.000027,0.430526,1.0985,10.4908,4.0000,0.911363,5.122836,7.526696,7.576728,7.603925,3.082318,3.798551,2.148126,0.861025,5.334121,3.530875,1.036892,1.707603,8.608018,0.983540,8.875728,0.000027,3.095211,0.944891,1.896693
2026-06-03 16:54:07,194,1.866143,3.732258,0.000027,0.430526,1.0985,10.4908,4.0000,0.911363,5.122836,7.526696,7.576728,7.603925,3.082318,3.798551,2.148126,0.861025,5.334121,3.530875,1.036892,1.707603,8.608018,0.983540,8.875728,0.000027,3.095211,0.944891,1.896693
2026-06-03 16:54:08,195,1.866143,3.732258,0.000027,0.430526,1.0985,10.4908,4.0000,0.911363,5.122836,7.526696,7.576728,7.603925,3.082318,3.798551,2.148126,0.861025,5.334121,3.530875,1.036892,1.707603,8.608018,0.983540,8.875728,0.000027,3.095211,0.944891,1.896693
2026-06-03 16:54:08,196,1.866143,3.732258,0.000027,0.430526,1.0985,10.4908,4.0000,0.911363,5.122836,7.526696,7.576728,7.603925,3.082318,3.798551,2.148126,0.861025,5.334121,3.530875,1.036892,1.707603,8.608018,0.983540,8.875728,0.000027,3.095211,0.944891,1.896693
2026-06-03 16:54:08,197,1.866143,3.732258,0.000027,0.430526,1.0985,10.4908,4.0000,0.911363,5.122836,7.526696,7.576728,7.603925,3.082318,3.798551,2.148126,0.861025,5.334121,3.530875,1.036892,1.707603,8.608018,0.983540,8.875728,0.000027,3.095211,0.944891,1.896693
2026-06-03 16:54:09,198,1.866143,3.732258,0.000027,0.430526,1.0985,10.4908,4.0000,0.911363,5.122836,7.526696,7.576728,7.603925,3.082318,3.798551,2.148126,0.861025,5.334121,3.530875,1.036892,1.707603,8.608018,0.983540,8.875728,0.000027,3.095211,0.944891,1.896693
2026-06-03 16:54:09,199,1.866143,3.732258,0.000027,0.430526,1.0985,10.4908,4.0000,0.911363,5.122836,7.526696,7.576728,7.603925,3.082318,3.798551,2.148126,0.861025,5.334121,3.530875,1.036892,1.707603,8.608018,0.983540,8.875728,0.000027,3.095211,0.944891,1.896693
2026-06-03 16:54:10,200,1.866143,3.732258,0.000027,0.430526,1.0985,10.4908,4.0000,0.911363,5.122836,7.526696,7.576728,7.603925,3.082318,3.798551,2.148126,0.861025,5.334121,3.530875,1.036892,1.707603,8.608018,0.983540,8.875728,0.000027,3.095211,0.944891,1.896693
2026-06-03 16:54:10,201,1.866143,3.732258,0.000027,0.430526,1.0985,10.4908,4.0000,0.911363,5.122836,7.526696,7.576728,7.603925,3.082318,3.798551,2.148126,0.861025,5.334121,3.530875,1.036892,1.707603,8.608018,0.983540,8.875728,0.000027,3.095211,0.944891,1.896693
2026-06-03 16:54:11,202,1.866143,3.732258,0.000027,0.430526,1.0985,10.4908,4.0000,0.911363,5.122836,7.526696,7.576728,7.603925,3.082318,3.798551,2.148126,0.861025,5.334121,3.530875,1.036892,1.707603,8.608018,0.983540,8.875728,0.000027,3.095211,0.944891,1.896693
2026-06-03 16:54:11,203,1.866143,3.732258,0.000027,0.430526,1.0985,10.4908,4.0000,0.911363,5.122836,7.526696,7.576728,7.603925,3.082318,3.798551,2.148126,0.861025,5.334121,3.530875,1.036892,1.707603,8.608018,0.983540,8.875728,0.000027,3.095211,0.944891,1.896693
2026-06-03 16:54:12,204,1.866143,3.732258,0.000027,0.430526,1.0985,10.4908,4.0000,0.911363,5.122836,7.526696,7.576728,7.603925,3.082318,3.798551,2.148126,0.861025,5.334121,3.530875,1.036892,1.707603,8.608018,0.983540,8.875728,0.000027,3.095211,0.944891,1.896693
2026-06-03 16:54:12,205,1.866143,3.732258,0.000027,0.430526,1.0985,10.4908,4.0000,0.911363,5.122836,7.526696,7.576728,7.603925,3.082318,3.798551,2.148126,0.861025,5.334121,3.530875,1.036892,1.707603,8.608018,0.983540,8.875728,0.000027,3.095211,0.944891,1.896693
2026-06-03 16:54:13,206,1.866143,3.732258,0.000027,0.430526,1.0985,10.4908,4.0000,0.911363,5.122836,7.526696,7.576728,7.603925,3.082318,3.798551,2.148126,0.861025,5.334121,3.530875,1.036892,1.707603,8.608018,0.983540,8.875728,0.000027,3.095211,0.944891,1.896693
2026-06-03 16:54:13,207,1.866143,3.732258,0.000027,0.430526,1.0985,10.4908,4.0000,0.911363,5.122836,7.526696,7.576728,7.603925,3.082318,3.798551,2.148126,0.861025,5.334121,3.530875,1.036892,1.707603,8.608018,0.983540,8.875728,0.000027,3.095211,0.944891,1.896693
2026-06-03 16:54:14,208,1.866143,3.732258,0.000027,0.430526,1.0985,10.4908,4.0000,0.911363,5.122836,7.526696,7.576728,7.603925,3.082318,3.798551,2.148126,0.861025,5.334121,3.530875,1.036892,1.707603,8.608018,0.983540,8.875728,0.000027,3.095211,0.944891,1.896693
2026-06-03 16:54:14,209,1.866143,3.732258,0.000027,0.430526,1.0985,10.4908,4.0000,0.911363,5.122836,7.526696,7.576728,7.603925,3.082318,3.798551,2.148126,0.861025,5.334121,3.530875,1.036892,1.707603,8.608018,0.983540,8.875728,0.000027,3.095211,0.944891,1.896693
2026-06-03 16:54:14,210,1.866143,3.732258,0.000027,0.430526,1.0985,10.4908,4.0000,0.911363,5.122836,7.526696,7.576728,7.603925,3.082318,3.798551,2.148126,0.861025,5.334121,3.530875,1.036892,1.707603,8.608018,0.983540,8.875728,0.000027,3.095211,0.944891,1.896693
2026-06-03 16:54:15,211,1.866143,3.732258,0.000027,0.430526,1.0985,10.4908,4.0000,0.911363,5.122836,7.526696,7.576728,7.603925,3.082318,3.798551,2.148126,0.861025,5.334121,3.530875,1.036892,1.707603,8.608018,0.983540,8.875728,0.000027,3.095211,0.944891,1.896693
2026-06-03 16:54:15,212,1.866143,3.732258,0.000027,0.430526,1.0985,10.4908,4.0000,0.911363,5.122836,7.526696,7.576728,7.603925,3.082318,3.798551,2.148126,0.861025,5.334121,3.530875,1.036892,1.707603,8.608018,0.983540,8.875728,0.000027,3.095211,0.944891,1.896693
2026-06-03 16:54:16,213,1.866143,3.732258,0.000027,0.430526,1.0985,10.4908,4.0000,0.911363,5.122836,7.526696,7.576728,7.603925,3.082318,3.798551,2.148126,0.861025,5.334121,3.530875,1.036892,1.707603,8.608018,0.983540,8.875728,0.000027,3.095211,0.944891,1.896693
2026-06-03 16:54:16,214,1.866143,3.732258,0.000027,0.430526,1.0985,10.4908,4.0000,0.911363,5.122836,7.526696,7.576728,7.603925,3.082318,3.798551,2.148126,0.861025,5.334121,3.530875,1.036892,1.707603,8.608018,0.983540,8.875728,0.000027,3.095211,0.944891,1.896693
2026-06-03 16:54:17,215,1.866143,3.732258,0.000027,0.430526,1.0985,10.4908,4.0000,0.911363,5.122836,7.526696,7.576728,7.603925,3.082318,3.798551,2.148126,0.861025,5.334121,3.530875,1.036892,1.707603,8.608018,0.983540,8.875728,0.000027,3.095211,0.944891,1.896693
2026-06-03 16:54:17,216,1.866143,3.732258,0.000027,0.430526,1.0985,10.4908,4.0000,0.911363,5.122836,7.526696,7.576728,7.603925,3.082318,3.798551,2.148126,0.861025,5.334121,3.530875,1.036892,1.707603,8.608018,0.983540,8.875728,0.000027,3.095211,0.944891,1.896693
2026-06-03 16:54:18,217,1.866143,3.732258,0.000027,0.430526,1.0985,10.4908,4.0000,0.911363,5.122836,7.526696,7.576728,7.603925,3.082318,3.798551,2.148126,0.861025,5.334121,3.530875,1.036892,1.707603,8.608018,0.983540,8.875728,0.000027,3.095211,0.944891,1.896693
2026-06-03 16:54:18,218,1.866143,3.732258,0.000027,0.430526,1.0985,10.4908,4.0000,0.911363,5.122836,7.526696,7.576728,7.603925,3.082318,3.798551,2.148126,0.861025,5.334121,3.530875,1.036892,1.707603,8.608018,0.983540,8.875728,0.000027,3.095211,0.944891,1.896693
2026-06-03 16:54:19,219,1.866143,3.732258,0.000027,0.430526,1.0985,10.4908,4.0000,0.911363,5.122836,7.526696,7.576728,7.603925,3.082318,3.798551,2.148126,0.861025,5.334121,3.530875,1.036892,1.707603,8.608018,0.983540,8.875728,0.000027,3.095211,0.944891,1.896693
2026-06-03 16:54:19,220,1.866143,3.732258,0.000027,0.430526,1.0985,10.4908,4.0000,0.911363,5.122836,7.526696,7.576728,7.603925,3.082318,3.798551,2.148126,0.861025,5.334121,3.530875,1.036892,1.707603,8.608018,0.983540,8.875728,0.000027,3.095211,0.944891,1.896693
2026-06-03 16:54:20,221,1.866143,3.732258,0.000027,0.430526,1.0985,10.4908,4.0000,0.911363,5.122836,7.526696,7.576728,7.603925,3.082318,3.798551,2.148126,0.861025,5.334121,3.530875,1.036892,1.707603,8.608018,0.983540,8.875728,0.000027,3.095211,0.944891,1.896693
2026-06-03 16:54:20,222,1.866143,3.732258,0.000027,0.430526,1.0985,10.4908,4.0000,0.911363,5.122836,7.526696,7.576728,7.603925,3.082318,3.798551,2.148126,0.861025,5.334121,3.530875,1.036892,1.707603,8.608018,0.983540,8.875728,0.000027,3.095211,0.944891,1.896693
2026-06-03 16:54:20,223,1.866143,3.732258,0.000027,0.430526,1.0985,10.4908,4.0000,0.911363,5.122836,7.526696,7.576728,7.603925,3.082318,3.798551,2.148126,0.861025,5.334121,3.530875,1.036892,1.707603,8.608018,0.983540,8.875728,0.000027,3.095211,0.944891,1.896693
2026-06-03 16:54:21,224,1.866143,3.732258,0.000027,0.430526,1.0985,10.4908,4.0000,0.911363,5.122836,7.526696,7.576728,7.603925,3.082318,3.798551,2.148126,0.861025,5.334121,3.530875,1.036892,1.707603,8.608018,0.983540,8.875728,0.000027,3.095211,0.944891,1.896693
2026-06-03 16:54:21,225,1.866143,3.732258,0.000027,0.430526,1.0985,10.4908,4.0000,0.911363,5.122836,7.526696,7.576728,7.603925,3.082318,3.798551,2.148126,0.861025,5.334121,3.530875,1.036892,1.707603,8.608018,0.983540,8.875728,0.000027,3.095211,0.944891,1.896693
2026-06-03 16:54:22,226,1.866143,3.732258,0.000027,0.430526,1.0985,10.4908,4.0000,0.911363,5.122836,7.526696,7.576728,7.603925,3.082318,3.798551,2.148126,0.861025,5.334121,3.530875,1.036892,1.707603,8.608018,0.983540,8.875728,0.000027,3.095211,0.944891,1.896693
2026-06-03 16:54:22,227,1.866143,3.732258,0.000027,0.430526,1.0985,10.4908,4.0000,0.911363,5.122836,7.526696,7.576728,7.603925,3.082318,3.798551,2.148126,0.861025,5.334121,3.530875,1.036892,1.707603,8.608018,0.983540,8.875728,0.000027,3.095211,0.944891,1.896693
2026-06-03 16:54:23,228,1.866143,3.732258,0.000027,0.430526,1.0985,10.4908,4.0000,0.911363,5.122836,7.526696,7.576728,7.603925,3.082318,3.798551,2.148126,0.861025,5.334121,3.530875,1.036892,1.707603,8.608018,0.983540,8.875728,0.000027,3.095211,0.944891,1.896693
2026-06-03 16:54:23,229,1.866143,3.732258,0.000027,0.430526,1.0985,10.4908,4.0000,0.911363,5.122836,7.526696,7.576728,7.603925,3.082318,3.798551,2.148126,0.861025,5.334121,3.530875,1.036892,1.707603,8.608018,0.983540,8.875728,0.000027,3.095211,0.944891,1.896693
2026-06-03 16:54:24,230,1.866143,3.732258,0.000027,0.430526,1.0985,10.4908,4.0000,0.911363,5.122836,7.526696,7.576728,7.603925,3.082318,3.798551,2.148126,0.861025,5.334121,3.530875,1.036892,1.707603,8.608018,0.983540,8.875728,0.000027,3.095211,0.944891,1.896693
2026-06-03 16:54:24,231,1.866143,3.732258,0.000027,0.430526,1.0985,10.4908,4.0000,0.911363,5.122836,7.526696,7.576728,7.603925,3.082318,3.798551,2.148126,0.861025,5.334121,3.530875,1.036892,1.707603,8.608018,0.983540,8.875728,0.000027,3.095211,0.944891,1.896693
2026-06-03 16:54:25,232,1.866143,3.732258,0.000027,0.430526,1.0985,10.4908,4.0000,0.911363,5.122836,7.526696,7.576728,7.603925,3.082318,3.798551,2.148126,0.861025,5.334121,3.530875,1.036892,1.707603,8.608018,0.983540,8.875728,0.000027,3.095211,0.944891,1.896693
2026-06-03 16:54:25,233,1.866143,3.732258,0.000027,0.430526,1.0985,10.4908,4.0000,0.911363,5.122836,7.526696,7.576728,7.603925,3.082318,3.798551,2.148126,0.861025,5.334121,3.530875,1.036892,1.707603,8.608018,0.983540,8.875728,0.000027,3.095211,0.944891,1.896693
2026-06-03 16:54:26,234,1.866143,3.732258,0.000027,0.430526,1.0985,10.4908,4.0000,0.911363,5.122836,7.526696,7.576728,7.603925,3.082318,3.798551,2.148126,0.861025,5.334121,3.530875,1.036892,1.707603,8.608018,0.983540,8.875728,0.000027,3.095211,0.944891,1.896693
2026-06-03 16:54:26,235,1.866143,3.732258,0.000027,0.430526,1.0985,10.4908,4.0000,0.911363,5.122836,7.526696,7.576728,7.603925,3.082318,3.798551,2.148126,0.861025,5.334121,3.530875,1.036892,1.707603,8.608018,0.983540,8.875728,0.000027,3.095211,0.944891,1.896693
2026-06-03 16:54:26,236,1.866143,3.732258,0.000027,0.430526,1.0985,10.4908,4.0000,0.911363,5.122836,7.526696,7.576728,7.603925,3.082318,3.798551,2.148126,0.861025,5.334121,3.530875,1.036892,1.707603,8.608018,0.983540,8.875728,0.000027,3.095211,0.944891,1.896693
2026-06-03 16:54:27,237,1.866143,3.732258,0.000027,0.430526,1.0985,10.4908,4.0000,0.911363,5.122836,7.526696,7.576728,7.603925,3.082318,3.798551,2.148126,0.861025,5.334121,3.530875,1.036892,1.707603,8.608018,0.983540,8.875728,0.000027,3.095211,0.944891,1.896693
2026-06-03 16:54:27,238,1.866143,3.732258,0.000027,0.430526,1.0985,10.4908,4.0000,0.911363,5.122836,7.526696,7.576728,7.603925,3.082318,3.798551,2.148126,0.861025,5.334121,3.530875,1.036892,1.707603,8.608018,0.983540,8.875728,0.000027,3.095211,0.944891,1.896693
2026-06-03 16:54:28,239,1.866143,3.732258,0.000027,0.430526,1.0985,10.4908,4.0000,0.911363,5.122836,7.526696,7.576728,7.603925,3.082318,3.798551,2.148126,0.861025,5.334121,3.530875,1.036892,1.707603,8.608018,0.983540,8.875728,0.000027,3.095211,0.944891,1.896693
2026-06-03 16:54:28,240,1.866143,3.732258,0.000027,0.430526,1.0985,10.4908,4.0000,0.911363,5.122836,7.526696,7.576728,7.603925,3.082318,3.798551,2.148126,0.861025,5.334121,3.530875,1.036892,1.707603,8.608018,0.983540,8.875728,0.000027,3.095211,0.944891,1.896693
2026-06-03 16:54:29,241,1.866143,3.732258,0.000027,0.430526,1.0985,10.4908,4.0000,0.911363,5.122836,7.526696,7.576728,7.603925,3.082318,3.798551,2.148126,0.861025,5.334121,3.530875,1.036892,1.707603,8.608018,0.983540,8.875728,0.000027,3.095211,0.944891,1.896693
2026-06-03 16:54:29,242,1.866143,3.732258,0.000027,0.430526,1.0985,10.4908,4.0000,0.911363,5.122836,7.526696,7.576728,7.603925,3.082318,3.798551,2.148126,0.861025,5.334121,3.530875,1.036892,1.707603,8.608018,0.983540,8.875728,0.000027,3.095211,0.944891,1.896693
2026-06-03 16:54:30,243,1.866143,3.732258,0.000027,0.430526,1.0985,10.4908,4.0000,0.911363,5.122836,7.526696,7.576728,7.603925,3.082318,3.798551,2.148126,0.861025,5.334121,3.530875,1.036892,1.707603,8.608018,0.983540,8.875728,0.000027,3.095211,0.944891,1.896693
2026-06-03 16:54:30,244,1.866143,3.732258,0.000027,0.430526,1.0985,10.4908,4.0000,0.911363,5.122836,7.526696,7.576728,7.603925,3.082318,3.798551,2.148126,0.861025,5.334121,3.530875,1.036892,1.707603,8.608018,0.983540,8.875728,0.000027,3.095211,0.944891,1.896693
2026-06-03 16:54:31,245,1.866143,3.732258,0.000027,0.430526,1.0985,10.4908,4.0000,0.911363,5.122836,7.526696,7.576728,7.603925,3.082318,3.798551,2.148126,0.861025,5.334121,3.530875,1.036892,1.707603,8.608018,0.983540,8.875728,0.000027,3.095211,0.944891,1.896693
2026-06-03 16:54:31,246,1.866143,3.732258,0.000027,0.430526,1.0985,10.4908,4.0000,0.911363,5.122836,7.526696,7.576728,7.603925,3.082318,3.798551,2.148126,0.861025,5.334121,3.530875,1.036892,1.707603,8.608018,0.983540,8.875728,0.000027,3.095211,0.944891,1.896693
2026-06-03 16:54:32,247,1.866143,3.732258,0.000027,0.430526,1.0985,10.4908,4.0000,0.911363,5.122836,7.526696,7.576728,7.603925,3.082318,3.798551,2.148126,0.861025,5.334121,3.530875,1.036892,1.707603,8.608018,0.983540,8.875728,0.000027,3.095211,0.944891,1.896693
2026-06-03 16:54:32,248,1.866143,3.732258,0.000027,0.430526,1.0985,10.4908,4.0000,0.911363,5.122836,7.526696,7.576728,7.603925,3.082318,3.798551,2.148126,0.861025,5.334121,3.530875,1.036892,1.707603,8.608018,0.983540,8.875728,0.000027,3.095211,0.944891,1.896693
2026-06-03 16:54:33,249,1.866143,3.732258,0.000027,0.430526,1.0985,10.4908,4.0000,0.911363,5.122836,7.526696,7.576728,7.603925,3.082318,3.798551,2.148126,0.861025,5.334121,3.530875,1.036892,1.707603,8.608018,0.983540,8.875728,0.000027,3.095211,0.944891,1.896693
2026-06-03 16:54:33,250,1.866143,3.732258,0.000027,0.430526,1.0985,10.4908,4.0000,0.911363,5.122836,7.526696,7.576728,7.603925,3.082318,3.798551,2.148126,0.861025,5.334121,3.530875,1.036892,1.707603,8.608018,0.983540,8.875728,0.000027,3.095211,0.944891,1.896693
2026-06-03 16:54:33,251,1.866143,3.732258,0.000027,0.430526,1.0985,10.4908,4.0000,0.911363,5.122836,7.526696,7.576728,7.603925,3.082318,3.798551,2.148126,0.861025,5.334121,3.530875,1.036892,1.707603,8.608018,0.983540,8.875728,0.000027,3.095211,0.944891,1.896693
2026-06-03 16:54:34,252,1.866143,3.732258,0.000027,0.430526,1.0985,10.4908,4.0000,0.911363,5.122836,7.526696,7.576728,7.603925,3.082318,3.798551,2.148126,0.861025,5.334121,3.530875,1.036892,1.707603,8.608018,0.983540,8.875728,0.000027,3.095211,0.944891,1.896693
2026-06-03 16:54:34,253,1.866143,3.732258,0.000027,0.430526,1.0985,10.4908,4.0000,0.911363,5.122836,7.526696,7.576728,7.603925,3.082318,3.798551,2.148126,0.861025,5.334121,3.530875,1.036892,1.707603,8.608018,0.983540,8.875728,0.000027,3.095211,0.944891,1.896693
2026-06-03 16:54:35,254,1.866143,3.732258,0.000027,0.430526,1.0985,10.4908,4.0000,0.911363,5.122836,7.526696,7.576728,7.603925,3.082318,3.798551,2.148126,0.861025,5.334121,3.530875,1.036892,1.707603,8.608018,0.983540,8.875728,0.000027,3.095211,0.944891,1.896693
2026-06-03 16:54:35,255,1.866143,3.732258,0.000027,0.430526,1.0985,10.4908,4.0000,0.911363,5.122836,7.526696,7.576728,7.603925,3.082318,3.798551,2.148126,0.861025,5.334121,3.530875,1.036892,1.707603,8.608018,0.983540,8.875728,0.000027,3.095211,0.944891,1.896693
2026-06-03 16:54:36,256,1.866143,3.732258,0.000027,0.430526,1.0985,10.4908,4.0000,0.911363,5.122836,7.526696,7.576728,7.603925,3.082318,3.798551,2.148126,0.861025,5.334121,3.530875,1.036892,1.707603,8.608018,0.983540,8.875728,0.000027,3.095211,0.944891,1.896693
2026-06-03 16:54:36,257,1.866143,3.732258,0.000027,0.430526,1.0985,10.4908,4.0000,0.911363,5.122836,7.526696,7.576728,7.603925,3.082318,3.798551,2.148126,0.861025,5.334121,3.530875,1.036892,1.707603,8.608018,0.983540,8.875728,0.000027,3.095211,0.944891,1.896693
2026-06-03 16:54:37,258,1.866143,3.732258,0.000027,0.430526,1.0985,10.4908,4.0000,0.911363,5.122836,7.526696,7.576728,7.603925,3.082318,3.798551,2.148126,0.861025,5.334121,3.530875,1.036892,1.707603,8.608018,0.983540,8.875728,0.000027,3.095211,0.944891,1.896693
2026-06-03 16:54:37,259,1.866143,3.732258,0.000027,0.430526,1.0985,10.4908,4.0000,0.911363,5.122836,7.526696,7.576728,7.603925,3.082318,3.798551,2.148126,0.861025,5.334121,3.530875,1.036892,1.707603,8.608018,0.983540,8.875728,0.000027,3.095211,0.944891,1.896693
2026-06-03 16:54:38,260,1.866143,3.732258,0.000027,0.430526,1.0985,10.4908,4.0000,0.911363,5.122836,7.526696,7.576728,7.603925,3.082318,3.798551,2.148126,0.861025,5.334121,3.530875,1.036892,1.707603,8.608018,0.983540,8.875728,0.000027,3.095211,0.944891,1.896693
2026-06-03 16:54:38,261,1.866143,3.732258,0.000027,0.430526,1.0985,10.4908,4.0000,0.911363,5.122836,7.526696,7.576728,7.603925,3.082318,3.798551,2.148126,0.861025,5.334121,3.530875,1.036892,1.707603,8.608018,0.983540,8.875728,0.000027,3.095211,0.944891,1.896693
2026-06-03 16:54:39,262,1.866143,3.732258,0.000027,0.430526,1.0985,10.4908,4.0000,0.911363,5.122836,7.526696,7.576728,7.603925,3.082318,3.798551,2.148126,0.861025,5.334121,3.530875,1.036892,1.707603,8.608018,0.983540,8.875728,0.000027,3.095211,0.944891,1.896693
2026-06-03 16:54:39,263,1.866143,3.732258,0.000027,0.430526,1.0985,10.4908,4.0000,0.911363,5.122836,7.526696,7.576728,7.603925,3.082318,3.798551,2.148126,0.861025,5.334121,3.530875,1.036892,1.707603,8.608018,0.983540,8.875728,0.000027,3.095211,0.944891,1.896693
2026-06-03 16:54:39,264,1.866143,3.732258,0.000027,0.430526,1.0985,10.4908,4.0000,0.911363,5.122836,7.526696,7.576728,7.603925,3.082318,3.798551,2.148126,0.861025,5.334121,3.530875,1.036892,1.707603,8.608018,0.983540,8.875728,0.000027,3.095211,0.944891,1.896693
2026-06-03 16:54:40,265,1.866143,3.732258,0.000027,0.430526,1.0985,10.4908,4.0000,0.911363,5.122836,7.526696,7.576728,7.603925,3.082318,3.798551,2.148126,0.861025,5.334121,3.530875,1.036892,1.707603,8.608018,0.983540,8.875728,0.000027,3.095211,0.944891,1.896693
2026-06-03 16:54:40,266,1.866143,3.732258,0.000027,0.430526,1.0985,10.4908,4.0000,0.911363,5.122836,7.526696,7.576728,7.603925,3.082318,3.798551,2.148126,0.861025,5.334121,3.530875,1.036892,1.707603,8.608018,0.983540,8.875728,0.000027,3.095211,0.944891,1.896693
2026-06-03 16:54:41,267,1.866143,3.732258,0.000027,0.430526,1.0985,10.4908,4.0000,0.911363,5.122836,7.526696,7.576728,7.603925,3.082318,3.798551,2.148126,0.861025,5.334121,3.530875,1.036892,1.707603,8.608018,0.983540,8.875728,0.000027,3.095211,0.944891,1.896693
2026-06-03 16:54:41,268,1.866143,3.732258,0.000027,0.430526,1.0985,10.4908,4.0000,0.911363,5.122836,7.526696,7.576728,7.603925,3.082318,3.798551,2.148126,0.861025,5.334121,3.530875,1.036892,1.707603,8.608018,0.983540,8.875728,0.000027,3.095211,0.944891,1.896693
2026-06-03 16:54:42,269,1.866143,3.732258,0.000027,0.430526,1.0985,10.4908,4.0000,0.911363,5.122836,7.526696,7.576728,7.603925,3.082318,3.798551,2.148126,0.861025,5.334121,3.530875,1.036892,1.707603,8.608018,0.983540,8.875728,0.000027,3.095211,0.944891,1.896693
2026-06-03 16:54:42,270,1.866143,3.732258,0.000027,0.430526,1.0985,10.4908,4.0000,0.911363,5.122836,7.526696,7.576728,7.603925,3.082318,3.798551,2.148126,0.861025,5.334121,3.530875,1.036892,1.707603,8.608018,0.983540,8.875728,0.000027,3.095211,0.944891,1.896693
2026-06-03 16:54:43,271,1.866143,3.732258,0.000027,0.430526,1.0985,10.4908,4.0000,0.911363,5.122836,7.526696,7.576728,7.603925,3.082318,3.798551,2.148126,0.861025,5.334121,3.530875,1.036892,1.707603,8.608018,0.983540,8.875728,0.000027,3.095211,0.944891,1.896693
2026-06-03 16:54:43,272,1.866143,3.732258,0.000027,0.430526,1.0985,10.4908,4.0000,0.911363,5.122836,7.526696,7.576728,7.603925,3.082318,3.798551,2.148126,0.861025,5.334121,3.530875,1.036892,1.707603,8.608018,0.983540,8.875728,0.000027,3.095211,0.944891,1.896693
2026-06-03 16:54:44,273,1.866143,3.732258,0.000027,0.430526,1.0985,10.4908,4.0000,0.911363,5.122836,7.526696,7.576728,7.603925,3.082318,3.798551,2.148126,0.861025,5.334121,3.530875,1.036892,1.707603,8.608018,0.983540,8.875728,0.000027,3.095211,0.944891,1.896693
2026-06-03 16:54:44,274,1.866143,3.732258,0.000027,0.430526,1.0985,10.4908,4.0000,0.911363,5.122836,7.526696,7.576728,7.603925,3.082318,3.798551,2.148126,0.861025,5.334121,3.530875,1.036892,1.707603,8.608018,0.983540,8.875728,0.000027,3.095211,0.944891,1.896693
2026-06-03 16:54:45,275,1.866143,3.732258,0.000027,0.430526,1.0985,10.4908,4.0000,0.911363,5.122836,7.526696,7.576728,7.603925,3.082318,3.798551,2.148126,0.861025,5.334121,3.530875,1.036892,1.707603,8.608018,0.983540,8.875728,0.000027,3.095211,0.944891,1.896693
2026-06-03 16:54:45,276,1.866143,3.732258,0.000027,0.430526,1.0985,10.4908,4.0000,0.911363,5.122836,7.526696,7.576728,7.603925,3.082318,3.798551,2.148126,0.861025,5.334121,3.530875,1.036892,1.707603,8.608018,0.983540,8.875728,0.000027,3.095211,0.944891,1.896693
2026-06-03 16:54:45,277,1.866143,3.732258,0.000027,0.430526,1.0985,10.4908,4.0000,0.911363,5.122836,7.526696,7.576728,7.603925,3.082318,3.798551,2.148126,0.861025,5.334121,3.530875,1.036892,1.707603,8.608018,0.983540,8.875728,0.000027,3.095211,0.944891,1.896693
2026-06-03 16:54:46,278,1.866143,3.732258,0.000027,0.430526,1.0985,10.4908,4.0000,0.911363,5.122836,7.526696,7.576728,7.603925,3.082318,3.798551,2.148126,0.861025,5.334121,3.530875,1.036892,1.707603,8.608018,0.983540,8.875728,0.000027,3.095211,0.944891,1.896693
2026-06-03 16:54:46,279,1.866143,3.732258,0.000027,0.430526,1.0985,10.4908,4.0000,0.911363,5.122836,7.526696,7.576728,7.603925,3.082318,3.798551,2.148126,0.861025,5.334121,3.530875,1.036892,1.707603,8.608018,0.983540,8.875728,0.000027,3.095211,0.944891,1.896693
2026-06-03 16:54:47,280,1.866143,3.732258,0.000027,0.430526,1.0985,10.4908,4.0000,0.911363,5.122836,7.526696,7.576728,7.603925,3.082318,3.798551,2.148126,0.861025,5.334121,3.530875,1.036892,1.707603,8.608018,0.983540,8.875728,0.000027,3.095211,0.944891,1.896693
2026-06-03 16:54:47,281,1.866143,3.732258,0.000027,0.430526,1.0985,10.4908,4.0000,0.911363,5.122836,7.526696,7.576728,7.603925,3.082318,3.798551,2.148126,0.861025,5.334121,3.530875,1.036892,1.707603,8.608018,0.983540,8.875728,0.000027,3.095211,0.944891,1.896693
2026-06-03 16:54:48,282,1.866143,3.732258,0.000027,0.430526,1.0985,10.4908,4.0000,0.911363,5.122836,7.526696,7.576728,7.603925,3.082318,3.798551,2.148126,0.861025,5.334121,3.530875,1.036892,1.707603,8.608018,0.983540,8.875728,0.000027,3.095211,0.944891,1.896693
2026-06-03 16:54:48,283,1.866166,3.732306,0.000027,0.430651,1.0881,10.4853,4.0000,0.911625,5.122335,7.526640,7.576670,7.603860,3.082361,3.798335,2.148314,0.861275,5.334200,3.530754,1.037156,1.707868,8.607926,0.983809,8.875580,0.000027,3.095285,0.945156,1.896934
2026-06-03 16:54:49,284,1.866166,3.732306,0.000027,0.430651,1.0881,10.4853,4.0000,0.911625,5.122335,7.526640,7.576670,7.603860,3.082361,3.798335,2.148314,0.861275,5.334200,3.530754,1.037156,1.707868,8.607926,0.983809,8.875580,0.000027,3.095285,0.945156,1.896934
2026-06-03 16:54:49,285,1.866166,3.732306,0.000027,0.430651,1.0881,10.4853,4.0000,0.911625,5.122335,7.526640,7.576670,7.603860,3.082361,3.798335,2.148314,0.861275,5.334200,3.530754,1.037156,1.707868,8.607926,0.983809,8.875580,0.000027,3.095285,0.945156,1.896934
2026-06-03 16:54:50,286,1.866166,3.732306,0.000027,0.430651,1.0881,10.4853,4.0000,0.911625,5.122335,7.526640,7.576670,7.603860,3.082361,3.798335,2.148314,0.861275,5.334200,3.530754,1.037156,1.707868,8.607926,0.983809,8.875580,0.000027,3.095285,0.945156,1.896934
2026-06-03 16:54:50,287,1.866166,3.732306,0.000027,0.430651,1.0881,10.4853,4.0000,0.911625,5.122335,7.526640,7.576670,7.603860,3.082361,3.798335,2.148314,0.861275,5.334200,3.530754,1.037156,1.707868,8.607926,0.983809,8.875580,0.000027,3.095285,0.945156,1.896934
2026-06-03 16:54:51,288,1.866166,3.732306,0.000027,0.430651,1.0881,10.4853,4.0000,0.911625,5.122335,7.526640,7.576670,7.603860,3.082361,3.798335,2.148314,0.861275,5.334200,3.530754,1.037156,1.707868,8.607926,0.983809,8.875580,0.000027,3.095285,0.945156,1.896934
2026-06-03 16:54:51,289,1.866166,3.732306,0.000027,0.430651,1.0881,10.4853,4.0000,0.911625,5.122335,7.526640,7.576670,7.603860,3.082361,3.798335,2.148314,0.861275,5.334200,3.530754,1.037156,1.707868,8.607926,0.983809,8.875580,0.000027,3.095285,0.945156,1.896934
2026-06-03 16:54:52,290,1.866166,3.732306,0.000027,0.430651,1.0881,10.4853,4.0000,0.911625,5.122335,7.526640,7.576670,7.603860,3.082361,3.798335,2.148314,0.861275,5.334200,3.530754,1.037156,1.707868,8.607926,0.983809,8.875580,0.000027,3.095285,0.945156,1.896934
2026-06-03 16:54:52,291,1.866166,3.732306,0.000027,0.430651,1.0881,10.4853,4.0000,0.911625,5.122335,7.526640,7.576670,7.603860,3.082361,3.798335,2.148314,0.861275,5.334200,3.530754,1.037156,1.707868,8.607926,0.983809,8.875580,0.000027,3.095285,0.945156,1.896934
2026-06-03 16:54:52,292,1.866166,3.732306,0.000027,0.430651,1.0881,10.4853,4.0000,0.911625,5.122335,7.526640,7.576670,7.603860,3.082361,3.798335,2.148314,0.861275,5.334200,3.530754,1.037156,1.707868,8.607926,0.983809,8.875580,0.000027,3.095285,0.945156,1.896934
2026-06-03 16:54:53,293,1.866166,3.732306,0.000027,0.430651,1.0881,10.4853,4.0000,0.911625,5.122335,7.526640,7.576670,7.603860,3.082361,3.798335,2.148314,0.861275,5.334200,3.530754,1.037156,1.707868,8.607926,0.983809,8.875580,0.000027,3.095285,0.945156,1.896934
2026-06-03 16:54:53,294,1.866166,3.732306,0.000027,0.430651,1.0881,10.4853,4.0000,0.911625,5.122335,7.526640,7.576670,7.603860,3.082361,3.798335,2.148314,0.861275,5.334200,3.530754,1.037156,1.707868,8.607926,0.983809,8.875580,0.000027,3.095285,0.945156,1.896934
2026-06-03 16:54:54,295,1.866166,3.732306,0.000027,0.430651,1.0881,10.4853,4.0000,0.911625,5.122335,7.526640,7.576670,7.603860,3.082361,3.798335,2.148314,0.861275,5.334200,3.530754,1.037156,1.707868,8.607926,0.983809,8.875580,0.000027,3.095285,0.945156,1.896934
2026-06-03 16:54:54,296,1.866166,3.732306,0.000027,0.430651,1.0881,10.4853,4.0000,0.911625,5.122335,7.526640,7.576670,7.603860,3.082361,3.798335,2.148314,0.861275,5.334200,3.530754,1.037156,1.707868,8.607926,0.983809,8.875580,0.000027,3.095285,0.945156,1.896934
2026-06-03 16:54:55,297,1.866166,3.732306,0.000027,0.430651,1.0881,10.4853,4.0000,0.911625,5.122335,7.526640,7.576670,7.603860,3.082361,3.798335,2.148314,0.861275,5.334200,3.530754,1.037156,1.707868,8.607926,0.983809,8.875580,0.000027,3.095285,0.945156,1.896934
2026-06-03 16:54:55,298,1.866169,3.732311,0.000027,0.430639,1.0897,10.4853,4.0000,0.911601,5.122443,7.526649,7.576680,7.603869,3.082381,3.798384,2.148304,0.861251,5.334194,3.530791,1.037132,1.707850,8.607931,0.983785,8.875596,0.000027,3.095306,0.945132,1.896920
2026-06-03 16:54:56,299,1.866169,3.732311,0.000027,0.430639,1.0897,10.4853,4.0000,0.911601,5.122443,7.526649,7.576680,7.603869,3.082381,3.798384,2.148304,0.861251,5.334194,3.530791,1.037132,1.707850,8.607931,0.983785,8.875596,0.000027,3.095306,0.945132,1.896920
2026-06-03 16:54:56,300,1.866169,3.732311,0.000027,0.430639,1.0897,10.4853,4.0000,0.911601,5.122443,7.526649,7.576680,7.603869,3.082381,3.798384,2.148304,0.861251,5.334194,3.530791,1.037132,1.707850,8.607931,0.983785,8.875596,0.000027,3.095306,0.945132,1.896920
2026-06-03 16:54:57,301,1.866169,3.732311,0.000027,0.430639,1.0897,10.4853,4.0000,0.911601,5.122443,7.526649,7.576680,7.603869,3.082381,3.798384,2.148304,0.861251,5.334194,3.530791,1.037132,1.707850,8.607931,0.983785,8.875596,0.000027,3.095306,0.945132,1.896920
2026-06-03 16:54:57,302,1.866169,3.732311,0.000027,0.430639,1.0897,10.4853,4.0000,0.911601,5.122443,7.526649,7.576680,7.603869,3.082381,3.798384,2.148304,0.861251,5.334194,3.530791,1.037132,1.707850,8.607931,0.983785,8.875596,0.000027,3.095306,0.945132,1.896920
2026-06-03 16:54:57,303,1.866169,3.732311,0.000027,0.430639,1.0897,10.4853,4.0000,0.911601,5.122443,7.526649,7.576680,7.603869,3.082381,3.798384,2.148304,0.861251,5.334194,3.530791,1.037132,1.707850,8.607931,0.983785,8.875596,0.000027,3.095306,0.945132,1.896920
2026-06-03 16:54:58,304,1.866169,3.732311,0.000027,0.430639,1.0897,10.4853,4.0000,0.911601,5.122443,7.526649,7.576680,7.603869,3.082381,3.798384,2.148304,0.861251,5.334194,3.530791,1.037132,1.707850,8.607931,0.983785,8.875596,0.000027,3.095306,0.945132,1.896920
2026-06-03 16:54:58,305,1.866169,3.732311,0.000027,0.430639,1.0897,10.4853,4.0000,0.911601,5.122443,7.526649,7.576680,7.603869,3.082381,3.798384,2.148304,0.861251,5.334194,3.530791,1.037132,1.707850,8.607931,0.983785,8.875596,0.000027,3.095306,0.945132,1.896920
2026-06-03 16:54:59,306,1.866169,3.732311,0.000027,0.430639,1.0897,10.4853,4.0000,0.911601,5.122443,7.526649,7.576680,7.603869,3.082381,3.798384,2.148304,0.861251,5.334194,3.530791,1.037132,1.707850,8.607931,0.983785,8.875596,0.000027,3.095306,0.945132,1.896920
2026-06-03 16:54:59,307,1.866169,3.732311,0.000027,0.430639,1.0897,10.4853,4.0000,0.911601,5.122443,7.526649,7.576680,7.603869,3.082381,3.798384,2.148304,0.861251,5.334194,3.530791,1.037132,1.707850,8.607931,0.983785,8.875596,0.000027,3.095306,0.945132,1.896920
2026-06-03 16:55:00,308,1.866169,3.732311,0.000027,0.430639,1.0897,10.4853,4.0000,0.911601,5.122443,7.526649,7.576680,7.603869,3.082381,3.798384,2.148304,0.861251,5.334194,3.530791,1.037132,1.707850,8.607931,0.983785,8.875596,0.000027,3.095306,0.945132,1.896920
2026-06-03 16:55:00,309,1.866169,3.732311,0.000027,0.430639,1.0897,10.4853,4.0000,0.911601,5.122443,7.526649,7.576680,7.603869,3.082381,3.798384,2.148304,0.861251,5.334194,3.530791,1.037132,1.707850,8.607931,0.983785,8.875596,0.000027,3.095306,0.945132,1.896920
2026-06-03 16:55:01,310,1.866169,3.732311,0.000027,0.430639,1.0897,10.4853,4.0000,0.911601,5.122443,7.526649,7.576680,7.603869,3.082381,3.798384,2.148304,0.861251,5.334194,3.530791,1.037132,1.707850,8.607931,0.983785,8.875596,0.000027,3.095306,0.945132,1.896920
2026-06-03 16:55:01,311,1.866169,3.732311,0.000027,0.430639,1.0897,10.4853,4.0000,0.911601,5.122443,7.526649,7.576680,7.603869,3.082381,3.798384,2.148304,0.861251,5.334194,3.530791,1.037132,1.707850,8.607931,0.983785,8.875596,0.000027,3.095306,0.945132,1.896920
2026-06-03 16:55:02,312,1.866169,3.732311,0.000027,0.430639,1.0897,10.4853,4.0000,0.911601,5.122443,7.526649,7.576680,7.603869,3.082381,3.798384,2.148304,0.861251,5.334194,3.530791,1.037132,1.707850,8.607931,0.983785,8.875596,0.000027,3.095306,0.945132,1.896920
2026-06-03 16:55:02,313,1.866169,3.732311,0.000027,0.430639,1.0897,10.4853,4.0000,0.911601,5.122443,7.526649,7.576680,7.603869,3.082381,3.798384,2.148304,0.861251,5.334194,3.530791,1.037132,1.707850,8.607931,0.983785,8.875596,0.000027,3.095306,0.945132,1.896920
2026-06-03 16:55:03,314,1.866169,3.732311,0.000027,0.430639,1.0897,10.4853,4.0000,0.911601,5.122443,7.526649,7.576680,7.603869,3.082381,3.798384,2.148304,0.861251,5.334194,3.530791,1.037132,1.707850,8.607931,0.983785,8.875596,0.000027,3.095306,0.945132,1.896920
2026-06-03 16:55:03,315,1.866169,3.732311,0.000027,0.430639,1.0897,10.4853,4.0000,0.911601,5.122443,7.526649,7.576680,7.603869,3.082381,3.798384,2.148304,0.861251,5.334194,3.530791,1.037132,1.707850,8.607931,0.983785,8.875596,0.000027,3.095306,0.945132,1.896920
2026-06-03 16:55:04,316,1.866169,3.732311,0.000027,0.430639,1.0897,10.4853,4.0000,0.911601,5.122443,7.526649,7.576680,7.603869,3.082381,3.798384,2.148304,0.861251,5.334194,3.530791,1.037132,1.707850,8.607931,0.983785,8.875596,0.000027,3.095306,0.945132,1.896920
2026-06-03 16:55:04,317,1.866169,3.732311,0.000027,0.430639,1.0897,10.4853,4.0000,0.911601,5.122443,7.526649,7.576680,7.603869,3.082381,3.798384,2.148304,0.861251,5.334194,3.530791,1.037132,1.707850,8.607931,0.983785,8.875596,0.000027,3.095306,0.945132,1.896920
2026-06-03 16:55:04,318,1.866169,3.732311,0.000027,0.430639,1.0897,10.4853,4.0000,0.911601,5.122443,7.526649,7.576680,7.603869,3.082381,3.798384,2.148304,0.861251,5.334194,3.530791,1.037132,1.707850,8.607931,0.983785,8.875596,0.000027,3.095306,0.945132,1.896920
2026-06-03 16:55:05,319,1.866169,3.732311,0.000027,0.430639,1.0897,10.4853,4.0000,0.911601,5.122443,7.526649,7.576680,7.603869,3.082381,3.798384,2.148304,0.861251,5.334194,3.530791,1.037132,1.707850,8.607931,0.983785,8.875596,0.000027,3.095306,0.945132,1.896920
2026-06-03 16:55:05,320,1.866169,3.732311,0.000027,0.430639,1.0897,10.4853,4.0000,0.911601,5.122443,7.526649,7.576680,7.603869,3.082381,3.798384,2.148304,0.861251,5.334194,3.530791,1.037132,1.707850,8.607931,0.983785,8.875596,0.000027,3.095306,0.945132,1.896920
2026-06-03 16:55:06,321,1.866169,3.732311,0.000027,0.430639,1.0897,10.4853,4.0000,0.911601,5.122443,7.526649,7.576680,7.603869,3.082381,3.798384,2.148304,0.861251,5.334194,3.530791,1.037132,1.707850,8.607931,0.983785,8.875596,0.000027,3.095306,0.945132,1.896920
2026-06-03 16:55:06,322,1.866169,3.732311,0.000027,0.430639,1.0897,10.4853,4.0000,0.911601,5.122443,7.526649,7.576680,7.603869,3.082381,3.798384,2.148304,0.861251,5.334194,3.530791,1.037132,1.707850,8.607931,0.983785,8.875596,0.000027,3.095306,0.945132,1.896920
2026-06-03 16:55:07,323,1.866169,3.732311,0.000027,0.430639,1.0897,10.4853,4.0000,0.911601,5.122443,7.526649,7.576680,7.603869,3.082381,3.798384,2.148304,0.861251,5.334194,3.530791,1.037132,1.707850,8.607931,0.983785,8.875596,0.000027,3.095306,0.945132,1.896920
2026-06-03 16:55:07,324,1.866169,3.732311,0.000027,0.430639,1.0897,10.4853,4.0000,0.911601,5.122443,7.526649,7.576680,7.603869,3.082381,3.798384,2.148304,0.861251,5.334194,3.530791,1.037132,1.707850,8.607931,0.983785,8.875596,0.000027,3.095306,0.945132,1.896920
2026-06-03 16:55:08,325,1.866169,3.732311,0.000027,0.430639,1.0897,10.4853,4.0000,0.911601,5.122443,7.526649,7.576680,7.603869,3.082381,3.798384,2.148304,0.861251,5.334194,3.530791,1.037132,1.707850,8.607931,0.983785,8.875596,0.000027,3.095306,0.945132,1.896920
2026-06-03 16:55:08,326,1.866169,3.732311,0.000027,0.430639,1.0897,10.4853,4.0000,0.911601,5.122443,7.526649,7.576680,7.603869,3.082381,3.798384,2.148304,0.861251,5.334194,3.530791,1.037132,1.707850,8.607931,0.983785,8.875596,0.000027,3.095306,0.945132,1.896920
2026-06-03 16:55:09,327,1.866169,3.732311,0.000027,0.430639,1.0897,10.4853,4.0000,0.911601,5.122443,7.526649,7.576680,7.603869,3.082381,3.798384,2.148304,0.861251,5.334194,3.530791,1.037132,1.707850,8.607931,0.983785,8.875596,0.000027,3.095306,0.945132,1.896920
2026-06-03 16:55:09,328,1.866169,3.732311,0.000027,0.430639,1.0897,10.4853,4.0000,0.911601,5.122443,7.526649,7.576680,7.603869,3.082381,3.798384,2.148304,0.861251,5.334194,3.530791,1.037132,1.707850,8.607931,0.983785,8.875596,0.000027,3.095306,0.945132,1.896920
2026-06-03 16:55:10,329,1.866169,3.732311,0.000027,0.430639,1.0897,10.4853,4.0000,0.911601,5.122443,7.526649,7.576680,7.603869,3.082381,3.798384,2.148304,0.861251,5.334194,3.530791,1.037132,1.707850,8.607931,0.983785,8.875596,0.000027,3.095306,0.945132,1.896920
2026-06-03 16:55:10,330,1.866169,3.732311,0.000027,0.430639,1.0897,10.4853,4.0000,0.911601,5.122443,7.526649,7.576680,7.603869,3.082381,3.798384,2.148304,0.861251,5.334194,3.530791,1.037132,1.707850,8.607931,0.983785,8.875596,0.000027,3.095306,0.945132,1.896920
2026-06-03 16:55:11,331,1.866169,3.732311,0.000027,0.430639,1.0897,10.4853,4.0000,0.911601,5.122443,7.526649,7.576680,7.603869,3.082381,3.798384,2.148304,0.861251,5.334194,3.530791,1.037132,1.707850,8.607931,0.983785,8.875596,0.000027,3.095306,0.945132,1.896920
2026-06-03 16:55:11,332,1.866169,3.732311,0.000027,0.430639,1.0897,10.4853,4.0000,0.911601,5.122443,7.526649,7.576680,7.603869,3.082381,3.798384,2.148304,0.861251,5.334194,3.530791,1.037132,1.707850,8.607931,0.983785,8.875596,0.000027,3.095306,0.945132,1.896920
2026-06-03 16:55:12,333,1.866169,3.732311,0.000027,0.430639,1.0897,10.4853,4.0000,0.911601,5.122443,7.526649,7.576680,7.603869,3.082381,3.798384,2.148304,0.861251,5.334194,3.530791,1.037132,1.707850,8.607931,0.983785,8.875596,0.000027,3.095306,0.945132,1.896920
2026-06-03 16:55:12,334,1.866169,3.732311,0.000027,0.430639,1.0897,10.4853,4.0000,0.911601,5.122443,7.526649,7.576680,7.603869,3.082381,3.798384,2.148304,0.861251,5.334194,3.530791,1.037132,1.707850,8.607931,0.983785,8.875596,0.000027,3.095306,0.945132,1.896920
2026-06-03 16:55:13,335,1.866169,3.732311,0.000027,0.430639,1.0897,10.4853,4.0000,0.911601,5.122443,7.526649,7.576680,7.603869,3.082381,3.798384,2.148304,0.861251,5.334194,3.530791,1.037132,1.707850,8.607931,0.983785,8.875596,0.000027,3.095306,0.945132,1.896920
2026-06-03 16:55:14,336,1.866169,3.732311,0.000027,0.430639,1.0897,10.4853,4.0000,0.911601,5.122443,7.526649,7.576680,7.603869,3.082381,3.798384,2.148304,0.861251,5.334194,3.530791,1.037132,1.707850,8.607931,0.983785,8.875596,0.000027,3.095306,0.945132,1.896920
2026-06-03 16:55:14,337,1.866169,3.732311,0.000027,0.430639,1.0897,10.4853,4.0000,0.911601,5.122443,7.526649,7.576680,7.603869,3.082381,3.798384,2.148304,0.861251,5.334194,3.530791,1.037132,1.707850,8.607931,0.983785,8.875596,0.000027,3.095306,0.945132,1.896920
2026-06-03 16:55:15,338,1.866169,3.732311,0.000027,0.430639,1.0897,10.4853,4.0000,0.911601,5.122443,7.526649,7.576680,7.603869,3.082381,3.798384,2.148304,0.861251,5.334194,3.530791,1.037132,1.707850,8.607931,0.983785,8.875596,0.000027,3.095306,0.945132,1.896920
2026-06-03 16:55:15,339,1.866169,3.732311,0.000027,0.430639,1.0897,10.4853,4.0000,0.911601,5.122443,7.526649,7.576680,7.603869,3.082381,3.798384,2.148304,0.861251,5.334194,3.530791,1.037132,1.707850,8.607931,0.983785,8.875596,0.000027,3.095306,0.945132,1.896920
2026-06-03 16:55:16,340,1.866169,3.732311,0.000027,0.430639,1.0897,10.4853,4.0000,0.911601,5.122443,7.526649,7.576680,7.603869,3.082381,3.798384,2.148304,0.861251,5.334194,3.530791,1.037132,1.707850,8.607931,0.983785,8.875596,0.000027,3.095306,0.945132,1.896920
2026-06-03 16:55:17,341,1.866169,3.732311,0.000027,0.430639,1.0897,10.4853,4.0000,0.911601,5.122443,7.526649,7.576680,7.603869,3.082381,3.798384,2.148304,0.861251,5.334194,3.530791,1.037132,1.707850,8.607931,0.983785,8.875596,0.000027,3.095306,0.945132,1.896920
2026-06-03 16:55:17,342,1.866169,3.732311,0.000027,0.430639,1.0897,10.4853,4.0000,0.911601,5.122443,7.526649,7.576680,7.603869,3.082381,3.798384,2.148304,0.861251,5.334194,3.530791,1.037132,1.707850,8.607931,0.983785,8.875596,0.000027,3.095306,0.945132,1.896920
2026-06-03 16:55:18,343,1.866169,3.732311,0.000027,0.430639,1.0897,10.4853,4.0000,0.911601,5.122443,7.526649,7.576680,7.603869,3.082381,3.798384,2.148304,0.861251,5.334194,3.530791,1.037132,1.707850,8.607931,0.983785,8.875596,0.000027,3.095306,0.945132,1.896920
2026-06-03 16:55:19,344,1.866169,3.732311,0.000027,0.430639,1.0897,10.4853,4.0000,0.911601,5.122443,7.526649,7.576680,7.603869,3.082381,3.798384,2.148304,0.861251,5.334194,3.530791,1.037132,1.707850,8.607931,0.983785,8.875596,0.000027,3.095306,0.945132,1.896920
2026-06-03 16:55:19,345,1.866169,3.732311,0.000027,0.430639,1.0897,10.4853,4.0000,0.911601,5.122443,7.526649,7.576680,7.603869,3.082381,3.798384,2.148304,0.861251,5.334194,3.530791,1.037132,1.707850,8.607931,0.983785,8.875596,0.000027,3.095306,0.945132,1.896920
2026-06-03 16:55:20,346,1.866169,3.732311,0.000027,0.430639,1.0897,10.4853,4.0000,0.911601,5.122443,7.526649,7.576680,7.603869,3.082381,3.798384,2.148304,0.861251,5.334194,3.530791,1.037132,1.707850,8.607931,0.983785,8.875596,0.000027,3.095306,0.945132,1.896920
2026-06-03 16:55:21,347,1.866169,3.732311,0.000027,0.430639,1.0897,10.4853,4.0000,0.911601,5.122443,7.526649,7.576680,7.603869,3.082381,3.798384,2.148304,0.861251,5.334194,3.530791,1.037132,1.707850,8.607931,0.983785,8.875596,0.000027,3.095306,0.945132,1.896920
2026-06-03 16:55:21,348,1.866169,3.732311,0.000027,0.430639,1.0897,10.4853,4.0000,0.911601,5.122443,7.526649,7.576680,7.603869,3.082381,3.798384,2.148304,0.861251,5.334194,3.530791,1.037132,1.707850,8.607931,0.983785,8.875596,0.000027,3.095306,0.945132,1.896920
2026-06-03 16:55:22,349,1.866169,3.732311,0.000027,0.430639,1.0897,10.4853,4.0000,0.911601,5.122443,7.526649,7.576680,7.603869,3.082381,3.798384,2.148304,0.861251,5.334194,3.530791,1.037132,1.707850,8.607931,0.983785,8.875596,0.000027,3.095306,0.945132,1.896920
2026-06-03 16:55:23,350,1.866169,3.732311,0.000027,0.430639,1.0897,10.4853,4.0000,0.911601,5.122443,7.526649,7.576680,7.603869,3.082381,3.798384,2.148304,0.861251,5.334194,3.530791,1.037132,1.707850,8.607931,0.983785,8.875596,0.000027,3.095306,0.945132,1.896920
2026-06-03 16:55:23,351,1.866169,3.732311,0.000027,0.430639,1.0897,10.4853,4.0000,0.911601,5.122443,7.526649,7.576680,7.603869,3.082381,3.798384,2.148304,0.861251,5.334194,3.530791,1.037132,1.707850,8.607931,0.983785,8.875596,0.000027,3.095306,0.945132,1.896920
2026-06-03 16:55:24,352,1.866169,3.732311,0.000027,0.430639,1.0897,10.4853,4.0000,0.911601,5.122443,7.526649,7.576680,7.603869,3.082381,3.798384,2.148304,0.861251,5.334194,3.530791,1.037132,1.707850,8.607931,0.983785,8.875596,0.000027,3.095306,0.945132,1.896920
2026-06-03 16:55:24,353,1.866169,3.732311,0.000027,0.430639,1.0897,10.4853,4.0000,0.911601,5.122443,7.526649,7.576680,7.603869,3.082381,3.798384,2.148304,0.861251,5.334194,3.530791,1.037132,1.707850,8.607931,0.983785,8.875596,0.000027,3.095306,0.945132,1.896920
2026-06-03 16:55:25,354,1.866169,3.732311,0.000027,0.430639,1.0897,10.4853,4.0000,0.911601,5.122443,7.526649,7.576680,7.603869,3.082381,3.798384,2.148304,0.861251,5.334194,3.530791,1.037132,1.707850,8.607931,0.983785,8.875596,0.000027,3.095306,0.945132,1.896920
2026-06-03 16:55:26,355,1.866169,3.732311,0.000027,0.430639,1.0897,10.4853,4.0000,0.911601,5.122443,7.526649,7.576680,7.603869,3.082381,3.798384,2.148304,0.861251,5.334194,3.530791,1.037132,1.707850,8.607931,0.983785,8.875596,0.000027,3.095306,0.945132,1.896920
2026-06-03 16:55:26,356,1.866169,3.732311,0.000027,0.430639,1.0897,10.4853,4.0000,0.911601,5.122443,7.526649,7.576680,7.603869,3.082381,3.798384,2.148304,0.861251,5.334194,3.530791,1.037132,1.707850,8.607931,0.983785,8.875596,0.000027,3.095306,0.945132,1.896920
2026-06-03 16:55:27,357,1.866169,3.732311,0.000027,0.430639,1.0897,10.4853,4.0000,0.911601,5.122443,7.526649,7.576680,7.603869,3.082381,3.798384,2.148304,0.861251,5.334194,3.530791,1.037132,1.707850,8.607931,0.983785,8.875596,0.000027,3.095306,0.945132,1.896920
2026-06-03 16:55:28,358,1.866169,3.732311,0.000027,0.430639,1.0897,10.4853,4.0000,0.911601,5.122443,7.526649,7.576680,7.603869,3.082381,3.798384,2.148304,0.861251,5.334194,3.530791,1.037132,1.707850,8.607931,0.983785,8.875596,0.000027,3.095306,0.945132,1.896920
2026-06-03 16:55:28,359,1.866169,3.732311,0.000027,0.430639,1.0897,10.4853,4.0000,0.911601,5.122443,7.526649,7.576680,7.603869,3.082381,3.798384,2.148304,0.861251,5.334194,3.530791,1.037132,1.707850,8.607931,0.983785,8.875596,0.000027,3.095306,0.945132,1.896920
2026-06-03 16:55:29,360,1.866169,3.732311,0.000027,0.430639,1.0897,10.4853,4.0000,0.911601,5.122443,7.526649,7.576680,7.603869,3.082381,3.798384,2.148304,0.861251,5.334194,3.530791,1.037132,1.707850,8.607931,0.983785,8.875596,0.000027,3.095306,0.945132,1.896920
2026-06-03 16:55:30,361,1.866169,3.732311,0.000027,0.430639,1.0897,10.4853,4.0000,0.911601,5.122443,7.526649,7.576680,7.603869,3.082381,3.798384,2.148304,0.861251,5.334194,3.530791,1.037132,1.707850,8.607931,0.983785,8.875596,0.000027,3.095306,0.945132,1.896920
2026-06-03 16:55:30,362,1.866169,3.732311,0.000027,0.430639,1.0897,10.4853,4.0000,0.911601,5.122443,7.526649,7.576680,7.603869,3.082381,3.798384,2.148304,0.861251,5.334194,3.530791,1.037132,1.707850,8.607931,0.983785,8.875596,0.000027,3.095306,0.945132,1.896920
2026-06-03 16:55:31,363,1.866169,3.732311,0.000027,0.430639,1.0897,10.4853,4.0000,0.911601,5.122443,7.526649,7.576680,7.603869,3.082381,3.798384,2.148304,0.861251,5.334194,3.530791,1.037132,1.707850,8.607931,0.983785,8.875596,0.000027,3.095306,0.945132,1.896920
2026-06-03 16:55:32,364,1.866169,3.732311,0.000027,0.430639,1.0897,10.4853,4.0000,0.911601,5.122443,7.526649,7.576680,7.603869,3.082381,3.798384,2.148304,0.861251,5.334194,3.530791,1.037132,1.707850,8.607931,0.983785,8.875596,0.000027,3.095306,0.945132,1.896920
2026-06-03 16:55:32,365,1.866169,3.732311,0.000027,0.430639,1.0897,10.4853,4.0000,0.911601,5.122443,7.526649,7.576680,7.603869,3.082381,3.798384,2.148304,0.861251,5.334194,3.530791,1.037132,1.707850,8.607931,0.983785,8.875596,0.000027,3.095306,0.945132,1.896920
2026-06-03 16:55:33,366,1.866169,3.732311,0.000027,0.430639,1.0897,10.4853,4.0000,0.911601,5.122443,7.526649,7.576680,7.603869,3.082381,3.798384,2.148304,0.861251,5.334194,3.530791,1.037132,1.707850,8.607931,0.983785,8.875596,0.000027,3.095306,0.945132,1.896920
2026-06-03 16:55:33,367,1.866169,3.732311,0.000027,0.430639,1.0897,10.4853,4.0000,0.911601,5.122443,7.526649,7.576680,7.603869,3.082381,3.798384,2.148304,0.861251,5.334194,3.530791,1.037132,1.707850,8.607931,0.983785,8.875596,0.000027,3.095306,0.945132,1.896920
2026-06-03 16:55:34,368,1.866169,3.732311,0.000027,0.430639,1.0897,10.4853,4.0000,0.911601,5.122443,7.526649,7.576680,7.603869,3.082381,3.798384,2.148304,0.861251,5.334194,3.530791,1.037132,1.707850,8.607931,0.983785,8.875596,0.000027,3.095306,0.945132,1.896920
2026-06-03 16:55:35,369,1.866169,3.732311,0.000027,0.430639,1.0897,10.4853,4.0000,0.911601,5.122443,7.526649,7.576680,7.603869,3.082381,3.798384,2.148304,0.861251,5.334194,3.530791,1.037132,1.707850,8.607931,0.983785,8.875596,0.000027,3.095306,0.945132,1.896920
2026-06-03 16:55:35,370,1.866169,3.732311,0.000027,0.430639,1.0897,10.4853,4.0000,0.911601,5.122443,7.526649,7.576680,7.603869,3.082381,3.798384,2.148304,0.861251,5.334194,3.530791,1.037132,1.707850,8.607931,0.983785,8.875596,0.000027,3.095306,0.945132,1.896920
2026-06-03 16:55:36,371,1.866169,3.732311,0.000027,0.430639,1.0897,10.4853,4.0000,0.911601,5.122443,7.526649,7.576680,7.603869,3.082381,3.798384,2.148304,0.861251,5.334194,3.530791,1.037132,1.707850,8.607931,0.983785,8.875596,0.000027,3.095306,0.945132,1.896920
2026-06-03 16:55:37,372,1.866169,3.732311,0.000027,0.430639,1.0897,10.4853,4.0000,0.911601,5.122443,7.526649,7.576680,7.603869,3.082381,3.798384,2.148304,0.861251,5.334194,3.530791,1.037132,1.707850,8.607931,0.983785,8.875596,0.000027,3.095306,0.945132,1.896920
2026-06-03 16:55:37,373,1.866169,3.732311,0.000027,0.430639,1.0897,10.4853,4.0000,0.911601,5.122443,7.526649,7.576680,7.603869,3.082381,3.798384,2.148304,0.861251,5.334194,3.530791,1.037132,1.707850,8.607931,0.983785,8.875596,0.000027,3.095306,0.945132,1.896920
2026-06-03 16:55:38,374,1.866169,3.732311,0.000027,0.430639,1.0897,10.4853,4.0000,0.911601,5.122443,7.526649,7.576680,7.603869,3.082381,3.798384,2.148304,0.861251,5.334194,3.530791,1.037132,1.707850,8.607931,0.983785,8.875596,0.000027,3.095306,0.945132,1.896920
2026-06-03 16:55:39,375,1.866169,3.732311,0.000027,0.430639,1.0897,10.4853,4.0000,0.911601,5.122443,7.526649,7.576680,7.603869,3.082381,3.798384,2.148304,0.861251,5.334194,3.530791,1.037132,1.707850,8.607931,0.983785,8.875596,0.000027,3.095306,0.945132,1.896920
2026-06-03 16:55:39,376,1.866169,3.732311,0.000027,0.430639,1.0897,10.4853,4.0000,0.911601,5.122443,7.526649,7.576680,7.603869,3.082381,3.798384,2.148304,0.861251,5.334194,3.530791,1.037132,1.707850,8.607931,0.983785,8.875596,0.000027,3.095306,0.945132,1.896920
2026-06-03 16:55:40,377,1.866169,3.732311,0.000027,0.430639,1.0897,10.4853,4.0000,0.911601,5.122443,7.526649,7.576680,7.603869,3.082381,3.798384,2.148304,0.861251,5.334194,3.530791,1.037132,1.707850,8.607931,0.983785,8.875596,0.000027,3.095306,0.945132,1.896920
2026-06-03 16:55:41,378,1.866169,3.732311,0.000027,0.430639,1.0897,10.4853,4.0000,0.911601,5.122443,7.526649,7.576680,7.603869,3.082381,3.798384,2.148304,0.861251,5.334194,3.530791,1.037132,1.707850,8.607931,0.983785,8.875596,0.000027,3.095306,0.945132,1.896920
2026-06-03 16:55:41,379,1.866169,3.732311,0.000027,0.430639,1.0897,10.4853,4.0000,0.911601,5.122443,7.526649,7.576680,7.603869,3.082381,3.798384,2.148304,0.861251,5.334194,3.530791,1.037132,1.707850,8.607931,0.983785,8.875596,0.000027,3.095306,0.945132,1.896920
2026-06-03 16:55:42,380,1.866169,3.732311,0.000027,0.430639,1.0897,10.4853,4.0000,0.911601,5.122443,7.526649,7.576680,7.603869,3.082381,3.798384,2.148304,0.861251,5.334194,3.530791,1.037132,1.707850,8.607931,0.983785,8.875596,0.000027,3.095306,0.945132,1.896920
2026-06-03 16:55:43,381,1.866169,3.732311,0.000027,0.430639,1.0897,10.4853,4.0000,0.911601,5.122443,7.526649,7.576680,7.603869,3.082381,3.798384,2.148304,0.861251,5.334194,3.530791,1.037132,1.707850,8.607931,0.983785,8.875596,0.000027,3.095306,0.945132,1.896920
2026-06-03 16:55:43,382,1.866169,3.732311,0.000027,0.430639,1.0897,10.4853,4.0000,0.911601,5.122443,7.526649,7.576680,7.603869,3.082381,3.798384,2.148304,0.861251,5.334194,3.530791,1.037132,1.707850,8.607931,0.983785,8.875596,0.000027,3.095306,0.945132,1.896920
2026-06-03 16:55:44,383,1.866169,3.732311,0.000027,0.430639,1.0897,10.4853,4.0000,0.911601,5.122443,7.526649,7.576680,7.603869,3.082381,3.798384,2.148304,0.861251,5.334194,3.530791,1.037132,1.707850,8.607931,0.983785,8.875596,0.000027,3.095306,0.945132,1.896920
2026-06-03 16:55:45,384,1.866169,3.732311,0.000027,0.430639,1.0897,10.4853,4.0000,0.911601,5.122443,7.526649,7.576680,7.603869,3.082381,3.798384,2.148304,0.861251,5.334194,3.530791,1.037132,1.707850,8.607931,0.983785,8.875596,0.000027,3.095306,0.945132,1.896920
2026-06-03 16:55:45,385,1.866169,3.732311,0.000027,0.430639,1.0897,10.4853,4.0000,0.911601,5.122443,7.526649,7.576680,7.603869,3.082381,3.798384,2.148304,0.861251,5.334194,3.530791,1.037132,1.707850,8.607931,0.983785,8.875596,0.000027,3.095306,0.945132,1.896920
2026-06-03 16:55:46,386,1.866169,3.732311,0.000027,0.430639,1.0897,10.4853,4.0000,0.911601,5.122443,7.526649,7.576680,7.603869,3.082381,3.798384,2.148304,0.861251,5.334194,3.530791,1.037132,1.707850,8.607931,0.983785,8.875596,0.000027,3.095306,0.945132,1.896920
2026-06-03 16:55:47,387,1.866169,3.732311,0.000027,0.430639,1.0897,10.4853,4.0000,0.911601,5.122443,7.526649,7.576680,7.603869,3.082381,3.798384,2.148304,0.861251,5.334194,3.530791,1.037132,1.707850,8.607931,0.983785,8.875596,0.000027,3.095306,0.945132,1.896920
2026-06-03 16:55:47,388,1.866169,3.732311,0.000027,0.430639,1.0897,10.4853,4.0000,0.911601,5.122443,7.526649,7.576680,7.603869,3.082381,3.798384,2.148304,0.861251,5.334194,3.530791,1.037132,1.707850,8.607931,0.983785,8.875596,0.000027,3.095306,0.945132,1.896920
2026-06-03 16:55:48,389,1.866169,3.732311,0.000027,0.430639,1.0897,10.4853,4.0000,0.911601,5.122443,7.526649,7.576680,7.603869,3.082381,3.798384,2.148304,0.861251,5.334194,3.530791,1.037132,1.707850,8.607931,0.983785,8.875596,0.000027,3.095306,0.945132,1.896920
2026-06-03 16:55:48,390,1.866169,3.732311,0.000027,0.430639,1.0897,10.4853,4.0000,0.911601,5.122443,7.526649,7.576680,7.603869,3.082381,3.798384,2.148304,0.861251,5.334194,3.530791,1.037132,1.707850,8.607931,0.983785,8.875596,0.000027,3.095306,0.945132,1.896920
2026-06-03 16:55:49,391,1.866169,3.732311,0.000027,0.430639,1.0897,10.4853,4.0000,0.911601,5.122443,7.526649,7.576680,7.603869,3.082381,3.798384,2.148304,0.861251,5.334194,3.530791,1.037132,1.707850,8.607931,0.983785,8.875596,0.000027,3.095306,0.945132,1.896920
2026-06-03 16:55:49,392,1.866169,3.732311,0.000027,0.430639,1.0897,10.4853,4.0000,0.911601,5.122443,7.526649,7.576680,7.603869,3.082381,3.798384,2.148304,0.861251,5.334194,3.530791,1.037132,1.707850,8.607931,0.983785,8.875596,0.000027,3.095306,0.945132,1.896920
2026-06-03 16:55:50,393,1.866169,3.732311,0.000027,0.430639,1.0897,10.4853,4.0000,0.911601,5.122443,7.526649,7.576680,7.603869,3.082381,3.798384,2.148304,0.861251,5.334194,3.530791,1.037132,1.707850,8.607931,0.983785,8.875596,0.000027,3.095306,0.945132,1.896920
2026-06-03 16:55:50,394,1.866169,3.732311,0.000027,0.430639,1.0897,10.4853,4.0000,0.911601,5.122443,7.526649,7.576680,7.603869,3.082381,3.798384,2.148304,0.861251,5.334194,3.530791,1.037132,1.707850,8.607931,0.983785,8.875596,0.000027,3.095306,0.945132,1.896920
2026-06-03 16:55:51,395,1.866169,3.732311,0.000027,0.430639,1.0897,10.4853,4.0000,0.911601,5.122443,7.526649,7.576680,7.603869,3.082381,3.798384,2.148304,0.861251,5.334194,3.530791,1.037132,1.707850,8.607931,0.983785,8.875596,0.000027,3.095306,0.945132,1.896920
2026-06-03 16:55:51,396,1.866169,3.732311,0.000027,0.430639,1.0897,10.4853,4.0000,0.911601,5.122443,7.526649,7.576680,7.603869,3.082381,3.798384,2.148304,0.861251,5.334194,3.530791,1.037132,1.707850,8.607931,0.983785,8.875596,0.000027,3.095306,0.945132,1.896920
2026-06-03 16:55:51,397,1.866169,3.732311,0.000027,0.430639,1.0897,10.4853,4.0000,0.911601,5.122443,7.526649,7.576680,7.603869,3.082381,3.798384,2.148304,0.861251,5.334194,3.530791,1.037132,1.707850,8.607931,0.983785,8.875596,0.000027,3.095306,0.945132,1.896920
2026-06-03 16:55:52,398,1.866169,3.732311,0.000027,0.430639,1.0897,10.4853,4.0000,0.911601,5.122443,7.526649,7.576680,7.603869,3.082381,3.798384,2.148304,0.861251,5.334194,3.530791,1.037132,1.707850,8.607931,0.983785,8.875596,0.000027,3.095306,0.945132,1.896920
2026-06-03 16:55:52,399,1.866169,3.732311,0.000027,0.430639,1.0897,10.4853,4.0000,0.911601,5.122443,7.526649,7.576680,7.603869,3.082381,3.798384,2.148304,0.861251,5.334194,3.530791,1.037132,1.707850,8.607931,0.983785,8.875596,0.000027,3.095306,0.945132,1.896920
2026-06-03 16:55:53,400,1.866169,3.732311,0.000027,0.430639,1.0897,10.4853,4.0000,0.911601,5.122443,7.526649,7.576680,7.603869,3.082381,3.798384,2.148304,0.861251,5.334194,3.530791,1.037132,1.707850,8.607931,0.983785,8.875596,0.000027,3.095306,0.945132,1.896920
2026-06-03 16:55:54,401,1.866169,3.732311,0.000027,0.430639,1.0897,10.4853,4.0000,0.911601,5.122443,7.526649,7.576680,7.603869,3.082381,3.798384,2.148304,0.861251,5.334194,3.530791,1.037132,1.707850,8.607931,0.983785,8.875596,0.000027,3.095306,0.945132,1.896920
2026-06-03 16:55:54,402,1.866169,3.732311,0.000027,0.430639,1.0897,10.4853,4.0000,0.911601,5.122443,7.526649,7.576680,7.603869,3.082381,3.798384,2.148304,0.861251,5.334194,3.530791,1.037132,1.707850,8.607931,0.983785,8.875596,0.000027,3.095306,0.945132,1.896920
2026-06-03 16:55:54,403,1.866169,3.732311,0.000027,0.430639,1.0897,10.4853,4.0000,0.911601,5.122443,7.526649,7.576680,7.603869,3.082381,3.798384,2.148304,0.861251,5.334194,3.530791,1.037132,1.707850,8.607931,0.983785,8.875596,0.000027,3.095306,0.945132,1.896920
2026-06-03 16:55:55,404,1.866169,3.732311,0.000027,0.430639,1.0897,10.4853,4.0000,0.911601,5.122443,7.526649,7.576680,7.603869,3.082381,3.798384,2.148304,0.861251,5.334194,3.530791,1.037132,1.707850,8.607931,0.983785,8.875596,0.000027,3.095306,0.945132,1.896920
2026-06-03 16:55:56,405,1.866169,3.732311,0.000027,0.430639,1.0897,10.4853,4.0000,0.911601,5.122443,7.526649,7.576680,7.603869,3.082381,3.798384,2.148304,0.861251,5.334194,3.530791,1.037132,1.707850,8.607931,0.983785,8.875596,0.000027,3.095306,0.945132,1.896920
2026-06-03 16:55:56,406,1.866169,3.732311,0.000027,0.430639,1.0897,10.4853,4.0000,0.911601,5.122443,7.526649,7.576680,7.603869,3.082381,3.798384,2.148304,0.861251,5.334194,3.530791,1.037132,1.707850,8.607931,0.983785,8.875596,0.000027,3.095306,0.945132,1.896920
2026-06-03 16:55:57,407,1.866169,3.732311,0.000027,0.430639,1.0897,10.4853,4.0000,0.911601,5.122443,7.526649,7.576680,7.603869,3.082381,3.798384,2.148304,0.861251,5.334194,3.530791,1.037132,1.707850,8.607931,0.983785,8.875596,0.000027,3.095306,0.945132,1.896920
2026-06-03 16:55:57,408,1.866169,3.732311,0.000027,0.430639,1.0897,10.4853,4.0000,0.911601,5.122443,7.526649,7.576680,7.603869,3.082381,3.798384,2.148304,0.861251,5.334194,3.530791,1.037132,1.707850,8.607931,0.983785,8.875596,0.000027,3.095306,0.945132,1.896920
2026-06-03 16:55:58,409,1.866169,3.732311,0.000027,0.430639,1.0897,10.4853,4.0000,0.911601,5.122443,7.526649,7.576680,7.603869,3.082381,3.798384,2.148304,0.861251,5.334194,3.530791,1.037132,1.707850,8.607931,0.983785,8.875596,0.000027,3.095306,0.945132,1.896920
2026-06-03 16:55:58,410,1.866169,3.732311,0.000027,0.430639,1.0897,10.4853,4.0000,0.911601,5.122443,7.526649,7.576680,7.603869,3.082381,3.798384,2.148304,0.861251,5.334194,3.530791,1.037132,1.707850,8.607931,0.983785,8.875596,0.000027,3.095306,0.945132,1.896920
2026-06-03 16:55:59,411,1.866169,3.732311,0.000027,0.430639,1.0897,10.4853,4.0000,0.911601,5.122443,7.526649,7.576680,7.603869,3.082381,3.798384,2.148304,0.861251,5.334194,3.530791,1.037132,1.707850,8.607931,0.983785,8.875596,0.000027,3.095306,0.945132,1.896920
2026-06-03 16:55:59,412,1.866169,3.732311,0.000027,0.430639,1.0897,10.4853,4.0000,0.911601,5.122443,7.526649,7.576680,7.603869,3.082381,3.798384,2.148304,0.861251,5.334194,3.530791,1.037132,1.707850,8.607931,0.983785,8.875596,0.000027,3.095306,0.945132,1.896920
2026-06-03 16:56:00,413,1.866169,3.732311,0.000027,0.430639,1.0897,10.4853,4.0000,0.911601,5.122443,7.526649,7.576680,7.603869,3.082381,3.798384,2.148304,0.861251,5.334194,3.530791,1.037132,1.707850,8.607931,0.983785,8.875596,0.000027,3.095306,0.945132,1.896920
2026-06-03 16:56:00,414,1.866169,3.732311,0.000027,0.430639,1.0897,10.4853,4.0000,0.911601,5.122443,7.526649,7.576680,7.603869,3.082381,3.798384,2.148304,0.861251,5.334194,3.530791,1.037132,1.707850,8.607931,0.983785,8.875596,0.000027,3.095306,0.945132,1.896920
2026-06-03 16:56:01,415,1.866169,3.732311,0.000027,0.430639,1.0897,10.4853,4.0000,0.911601,5.122443,7.526649,7.576680,7.603869,3.082381,3.798384,2.148304,0.861251,5.334194,3.530791,1.037132,1.707850,8.607931,0.983785,8.875596,0.000027,3.095306,0.945132,1.896920
2026-06-03 16:56:01,416,1.866169,3.732311,0.000027,0.430639,1.0897,10.4853,4.0000,0.911601,5.122443,7.526649,7.576680,7.603869,3.082381,3.798384,2.148304,0.861251,5.334194,3.530791,1.037132,1.707850,8.607931,0.983785,8.875596,0.000027,3.095306,0.945132,1.896920
2026-06-03 16:56:02,417,1.866169,3.732311,0.000027,0.430639,1.0897,10.4853,4.0000,0.911601,5.122443,7.526649,7.576680,7.603869,3.082381,3.798384,2.148304,0.861251,5.334194,3.530791,1.037132,1.707850,8.607931,0.983785,8.875596,0.000027,3.095306,0.945132,1.896920
2026-06-03 16:56:03,418,1.866169,3.732311,0.000027,0.430639,1.0897,10.4853,4.0000,0.911601,5.122443,7.526649,7.576680,7.603869,3.082381,3.798384,2.148304,0.861251,5.334194,3.530791,1.037132,1.707850,8.607931,0.983785,8.875596,0.000027,3.095306,0.945132,1.896920
2026-06-03 16:56:03,419,1.866169,3.732311,0.000027,0.430639,1.0897,10.4853,4.0000,0.911601,5.122443,7.526649,7.576680,7.603869,3.082381,3.798384,2.148304,0.861251,5.334194,3.530791,1.037132,1.707850,8.607931,0.983785,8.875596,0.000027,3.095306,0.945132,1.896920
2026-06-03 16:56:04,420,1.866169,3.732311,0.000027,0.430639,1.0897,10.4853,4.0000,0.911601,5.122443,7.526649,7.576680,7.603869,3.082381,3.798384,2.148304,0.861251,5.334194,3.530791,1.037132,1.707850,8.607931,0.983785,8.875596,0.000027,3.095306,0.945132,1.896920
2026-06-03 16:56:04,421,1.866169,3.732311,0.000027,0.430639,1.0897,10.4853,4.0000,0.911601,5.122443,7.526649,7.576680,7.603869,3.082381,3.798384,2.148304,0.861251,5.334194,3.530791,1.037132,1.707850,8.607931,0.983785,8.875596,0.000027,3.095306,0.945132,1.896920
2026-06-03 16:56:05,422,1.866169,3.732311,0.000027,0.430639,1.0897,10.4853,4.0000,0.911601,5.122443,7.526649,7.576680,7.603869,3.082381,3.798384,2.148304,0.861251,5.334194,3.530791,1.037132,1.707850,8.607931,0.983785,8.875596,0.000027,3.095306,0.945132,1.896920
2026-06-03 16:56:05,423,1.866169,3.732311,0.000027,0.430639,1.0897,10.4853,4.0000,0.911601,5.122443,7.526649,7.576680,7.603869,3.082381,3.798384,2.148304,0.861251,5.334194,3.530791,1.037132,1.707850,8.607931,0.983785,8.875596,0.000027,3.095306,0.945132,1.896920
2026-06-03 16:56:06,424,1.866169,3.732311,0.000027,0.430639,1.0897,10.4853,4.0000,0.911601,5.122443,7.526649,7.576680,7.603869,3.082381,3.798384,2.148304,0.861251,5.334194,3.530791,1.037132,1.707850,8.607931,0.983785,8.875596,0.000027,3.095306,0.945132,1.896920
2026-06-03 16:56:06,425,1.866169,3.732311,0.000027,0.430639,1.0897,10.4853,4.0000,0.911601,5.122443,7.526649,7.576680,7.603869,3.082381,3.798384,2.148304,0.861251,5.334194,3.530791,1.037132,1.707850,8.607931,0.983785,8.875596,0.000027,3.095306,0.945132,1.896920
2026-06-03 16:56:07,426,1.866169,3.732311,0.000027,0.430639,1.0897,10.4853,4.0000,0.911601,5.122443,7.526649,7.576680,7.603869,3.082381,3.798384,2.148304,0.861251,5.334194,3.530791,1.037132,1.707850,8.607931,0.983785,8.875596,0.000027,3.095306,0.945132,1.896920
2026-06-03 16:56:07,427,1.866169,3.732311,0.000027,0.430639,1.0897,10.4853,4.0000,0.911601,5.122443,7.526649,7.576680,7.603869,3.082381,3.798384,2.148304,0.861251,5.334194,3.530791,1.037132,1.707850,8.607931,0.983785,8.875596,0.000027,3.095306,0.945132,1.896920
2026-06-03 16:56:08,428,1.866169,3.732311,0.000027,0.430639,1.0897,10.4853,4.0000,0.911601,5.122443,7.526649,7.576680,7.603869,3.082381,3.798384,2.148304,0.861251,5.334194,3.530791,1.037132,1.707850,8.607931,0.983785,8.875596,0.000027,3.095306,0.945132,1.896920
2026-06-03 16:56:08,429,1.866169,3.732311,0.000027,0.430639,1.0897,10.4853,4.0000,0.911601,5.122443,7.526649,7.576680,7.603869,3.082381,3.798384,2.148304,0.861251,5.334194,3.530791,1.037132,1.707850,8.607931,0.983785,8.875596,0.000027,3.095306,0.945132,1.896920
2026-06-03 16:56:09,430,1.866169,3.732311,0.000027,0.430639,1.0897,10.4853,4.0000,0.911601,5.122443,7.526649,7.576680,7.603869,3.082381,3.798384,2.148304,0.861251,5.334194,3.530791,1.037132,1.707850,8.607931,0.983785,8.875596,0.000027,3.095306,0.945132,1.896920
2026-06-03 16:56:09,431,1.866169,3.732311,0.000027,0.430639,1.0897,10.4853,4.0000,0.911601,5.122443,7.526649,7.576680,7.603869,3.082381,3.798384,2.148304,0.861251,5.334194,3.530791,1.037132,1.707850,8.607931,0.983785,8.875596,0.000027,3.095306,0.945132,1.896920
2026-06-03 16:56:10,432,1.866169,3.732311,0.000027,0.430639,1.0897,10.4853,4.0000,0.911601,5.122443,7.526649,7.576680,7.603869,3.082381,3.798384,2.148304,0.861251,5.334194,3.530791,1.037132,1.707850,8.607931,0.983785,8.875596,0.000027,3.095306,0.945132,1.896920
2026-06-03 16:56:10,433,1.866169,3.732311,0.000027,0.430639,1.0897,10.4853,4.0000,0.911601,5.122443,7.526649,7.576680,7.603869,3.082381,3.798384,2.148304,0.861251,5.334194,3.530791,1.037132,1.707850,8.607931,0.983785,8.875596,0.000027,3.095306,0.945132,1.896920
2026-06-03 16:56:11,434,1.866169,3.732311,0.000027,0.430639,1.0897,10.4853,4.0000,0.911601,5.122443,7.526649,7.576680,7.603869,3.082381,3.798384,2.148304,0.861251,5.334194,3.530791,1.037132,1.707850,8.607931,0.983785,8.875596,0.000027,3.095306,0.945132,1.896920
2026-06-03 16:56:12,435,1.866169,3.732311,0.000027,0.430639,1.0897,10.4853,4.0000,0.911601,5.122443,7.526649,7.576680,7.603869,3.082381,3.798384,2.148304,0.861251,5.334194,3.530791,1.037132,1.707850,8.607931,0.983785,8.875596,0.000027,3.095306,0.945132,1.896920
2026-06-03 16:56:12,436,1.866169,3.732311,0.000027,0.430639,1.0897,10.4853,4.0000,0.911601,5.122443,7.526649,7.576680,7.603869,3.082381,3.798384,2.148304,0.861251,5.334194,3.530791,1.037132,1.707850,8.607931,0.983785,8.875596,0.000027,3.095306,0.945132,1.896920
2026-06-03 16:56:13,437,1.866169,3.732311,0.000027,0.430639,1.0897,10.4853,4.0000,0.911601,5.122443,7.526649,7.576680,7.603869,3.082381,3.798384,2.148304,0.861251,5.334194,3.530791,1.037132,1.707850,8.607931,0.983785,8.875596,0.000027,3.095306,0.945132,1.896920
2026-06-03 16:56:13,438,1.866169,3.732311,0.000027,0.430639,1.0897,10.4853,4.0000,0.911601,5.122443,7.526649,7.576680,7.603869,3.082381,3.798384,2.148304,0.861251,5.334194,3.530791,1.037132,1.707850,8.607931,0.983785,8.875596,0.000027,3.095306,0.945132,1.896920
2026-06-03 16:56:14,439,1.866169,3.732311,0.000027,0.430639,1.0897,10.4853,4.0000,0.911601,5.122443,7.526649,7.576680,7.603869,3.082381,3.798384,2.148304,0.861251,5.334194,3.530791,1.037132,1.707850,8.607931,0.983785,8.875596,0.000027,3.095306,0.945132,1.896920
2026-06-03 16:56:14,440,1.866169,3.732311,0.000027,0.430639,1.0897,10.4853,4.0000,0.911601,5.122443,7.526649,7.576680,7.603869,3.082381,3.798384,2.148304,0.861251,5.334194,3.530791,1.037132,1.707850,8.607931,0.983785,8.875596,0.000027,3.095306,0.945132,1.896920
2026-06-03 16:56:15,441,1.866169,3.732311,0.000027,0.430639,1.0897,10.4853,4.0000,0.911601,5.122443,7.526649,7.576680,7.603869,3.082381,3.798384,2.148304,0.861251,5.334194,3.530791,1.037132,1.707850,8.607931,0.983785,8.875596,0.000027,3.095306,0.945132,1.896920
2026-06-03 16:56:15,442,1.866169,3.732311,0.000027,0.430639,1.0897,10.4853,4.0000,0.911601,5.122443,7.526649,7.576680,7.603869,3.082381,3.798384,2.148304,0.861251,5.334194,3.530791,1.037132,1.707850,8.607931,0.983785,8.875596,0.000027,3.095306,0.945132,1.896920
2026-06-03 16:56:16,443,1.866169,3.732311,0.000027,0.430639,1.0897,10.4853,4.0000,0.911601,5.122443,7.526649,7.576680,7.603869,3.082381,3.798384,2.148304,0.861251,5.334194,3.530791,1.037132,1.707850,8.607931,0.983785,8.875596,0.000027,3.095306,0.945132,1.896920
2026-06-03 16:56:16,444,1.866169,3.732311,0.000027,0.430639,1.0897,10.4853,4.0000,0.911601,5.122443,7.526649,7.576680,7.603869,3.082381,3.798384,2.148304,0.861251,5.334194,3.530791,1.037132,1.707850,8.607931,0.983785,8.875596,0.000027,3.095306,0.945132,1.896920
2026-06-03 16:56:17,445,1.866169,3.732311,0.000027,0.430639,1.0897,10.4853,4.0000,0.911601,5.122443,7.526649,7.576680,7.603869,3.082381,3.798384,2.148304,0.861251,5.334194,3.530791,1.037132,1.707850,8.607931,0.983785,8.875596,0.000027,3.095306,0.945132,1.896920
2026-06-03 16:56:17,446,1.866169,3.732311,0.000027,0.430639,1.0897,10.4853,4.0000,0.911601,5.122443,7.526649,7.576680,7.603869,3.082381,3.798384,2.148304,0.861251,5.334194,3.530791,1.037132,1.707850,8.607931,0.983785,8.875596,0.000027,3.095306,0.945132,1.896920
2026-06-03 16:56:18,447,1.866169,3.732311,0.000027,0.430639,1.0897,10.4853,4.0000,0.911601,5.122443,7.526649,7.576680,7.603869,3.082381,3.798384,2.148304,0.861251,5.334194,3.530791,1.037132,1.707850,8.607931,0.983785,8.875596,0.000027,3.095306,0.945132,1.896920
2026-06-03 16:56:18,448,1.866169,3.732311,0.000027,0.430639,1.0897,10.4853,4.0000,0.911601,5.122443,7.526649,7.576680,7.603869,3.082381,3.798384,2.148304,0.861251,5.334194,3.530791,1.037132,1.707850,8.607931,0.983785,8.875596,0.000027,3.095306,0.945132,1.896920
2026-06-03 16:56:19,449,1.866169,3.732311,0.000027,0.430639,1.0897,10.4853,4.0000,0.911601,5.122443,7.526649,7.576680,7.603869,3.082381,3.798384,2.148304,0.861251,5.334194,3.530791,1.037132,1.707850,8.607931,0.983785,8.875596,0.000027,3.095306,0.945132,1.896920
2026-06-03 16:56:19,450,1.866169,3.732311,0.000027,0.430639,1.0897,10.4853,4.0000,0.911601,5.122443,7.526649,7.576680,7.603869,3.082381,3.798384,2.148304,0.861251,5.334194,3.530791,1.037132,1.707850,8.607931,0.983785,8.875596,0.000027,3.095306,0.945132,1.896920
2026-06-03 16:56:20,451,1.866169,3.732311,0.000027,0.430639,1.0897,10.4853,4.0000,0.911601,5.122443,7.526649,7.576680,7.603869,3.082381,3.798384,2.148304,0.861251,5.334194,3.530791,1.037132,1.707850,8.607931,0.983785,8.875596,0.000027,3.095306,0.945132,1.896920
2026-06-03 16:56:20,452,1.866169,3.732311,0.000027,0.430639,1.0897,10.4853,4.0000,0.911601,5.122443,7.526649,7.576680,7.603869,3.082381,3.798384,2.148304,0.861251,5.334194,3.530791,1.037132,1.707850,8.607931,0.983785,8.875596,0.000027,3.095306,0.945132,1.896920
2026-06-03 16:56:20,453,1.866169,3.732311,0.000027,0.430639,1.0897,10.4853,4.0000,0.911601,5.122443,7.526649,7.576680,7.603869,3.082381,3.798384,2.148304,0.861251,5.334194,3.530791,1.037132,1.707850,8.607931,0.983785,8.875596,0.000027,3.095306,0.945132,1.896920
2026-06-03 16:56:21,454,1.866169,3.732311,0.000027,0.430639,1.0897,10.4853,4.0000,0.911601,5.122443,7.526649,7.576680,7.603869,3.082381,3.798384,2.148304,0.861251,5.334194,3.530791,1.037132,1.707850,8.607931,0.983785,8.875596,0.000027,3.095306,0.945132,1.896920
2026-06-03 16:56:21,455,1.866172,3.732317,0.000027,0.430472,1.1080,10.4860,4.0000,0.911265,5.123597,7.526730,7.576774,7.603948,3.082518,3.798854,2.148091,0.860917,5.334091,3.531122,1.036785,1.707560,8.607954,0.983445,8.875764,0.000027,3.095450,0.944793,1.896663
2026-06-03 16:56:22,456,1.866172,3.732317,0.000027,0.430472,1.1080,10.4860,4.0000,0.911265,5.123597,7.526730,7.576774,7.603948,3.082518,3.798854,2.148091,0.860917,5.334091,3.531122,1.036785,1.707560,8.607954,0.983445,8.875764,0.000027,3.095450,0.944793,1.896663
2026-06-03 16:56:22,457,1.866172,3.732317,0.000027,0.430472,1.1080,10.4860,4.0000,0.911265,5.123597,7.526730,7.576774,7.603948,3.082518,3.798854,2.148091,0.860917,5.334091,3.531122,1.036785,1.707560,8.607954,0.983445,8.875764,0.000027,3.095450,0.944793,1.896663
2026-06-03 16:56:23,458,1.866173,3.732320,0.000027,0.430582,1.0961,10.4861,4.0000,0.911486,5.122851,7.526684,7.576719,7.603904,3.082436,3.798563,2.148239,0.861138,5.334161,3.530919,1.037015,1.707753,8.607952,0.983669,8.875666,0.000027,3.095360,0.945017,1.896836
2026-06-03 16:56:23,459,1.866173,3.732320,0.000027,0.430582,1.0961,10.4861,4.0000,0.911486,5.122851,7.526684,7.576719,7.603904,3.082436,3.798563,2.148239,0.861138,5.334161,3.530919,1.037015,1.707753,8.607952,0.983669,8.875666,0.000027,3.095360,0.945017,1.896836
2026-06-03 16:56:24,460,1.866173,3.732320,0.000027,0.430582,1.0961,10.4861,4.0000,0.911486,5.122851,7.526684,7.576719,7.603904,3.082436,3.798563,2.148239,0.861138,5.334161,3.530919,1.037015,1.707753,8.607952,0.983669,8.875666,0.000027,3.095360,0.945017,1.896836
2026-06-03 16:56:24,461,1.866173,3.732320,0.000027,0.430582,1.0961,10.4861,4.0000,0.911486,5.122851,7.526684,7.576719,7.603904,3.082436,3.798563,2.148239,0.861138,5.334161,3.530919,1.037015,1.707753,8.607952,0.983669,8.875666,0.000027,3.095360,0.945017,1.896836
2026-06-03 16:56:25,462,1.866173,3.732320,0.000027,0.430582,1.0961,10.4861,4.0000,0.911486,5.122851,7.526684,7.576719,7.603904,3.082436,3.798563,2.148239,0.861138,5.334161,3.530919,1.037015,1.707753,8.607952,0.983669,8.875666,0.000027,3.095360,0.945017,1.896836
2026-06-03 16:56:25,463,1.866173,3.732320,0.000027,0.430582,1.0961,10.4861,4.0000,0.911486,5.122851,7.526684,7.576719,7.603904,3.082436,3.798563,2.148239,0.861138,5.334161,3.530919,1.037015,1.707753,8.607952,0.983669,8.875666,0.000027,3.095360,0.945017,1.896836
2026-06-03 16:56:26,464,1.866173,3.732320,0.000027,0.430582,1.0961,10.4861,4.0000,0.911486,5.122851,7.526684,7.576719,7.603904,3.082436,3.798563,2.148239,0.861138,5.334161,3.530919,1.037015,1.707753,8.607952,0.983669,8.875666,0.000027,3.095360,0.945017,1.896836
2026-06-03 16:56:26,465,1.866173,3.732320,0.000027,0.430582,1.0961,10.4861,4.0000,0.911486,5.122851,7.526684,7.576719,7.603904,3.082436,3.798563,2.148239,0.861138,5.334161,3.530919,1.037015,1.707753,8.607952,0.983669,8.875666,0.000027,3.095360,0.945017,1.896836
2026-06-03 16:56:27,466,1.866173,3.732320,0.000027,0.430582,1.0961,10.4861,4.0000,0.911486,5.122851,7.526684,7.576719,7.603904,3.082436,3.798563,2.148239,0.861138,5.334161,3.530919,1.037015,1.707753,8.607952,0.983669,8.875666,0.000027,3.095360,0.945017,1.896836
2026-06-03 16:56:27,467,1.866173,3.732320,0.000027,0.430582,1.0961,10.4861,4.0000,0.911486,5.122851,7.526684,7.576719,7.603904,3.082436,3.798563,2.148239,0.861138,5.334161,3.530919,1.037015,1.707753,8.607952,0.983669,8.875666,0.000027,3.095360,0.945017,1.896836
2026-06-03 16:56:27,468,1.866173,3.732320,0.000027,0.430582,1.0961,10.4861,4.0000,0.911486,5.122851,7.526684,7.576719,7.603904,3.082436,3.798563,2.148239,0.861138,5.334161,3.530919,1.037015,1.707753,8.607952,0.983669,8.875666,0.000027,3.095360,0.945017,1.896836
2026-06-03 16:56:28,469,1.866173,3.732320,0.000027,0.430582,1.0961,10.4861,4.0000,0.911486,5.122851,7.526684,7.576719,7.603904,3.082436,3.798563,2.148239,0.861138,5.334161,3.530919,1.037015,1.707753,8.607952,0.983669,8.875666,0.000027,3.095360,0.945017,1.896836
2026-06-03 16:56:28,470,1.866173,3.732320,0.000027,0.430582,1.0961,10.4861,4.0000,0.911486,5.122851,7.526684,7.576719,7.603904,3.082436,3.798563,2.148239,0.861138,5.334161,3.530919,1.037015,1.707753,8.607952,0.983669,8.875666,0.000027,3.095360,0.945017,1.896836
2026-06-03 16:56:29,471,1.866173,3.732320,0.000027,0.430582,1.0961,10.4861,4.0000,0.911486,5.122851,7.526684,7.576719,7.603904,3.082436,3.798563,2.148239,0.861138,5.334161,3.530919,1.037015,1.707753,8.607952,0.983669,8.875666,0.000027,3.095360,0.945017,1.896836
2026-06-03 16:56:29,472,1.866173,3.732320,0.000027,0.430582,1.0961,10.4861,4.0000,0.911486,5.122851,7.526684,7.576719,7.603904,3.082436,3.798563,2.148239,0.861138,5.334161,3.530919,1.037015,1.707753,8.607952,0.983669,8.875666,0.000027,3.095360,0.945017,1.896836
2026-06-03 16:56:30,473,1.866173,3.732320,0.000027,0.430582,1.0961,10.4861,4.0000,0.911486,5.122851,7.526684,7.576719,7.603904,3.082436,3.798563,2.148239,0.861138,5.334161,3.530919,1.037015,1.707753,8.607952,0.983669,8.875666,0.000027,3.095360,0.945017,1.896836
2026-06-03 16:56:30,474,1.866173,3.732320,0.000027,0.430582,1.0961,10.4861,4.0000,0.911486,5.122851,7.526684,7.576719,7.603904,3.082436,3.798563,2.148239,0.861138,5.334161,3.530919,1.037015,1.707753,8.607952,0.983669,8.875666,0.000027,3.095360,0.945017,1.896836
2026-06-03 16:56:31,475,1.866173,3.732320,0.000027,0.430582,1.0961,10.4861,4.0000,0.911486,5.122851,7.526684,7.576719,7.603904,3.082436,3.798563,2.148239,0.861138,5.334161,3.530919,1.037015,1.707753,8.607952,0.983669,8.875666,0.000027,3.095360,0.945017,1.896836
2026-06-03 16:56:31,476,1.866173,3.732320,0.000027,0.430582,1.0961,10.4861,4.0000,0.911486,5.122851,7.526684,7.576719,7.603904,3.082436,3.798563,2.148239,0.861138,5.334161,3.530919,1.037015,1.707753,8.607952,0.983669,8.875666,0.000027,3.095360,0.945017,1.896836
2026-06-03 16:56:32,477,1.866173,3.732320,0.000027,0.430582,1.0961,10.4861,4.0000,0.911486,5.122851,7.526684,7.576719,7.603904,3.082436,3.798563,2.148239,0.861138,5.334161,3.530919,1.037015,1.707753,8.607952,0.983669,8.875666,0.000027,3.095360,0.945017,1.896836
2026-06-03 16:56:32,478,1.866173,3.732320,0.000027,0.430582,1.0961,10.4861,4.0000,0.911486,5.122851,7.526684,7.576719,7.603904,3.082436,3.798563,2.148239,0.861138,5.334161,3.530919,1.037015,1.707753,8.607952,0.983669,8.875666,0.000027,3.095360,0.945017,1.896836
2026-06-03 16:56:33,479,1.866173,3.732320,0.000027,0.430582,1.0961,10.4861,4.0000,0.911486,5.122851,7.526684,7.576719,7.603904,3.082436,3.798563,2.148239,0.861138,5.334161,3.530919,1.037015,1.707753,8.607952,0.983669,8.875666,0.000027,3.095360,0.945017,1.896836
2026-06-03 16:56:33,480,1.866173,3.732320,0.000027,0.430582,1.0961,10.4861,4.0000,0.911486,5.122851,7.526684,7.576719,7.603904,3.082436,3.798563,2.148239,0.861138,5.334161,3.530919,1.037015,1.707753,8.607952,0.983669,8.875666,0.000027,3.095360,0.945017,1.896836
2026-06-03 16:56:34,481,1.866173,3.732320,0.000027,0.430582,1.0961,10.4861,4.0000,0.911486,5.122851,7.526684,7.576719,7.603904,3.082436,3.798563,2.148239,0.861138,5.334161,3.530919,1.037015,1.707753,8.607952,0.983669,8.875666,0.000027,3.095360,0.945017,1.896836
2026-06-03 16:56:34,482,1.866173,3.732320,0.000027,0.430582,1.0961,10.4861,4.0000,0.911486,5.122851,7.526684,7.576719,7.603904,3.082436,3.798563,2.148239,0.861138,5.334161,3.530919,1.037015,1.707753,8.607952,0.983669,8.875666,0.000027,3.095360,0.945017,1.896836
2026-06-03 16:56:34,483,1.866173,3.732320,0.000027,0.430582,1.0961,10.4861,4.0000,0.911486,5.122851,7.526684,7.576719,7.603904,3.082436,3.798563,2.148239,0.861138,5.334161,3.530919,1.037015,1.707753,8.607952,0.983669,8.875666,0.000027,3.095360,0.945017,1.896836
2026-06-03 16:56:35,484,1.866173,3.732320,0.000027,0.430582,1.0961,10.4861,4.0000,0.911486,5.122851,7.526684,7.576719,7.603904,3.082436,3.798563,2.148239,0.861138,5.334161,3.530919,1.037015,1.707753,8.607952,0.983669,8.875666,0.000027,3.095360,0.945017,1.896836
2026-06-03 16:56:35,485,1.866173,3.732320,0.000027,0.430582,1.0961,10.4861,4.0000,0.911486,5.122851,7.526684,7.576719,7.603904,3.082436,3.798563,2.148239,0.861138,5.334161,3.530919,1.037015,1.707753,8.607952,0.983669,8.875666,0.000027,3.095360,0.945017,1.896836
2026-06-03 16:56:36,486,1.866173,3.732320,0.000027,0.430582,1.0961,10.4861,4.0000,0.911486,5.122851,7.526684,7.576719,7.603904,3.082436,3.798563,2.148239,0.861138,5.334161,3.530919,1.037015,1.707753,8.607952,0.983669,8.875666,0.000027,3.095360,0.945017,1.896836
2026-06-03 16:56:36,487,1.866173,3.732320,0.000027,0.430582,1.0961,10.4861,4.0000,0.911486,5.122851,7.526684,7.576719,7.603904,3.082436,3.798563,2.148239,0.861138,5.334161,3.530919,1.037015,1.707753,8.607952,0.983669,8.875666,0.000027,3.095360,0.945017,1.896836
2026-06-03 16:56:37,488,1.866173,3.732320,0.000027,0.430582,1.0961,10.4861,4.0000,0.911486,5.122851,7.526684,7.576719,7.603904,3.082436,3.798563,2.148239,0.861138,5.334161,3.530919,1.037015,1.707753,8.607952,0.983669,8.875666,0.000027,3.095360,0.945017,1.896836
2026-06-03 16:56:37,489,1.866173,3.732320,0.000027,0.430582,1.0961,10.4861,4.0000,0.911486,5.122851,7.526684,7.576719,7.603904,3.082436,3.798563,2.148239,0.861138,5.334161,3.530919,1.037015,1.707753,8.607952,0.983669,8.875666,0.000027,3.095360,0.945017,1.896836
2026-06-03 16:56:38,490,1.866173,3.732320,0.000027,0.430582,1.0961,10.4861,4.0000,0.911486,5.122851,7.526684,7.576719,7.603904,3.082436,3.798563,2.148239,0.861138,5.334161,3.530919,1.037015,1.707753,8.607952,0.983669,8.875666,0.000027,3.095360,0.945017,1.896836
2026-06-03 16:56:38,491,1.866173,3.732320,0.000027,0.430582,1.0961,10.4861,4.0000,0.911486,5.122851,7.526684,7.576719,7.603904,3.082436,3.798563,2.148239,0.861138,5.334161,3.530919,1.037015,1.707753,8.607952,0.983669,8.875666,0.000027,3.095360,0.945017,1.896836
2026-06-03 16:56:39,492,1.866173,3.732320,0.000027,0.430582,1.0961,10.4861,4.0000,0.911486,5.122851,7.526684,7.576719,7.603904,3.082436,3.798563,2.148239,0.861138,5.334161,3.530919,1.037015,1.707753,8.607952,0.983669,8.875666,0.000027,3.095360,0.945017,1.896836
2026-06-03 16:56:39,493,1.866173,3.732320,0.000027,0.430582,1.0961,10.4861,4.0000,0.911486,5.122851,7.526684,7.576719,7.603904,3.082436,3.798563,2.148239,0.861138,5.334161,3.530919,1.037015,1.707753,8.607952,0.983669,8.875666,0.000027,3.095360,0.945017,1.896836
2026-06-03 16:56:40,494,1.866173,3.732320,0.000027,0.430582,1.0961,10.4861,4.0000,0.911486,5.122851,7.526684,7.576719,7.603904,3.082436,3.798563,2.148239,0.861138,5.334161,3.530919,1.037015,1.707753,8.607952,0.983669,8.875666,0.000027,3.095360,0.945017,1.896836
2026-06-03 16:56:40,495,1.866173,3.732320,0.000027,0.430582,1.0961,10.4861,4.0000,0.911486,5.122851,7.526684,7.576719,7.603904,3.082436,3.798563,2.148239,0.861138,5.334161,3.530919,1.037015,1.707753,8.607952,0.983669,8.875666,0.000027,3.095360,0.945017,1.896836
2026-06-03 16:56:40,496,1.866173,3.732320,0.000027,0.430582,1.0961,10.4861,4.0000,0.911486,5.122851,7.526684,7.576719,7.603904,3.082436,3.798563,2.148239,0.861138,5.334161,3.530919,1.037015,1.707753,8.607952,0.983669,8.875666,0.000027,3.095360,0.945017,1.896836
2026-06-03 16:56:41,497,1.866173,3.732320,0.000027,0.430582,1.0961,10.4861,4.0000,0.911486,5.122851,7.526684,7.576719,7.603904,3.082436,3.798563,2.148239,0.861138,5.334161,3.530919,1.037015,1.707753,8.607952,0.983669,8.875666,0.000027,3.095360,0.945017,1.896836
2026-06-03 16:56:41,498,1.866173,3.732320,0.000027,0.430582,1.0961,10.4861,4.0000,0.911486,5.122851,7.526684,7.576719,7.603904,3.082436,3.798563,2.148239,0.861138,5.334161,3.530919,1.037015,1.707753,8.607952,0.983669,8.875666,0.000027,3.095360,0.945017,1.896836
2026-06-03 16:56:42,499,1.866173,3.732320,0.000027,0.430582,1.0961,10.4861,4.0000,0.911486,5.122851,7.526684,7.576719,7.603904,3.082436,3.798563,2.148239,0.861138,5.334161,3.530919,1.037015,1.707753,8.607952,0.983669,8.875666,0.000027,3.095360,0.945017,1.896836
2026-06-03 16:56:42,500,1.866173,3.732320,0.000027,0.430582,1.0961,10.4861,4.0000,0.911486,5.122851,7.526684,7.576719,7.603904,3.082436,3.798563,2.148239,0.861138,5.334161,3.530919,1.037015,1.707753,8.607952,0.983669,8.875666,0.000027,3.095360,0.945017,1.896836
