datahora,iter,fitness,SE_med,SE_min,SE_5,RISx,RISy,RISz,se_1,se_2,se_3,se_4,se_5,se_6,se_7,se_8,se_9,se_10,se_11,se_12,se_13,se_14,se_15,se_16,se_17,se_18,se_19,se_20
2026-06-03 16:59:41,1,0.804078,3.215632,0.000227,0.221963,3.3545,13.1502,4.0000,0.472071,4.161352,7.312561,7.361408,7.393344,2.172600,2.887109,1.373169,0.443699,5.100443,2.620653,0.552466,1.013917,8.419516,0.515956,8.688808,0.000227,2.169134,0.492652,1.161556
2026-06-03 16:59:42,2,0.804078,3.215632,0.000227,0.221963,3.3545,13.1502,4.0000,0.472071,4.161352,7.312561,7.361408,7.393344,2.172600,2.887109,1.373169,0.443699,5.100443,2.620653,0.552466,1.013917,8.419516,0.515956,8.688808,0.000227,2.169134,0.492652,1.161556
2026-06-03 16:59:42,3,0.804078,3.215632,0.000227,0.221963,3.3545,13.1502,4.0000,0.472071,4.161352,7.312561,7.361408,7.393344,2.172600,2.887109,1.373169,0.443699,5.100443,2.620653,0.552466,1.013917,8.419516,0.515956,8.688808,0.000227,2.169134,0.492652,1.161556
2026-06-03 16:59:43,4,0.839046,3.356113,0.000024,0.274138,2.3766,12.6174,4.0000,0.582160,4.424791,7.370693,7.419451,7.450977,2.428287,3.147883,1.588181,0.548252,5.163911,2.879555,0.676019,1.199613,8.474009,0.633872,8.739221,0.000024,2.427807,0.606394,1.361153
2026-06-03 16:59:43,5,0.839046,3.356113,0.000024,0.274138,2.3766,12.6174,4.0000,0.582160,4.424791,7.370693,7.419451,7.450977,2.428287,3.147883,1.588181,0.548252,5.163911,2.879555,0.676019,1.199613,8.474009,0.633872,8.739221,0.000024,2.427807,0.606394,1.361153
2026-06-03 16:59:44,6,0.839046,3.356113,0.000024,0.274138,2.3766,12.6174,4.0000,0.582160,4.424791,7.370693,7.419451,7.450977,2.428287,3.147883,1.588181,0.548252,5.163911,2.879555,0.676019,1.199613,8.474009,0.633872,8.739221,0.000024,2.427807,0.606394,1.361153
2026-06-03 16:59:44,7,0.839046,3.356113,0.000024,0.274138,2.3766,12.6174,4.0000,0.582160,4.424791,7.370693,7.419451,7.450977,2.428287,3.147883,1.588181,0.548252,5.163911,2.879555,0.676019,1.199613,8.474009,0.633872,8.739221,0.000024,2.427807,0.606394,1.361153
2026-06-03 16:59:45,8,0.922262,3.688970,0.000026,0.412278,1.0000,11.2338,4.0000,0.872119,5.026865,7.510886,7.560071,7.589431,3.004605,3.725291,2.087563,0.824529,5.315515,3.457320,0.995150,1.648490,8.602070,0.941784,8.865053,0.000026,3.012508,0.904632,1.835498
2026-06-03 16:59:45,9,0.922262,3.688970,0.000026,0.412278,1.0000,11.2338,4.0000,0.872119,5.026865,7.510886,7.560071,7.589431,3.004605,3.725291,2.087563,0.824529,5.315515,3.457320,0.995150,1.648490,8.602070,0.941784,8.865053,0.000026,3.012508,0.904632,1.835498
2026-06-03 16:59:46,10,0.922262,3.688970,0.000026,0.412278,1.0000,11.2338,4.0000,0.872119,5.026865,7.510886,7.560071,7.589431,3.004605,3.725291,2.087563,0.824529,5.315515,3.457320,0.995150,1.648490,8.602070,0.941784,8.865053,0.000026,3.012508,0.904632,1.835498
2026-06-03 16:59:46,11,0.922262,3.688970,0.000026,0.412278,1.0000,11.2338,4.0000,0.872119,5.026865,7.510886,7.560071,7.589431,3.004605,3.725291,2.087563,0.824529,5.315515,3.457320,0.995150,1.648490,8.602070,0.941784,8.865053,0.000026,3.012508,0.904632,1.835498
2026-06-03 16:59:46,12,0.922262,3.688970,0.000026,0.412278,1.0000,11.2338,4.0000,0.872119,5.026865,7.510886,7.560071,7.589431,3.004605,3.725291,2.087563,0.824529,5.315515,3.457320,0.995150,1.648490,8.602070,0.941784,8.865053,0.000026,3.012508,0.904632,1.835498
2026-06-03 16:59:47,13,0.922262,3.688970,0.000026,0.412278,1.0000,11.2338,4.0000,0.872119,5.026865,7.510886,7.560071,7.589431,3.004605,3.725291,2.087563,0.824529,5.315515,3.457320,0.995150,1.648490,8.602070,0.941784,8.865053,0.000026,3.012508,0.904632,1.835498
2026-06-03 16:59:47,14,0.922262,3.688970,0.000026,0.412278,1.0000,11.2338,4.0000,0.872119,5.026865,7.510886,7.560071,7.589431,3.004605,3.725291,2.087563,0.824529,5.315515,3.457320,0.995150,1.648490,8.602070,0.941784,8.865053,0.000026,3.012508,0.904632,1.835498
2026-06-03 16:59:48,15,0.922262,3.688970,0.000026,0.412278,1.0000,11.2338,4.0000,0.872119,5.026865,7.510886,7.560071,7.589431,3.004605,3.725291,2.087563,0.824529,5.315515,3.457320,0.995150,1.648490,8.602070,0.941784,8.865053,0.000026,3.012508,0.904632,1.835498
2026-06-03 16:59:48,16,0.922262,3.688970,0.000026,0.412278,1.0000,11.2338,4.0000,0.872119,5.026865,7.510886,7.560071,7.589431,3.004605,3.725291,2.087563,0.824529,5.315515,3.457320,0.995150,1.648490,8.602070,0.941784,8.865053,0.000026,3.012508,0.904632,1.835498
2026-06-03 16:59:49,17,0.922262,3.688970,0.000026,0.412278,1.0000,11.2338,4.0000,0.872119,5.026865,7.510886,7.560071,7.589431,3.004605,3.725291,2.087563,0.824529,5.315515,3.457320,0.995150,1.648490,8.602070,0.941784,8.865053,0.000026,3.012508,0.904632,1.835498
2026-06-03 16:59:49,18,0.932164,3.728574,0.000027,0.428381,1.1388,10.6226,4.0000,0.906716,5.117087,7.526008,7.575933,7.603468,3.075578,3.794094,2.142437,0.856735,5.332262,3.525782,1.032106,1.701286,8.608893,0.978626,8.876283,0.000027,3.087613,0.940147,1.890409
2026-06-03 16:59:50,19,0.932164,3.728574,0.000027,0.428381,1.1388,10.6226,4.0000,0.906716,5.117087,7.526008,7.575933,7.603468,3.075578,3.794094,2.142437,0.856735,5.332262,3.525782,1.032106,1.701286,8.608893,0.978626,8.876283,0.000027,3.087613,0.940147,1.890409
2026-06-03 16:59:50,20,0.932164,3.728574,0.000027,0.428381,1.1388,10.6226,4.0000,0.906716,5.117087,7.526008,7.575933,7.603468,3.075578,3.794094,2.142437,0.856735,5.332262,3.525782,1.032106,1.701286,8.608893,0.978626,8.876283,0.000027,3.087613,0.940147,1.890409
2026-06-03 16:59:51,21,0.932164,3.728574,0.000027,0.428381,1.1388,10.6226,4.0000,0.906716,5.117087,7.526008,7.575933,7.603468,3.075578,3.794094,2.142437,0.856735,5.332262,3.525782,1.032106,1.701286,8.608893,0.978626,8.876283,0.000027,3.087613,0.940147,1.890409
2026-06-03 16:59:51,22,0.932436,3.729665,0.000027,0.430114,1.0000,10.6226,4.0000,0.910226,5.110427,7.525954,7.575776,7.603433,3.076404,3.792559,2.145701,0.860201,5.333548,3.525247,1.035793,1.704929,8.609312,0.982220,8.875589,0.000027,3.088359,0.943702,1.893888
2026-06-03 16:59:51,23,0.932436,3.729665,0.000027,0.430114,1.0000,10.6226,4.0000,0.910226,5.110427,7.525954,7.575776,7.603433,3.076404,3.792559,2.145701,0.860201,5.333548,3.525247,1.035793,1.704929,8.609312,0.982220,8.875589,0.000027,3.088359,0.943702,1.893888
2026-06-03 16:59:52,24,0.932664,3.730576,0.000027,0.430690,1.0000,10.5095,4.0000,0.911604,5.113421,7.525639,7.575578,7.602915,3.078703,3.793325,2.146894,0.861353,5.333928,3.526361,1.037081,1.706865,8.607545,0.983709,8.874374,0.000027,3.091406,0.945106,1.895697
2026-06-03 16:59:52,25,0.932664,3.730576,0.000027,0.430690,1.0000,10.5095,4.0000,0.911604,5.113421,7.525639,7.575578,7.602915,3.078703,3.793325,2.146894,0.861353,5.333928,3.526361,1.037081,1.706865,8.607545,0.983709,8.874374,0.000027,3.091406,0.945106,1.895697
2026-06-03 16:59:53,26,0.932664,3.730576,0.000027,0.430690,1.0000,10.5095,4.0000,0.911604,5.113421,7.525639,7.575578,7.602915,3.078703,3.793325,2.146894,0.861353,5.333928,3.526361,1.037081,1.706865,8.607545,0.983709,8.874374,0.000027,3.091406,0.945106,1.895697
2026-06-03 16:59:53,27,0.933038,3.732072,0.000027,0.430736,1.0669,10.4920,4.0000,0.911776,5.120505,7.526491,7.576498,7.603726,3.081776,3.797454,2.148240,0.861446,5.334218,3.530013,1.037311,1.707859,8.607940,0.983950,8.875390,0.000027,3.094641,0.945305,1.896883
2026-06-03 16:59:54,28,0.933038,3.732072,0.000027,0.430736,1.0669,10.4920,4.0000,0.911776,5.120505,7.526491,7.576498,7.603726,3.081776,3.797454,2.148240,0.861446,5.334218,3.530013,1.037311,1.707859,8.607940,0.983950,8.875390,0.000027,3.094641,0.945305,1.896883
2026-06-03 16:59:54,29,0.933038,3.732072,0.000027,0.430736,1.0669,10.4920,4.0000,0.911776,5.120505,7.526491,7.576498,7.603726,3.081776,3.797454,2.148240,0.861446,5.334218,3.530013,1.037311,1.707859,8.607940,0.983950,8.875390,0.000027,3.094641,0.945305,1.896883
2026-06-03 16:59:55,30,0.933038,3.732072,0.000027,0.430736,1.0669,10.4920,4.0000,0.911776,5.120505,7.526491,7.576498,7.603726,3.081776,3.797454,2.148240,0.861446,5.334218,3.530013,1.037311,1.707859,8.607940,0.983950,8.875390,0.000027,3.094641,0.945305,1.896883
2026-06-03 16:59:55,31,0.933038,3.732072,0.000027,0.430736,1.0669,10.4920,4.0000,0.911776,5.120505,7.526491,7.576498,7.603726,3.081776,3.797454,2.148240,0.861446,5.334218,3.530013,1.037311,1.707859,8.607940,0.983950,8.875390,0.000027,3.094641,0.945305,1.896883
2026-06-03 16:59:56,32,0.933038,3.732072,0.000027,0.430736,1.0669,10.4920,4.0000,0.911776,5.120505,7.526491,7.576498,7.603726,3.081776,3.797454,2.148240,0.861446,5.334218,3.530013,1.037311,1.707859,8.607940,0.983950,8.875390,0.000027,3.094641,0.945305,1.896883
2026-06-03 16:59:56,33,0.933038,3.732072,0.000027,0.430736,1.0669,10.4920,4.0000,0.911776,5.120505,7.526491,7.576498,7.603726,3.081776,3.797454,2.148240,0.861446,5.334218,3.530013,1.037311,1.707859,8.607940,0.983950,8.875390,0.000027,3.094641,0.945305,1.896883
2026-06-03 16:59:57,34,0.933038,3.732072,0.000027,0.430736,1.0669,10.4920,4.0000,0.911776,5.120505,7.526491,7.576498,7.603726,3.081776,3.797454,2.148240,0.861446,5.334218,3.530013,1.037311,1.707859,8.607940,0.983950,8.875390,0.000027,3.094641,0.945305,1.896883
2026-06-03 16:59:57,35,0.933038,3.732072,0.000027,0.430736,1.0669,10.4920,4.0000,0.911776,5.120505,7.526491,7.576498,7.603726,3.081776,3.797454,2.148240,0.861446,5.334218,3.530013,1.037311,1.707859,8.607940,0.983950,8.875390,0.000027,3.094641,0.945305,1.896883
2026-06-03 16:59:57,36,0.933038,3.732072,0.000027,0.430736,1.0669,10.4920,4.0000,0.911776,5.120505,7.526491,7.576498,7.603726,3.081776,3.797454,2.148240,0.861446,5.334218,3.530013,1.037311,1.707859,8.607940,0.983950,8.875390,0.000027,3.094641,0.945305,1.896883
2026-06-03 16:59:58,37,0.933038,3.732072,0.000027,0.430736,1.0669,10.4920,4.0000,0.911776,5.120505,7.526491,7.576498,7.603726,3.081776,3.797454,2.148240,0.861446,5.334218,3.530013,1.037311,1.707859,8.607940,0.983950,8.875390,0.000027,3.094641,0.945305,1.896883
2026-06-03 16:59:58,38,0.933038,3.732072,0.000027,0.430736,1.0669,10.4920,4.0000,0.911776,5.120505,7.526491,7.576498,7.603726,3.081776,3.797454,2.148240,0.861446,5.334218,3.530013,1.037311,1.707859,8.607940,0.983950,8.875390,0.000027,3.094641,0.945305,1.896883
2026-06-03 16:59:59,39,0.933038,3.732072,0.000027,0.430736,1.0669,10.4920,4.0000,0.911776,5.120505,7.526491,7.576498,7.603726,3.081776,3.797454,2.148240,0.861446,5.334218,3.530013,1.037311,1.707859,8.607940,0.983950,8.875390,0.000027,3.094641,0.945305,1.896883
2026-06-03 16:59:59,40,0.933038,3.732072,0.000027,0.430736,1.0669,10.4920,4.0000,0.911776,5.120505,7.526491,7.576498,7.603726,3.081776,3.797454,2.148240,0.861446,5.334218,3.530013,1.037311,1.707859,8.607940,0.983950,8.875390,0.000027,3.094641,0.945305,1.896883
2026-06-03 17:00:00,41,0.933038,3.732072,0.000027,0.430736,1.0669,10.4920,4.0000,0.911776,5.120505,7.526491,7.576498,7.603726,3.081776,3.797454,2.148240,0.861446,5.334218,3.530013,1.037311,1.707859,8.607940,0.983950,8.875390,0.000027,3.094641,0.945305,1.896883
2026-06-03 17:00:00,42,0.933038,3.732072,0.000027,0.430736,1.0669,10.4920,4.0000,0.911776,5.120505,7.526491,7.576498,7.603726,3.081776,3.797454,2.148240,0.861446,5.334218,3.530013,1.037311,1.707859,8.607940,0.983950,8.875390,0.000027,3.094641,0.945305,1.896883
2026-06-03 17:00:01,43,0.933038,3.732072,0.000027,0.430736,1.0669,10.4920,4.0000,0.911776,5.120505,7.526491,7.576498,7.603726,3.081776,3.797454,2.148240,0.861446,5.334218,3.530013,1.037311,1.707859,8.607940,0.983950,8.875390,0.000027,3.094641,0.945305,1.896883
2026-06-03 17:00:01,44,0.933038,3.732072,0.000027,0.430736,1.0669,10.4920,4.0000,0.911776,5.120505,7.526491,7.576498,7.603726,3.081776,3.797454,2.148240,0.861446,5.334218,3.530013,1.037311,1.707859,8.607940,0.983950,8.875390,0.000027,3.094641,0.945305,1.896883
2026-06-03 17:00:02,45,0.933038,3.732072,0.000027,0.430736,1.0669,10.4920,4.0000,0.911776,5.120505,7.526491,7.576498,7.603726,3.081776,3.797454,2.148240,0.861446,5.334218,3.530013,1.037311,1.707859,8.607940,0.983950,8.875390,0.000027,3.094641,0.945305,1.896883
2026-06-03 17:00:02,46,0.933038,3.732072,0.000027,0.430736,1.0669,10.4920,4.0000,0.911776,5.120505,7.526491,7.576498,7.603726,3.081776,3.797454,2.148240,0.861446,5.334218,3.530013,1.037311,1.707859,8.607940,0.983950,8.875390,0.000027,3.094641,0.945305,1.896883
2026-06-03 17:00:03,47,0.933038,3.732072,0.000027,0.430736,1.0669,10.4920,4.0000,0.911776,5.120505,7.526491,7.576498,7.603726,3.081776,3.797454,2.148240,0.861446,5.334218,3.530013,1.037311,1.707859,8.607940,0.983950,8.875390,0.000027,3.094641,0.945305,1.896883
2026-06-03 17:00:03,48,0.933038,3.732072,0.000027,0.430736,1.0669,10.4920,4.0000,0.911776,5.120505,7.526491,7.576498,7.603726,3.081776,3.797454,2.148240,0.861446,5.334218,3.530013,1.037311,1.707859,8.607940,0.983950,8.875390,0.000027,3.094641,0.945305,1.896883
2026-06-03 17:00:03,49,0.933038,3.732072,0.000027,0.430736,1.0669,10.4920,4.0000,0.911776,5.120505,7.526491,7.576498,7.603726,3.081776,3.797454,2.148240,0.861446,5.334218,3.530013,1.037311,1.707859,8.607940,0.983950,8.875390,0.000027,3.094641,0.945305,1.896883
2026-06-03 17:00:04,50,0.933038,3.732072,0.000027,0.430736,1.0669,10.4920,4.0000,0.911776,5.120505,7.526491,7.576498,7.603726,3.081776,3.797454,2.148240,0.861446,5.334218,3.530013,1.037311,1.707859,8.607940,0.983950,8.875390,0.000027,3.094641,0.945305,1.896883
2026-06-03 17:00:04,51,0.933038,3.732072,0.000027,0.430736,1.0669,10.4920,4.0000,0.911776,5.120505,7.526491,7.576498,7.603726,3.081776,3.797454,2.148240,0.861446,5.334218,3.530013,1.037311,1.707859,8.607940,0.983950,8.875390,0.000027,3.094641,0.945305,1.896883
2026-06-03 17:00:05,52,0.933038,3.732072,0.000027,0.430736,1.0669,10.4920,4.0000,0.911776,5.120505,7.526491,7.576498,7.603726,3.081776,3.797454,2.148240,0.861446,5.334218,3.530013,1.037311,1.707859,8.607940,0.983950,8.875390,0.000027,3.094641,0.945305,1.896883
2026-06-03 17:00:05,53,0.933038,3.732072,0.000027,0.430736,1.0669,10.4920,4.0000,0.911776,5.120505,7.526491,7.576498,7.603726,3.081776,3.797454,2.148240,0.861446,5.334218,3.530013,1.037311,1.707859,8.607940,0.983950,8.875390,0.000027,3.094641,0.945305,1.896883
2026-06-03 17:00:06,54,0.933038,3.732072,0.000027,0.430736,1.0669,10.4920,4.0000,0.911776,5.120505,7.526491,7.576498,7.603726,3.081776,3.797454,2.148240,0.861446,5.334218,3.530013,1.037311,1.707859,8.607940,0.983950,8.875390,0.000027,3.094641,0.945305,1.896883
2026-06-03 17:00:06,55,0.933038,3.732072,0.000027,0.430736,1.0669,10.4920,4.0000,0.911776,5.120505,7.526491,7.576498,7.603726,3.081776,3.797454,2.148240,0.861446,5.334218,3.530013,1.037311,1.707859,8.607940,0.983950,8.875390,0.000027,3.094641,0.945305,1.896883
2026-06-03 17:00:07,56,0.933038,3.732072,0.000027,0.430736,1.0669,10.4920,4.0000,0.911776,5.120505,7.526491,7.576498,7.603726,3.081776,3.797454,2.148240,0.861446,5.334218,3.530013,1.037311,1.707859,8.607940,0.983950,8.875390,0.000027,3.094641,0.945305,1.896883
2026-06-03 17:00:07,57,0.933038,3.732072,0.000027,0.430736,1.0669,10.4920,4.0000,0.911776,5.120505,7.526491,7.576498,7.603726,3.081776,3.797454,2.148240,0.861446,5.334218,3.530013,1.037311,1.707859,8.607940,0.983950,8.875390,0.000027,3.094641,0.945305,1.896883
2026-06-03 17:00:08,58,0.933040,3.732081,0.000027,0.430726,1.0683,10.4926,4.0000,0.911755,5.120601,7.526504,7.576512,7.603741,3.081796,3.797508,2.148236,0.861425,5.334214,3.530054,1.037291,1.707844,8.607956,0.983928,8.875414,0.000027,3.094658,0.945283,1.896872
2026-06-03 17:00:09,59,0.933040,3.732081,0.000027,0.430726,1.0683,10.4926,4.0000,0.911755,5.120601,7.526504,7.576512,7.603741,3.081796,3.797508,2.148236,0.861425,5.334214,3.530054,1.037291,1.707844,8.607956,0.983928,8.875414,0.000027,3.094658,0.945283,1.896872
2026-06-03 17:00:09,60,0.933040,3.732081,0.000027,0.430726,1.0683,10.4926,4.0000,0.911755,5.120601,7.526504,7.576512,7.603741,3.081796,3.797508,2.148236,0.861425,5.334214,3.530054,1.037291,1.707844,8.607956,0.983928,8.875414,0.000027,3.094658,0.945283,1.896872
2026-06-03 17:00:10,61,0.933040,3.732081,0.000027,0.430726,1.0683,10.4926,4.0000,0.911755,5.120601,7.526504,7.576512,7.603741,3.081796,3.797508,2.148236,0.861425,5.334214,3.530054,1.037291,1.707844,8.607956,0.983928,8.875414,0.000027,3.094658,0.945283,1.896872
2026-06-03 17:00:10,62,0.933040,3.732081,0.000027,0.430726,1.0683,10.4926,4.0000,0.911755,5.120601,7.526504,7.576512,7.603741,3.081796,3.797508,2.148236,0.861425,5.334214,3.530054,1.037291,1.707844,8.607956,0.983928,8.875414,0.000027,3.094658,0.945283,1.896872
2026-06-03 17:00:11,63,0.933040,3.732081,0.000027,0.430726,1.0683,10.4926,4.0000,0.911755,5.120601,7.526504,7.576512,7.603741,3.081796,3.797508,2.148236,0.861425,5.334214,3.530054,1.037291,1.707844,8.607956,0.983928,8.875414,0.000027,3.094658,0.945283,1.896872
2026-06-03 17:00:12,64,0.933040,3.732081,0.000027,0.430726,1.0683,10.4926,4.0000,0.911755,5.120601,7.526504,7.576512,7.603741,3.081796,3.797508,2.148236,0.861425,5.334214,3.530054,1.037291,1.707844,8.607956,0.983928,8.875414,0.000027,3.094658,0.945283,1.896872
2026-06-03 17:00:12,65,0.933040,3.732081,0.000027,0.430726,1.0683,10.4926,4.0000,0.911755,5.120601,7.526504,7.576512,7.603741,3.081796,3.797508,2.148236,0.861425,5.334214,3.530054,1.037291,1.707844,8.607956,0.983928,8.875414,0.000027,3.094658,0.945283,1.896872
2026-06-03 17:00:13,66,0.933040,3.732081,0.000027,0.430726,1.0683,10.4926,4.0000,0.911755,5.120601,7.526504,7.576512,7.603741,3.081796,3.797508,2.148236,0.861425,5.334214,3.530054,1.037291,1.707844,8.607956,0.983928,8.875414,0.000027,3.094658,0.945283,1.896872
2026-06-03 17:00:14,67,0.933040,3.732081,0.000027,0.430726,1.0683,10.4926,4.0000,0.911755,5.120601,7.526504,7.576512,7.603741,3.081796,3.797508,2.148236,0.861425,5.334214,3.530054,1.037291,1.707844,8.607956,0.983928,8.875414,0.000027,3.094658,0.945283,1.896872
2026-06-03 17:00:14,68,0.933040,3.732081,0.000027,0.430726,1.0683,10.4926,4.0000,0.911755,5.120601,7.526504,7.576512,7.603741,3.081796,3.797508,2.148236,0.861425,5.334214,3.530054,1.037291,1.707844,8.607956,0.983928,8.875414,0.000027,3.094658,0.945283,1.896872
2026-06-03 17:00:15,69,0.933040,3.732081,0.000027,0.430726,1.0683,10.4926,4.0000,0.911755,5.120601,7.526504,7.576512,7.603741,3.081796,3.797508,2.148236,0.861425,5.334214,3.530054,1.037291,1.707844,8.607956,0.983928,8.875414,0.000027,3.094658,0.945283,1.896872
2026-06-03 17:00:16,70,0.933040,3.732081,0.000027,0.430726,1.0683,10.4926,4.0000,0.911755,5.120601,7.526504,7.576512,7.603741,3.081796,3.797508,2.148236,0.861425,5.334214,3.530054,1.037291,1.707844,8.607956,0.983928,8.875414,0.000027,3.094658,0.945283,1.896872
2026-06-03 17:00:17,71,0.933040,3.732081,0.000027,0.430726,1.0683,10.4926,4.0000,0.911755,5.120601,7.526504,7.576512,7.603741,3.081796,3.797508,2.148236,0.861425,5.334214,3.530054,1.037291,1.707844,8.607956,0.983928,8.875414,0.000027,3.094658,0.945283,1.896872
2026-06-03 17:00:17,72,0.933040,3.732081,0.000027,0.430726,1.0683,10.4926,4.0000,0.911755,5.120601,7.526504,7.576512,7.603741,3.081796,3.797508,2.148236,0.861425,5.334214,3.530054,1.037291,1.707844,8.607956,0.983928,8.875414,0.000027,3.094658,0.945283,1.896872
2026-06-03 17:00:18,73,0.933040,3.732081,0.000027,0.430726,1.0683,10.4926,4.0000,0.911755,5.120601,7.526504,7.576512,7.603741,3.081796,3.797508,2.148236,0.861425,5.334214,3.530054,1.037291,1.707844,8.607956,0.983928,8.875414,0.000027,3.094658,0.945283,1.896872
2026-06-03 17:00:18,74,0.933040,3.732081,0.000027,0.430726,1.0683,10.4926,4.0000,0.911755,5.120601,7.526504,7.576512,7.603741,3.081796,3.797508,2.148236,0.861425,5.334214,3.530054,1.037291,1.707844,8.607956,0.983928,8.875414,0.000027,3.094658,0.945283,1.896872
2026-06-03 17:00:19,75,0.933040,3.732081,0.000027,0.430726,1.0683,10.4926,4.0000,0.911755,5.120601,7.526504,7.576512,7.603741,3.081796,3.797508,2.148236,0.861425,5.334214,3.530054,1.037291,1.707844,8.607956,0.983928,8.875414,0.000027,3.094658,0.945283,1.896872
2026-06-03 17:00:20,76,0.933040,3.732081,0.000027,0.430726,1.0683,10.4926,4.0000,0.911755,5.120601,7.526504,7.576512,7.603741,3.081796,3.797508,2.148236,0.861425,5.334214,3.530054,1.037291,1.707844,8.607956,0.983928,8.875414,0.000027,3.094658,0.945283,1.896872
2026-06-03 17:00:20,77,0.933040,3.732081,0.000027,0.430726,1.0683,10.4926,4.0000,0.911755,5.120601,7.526504,7.576512,7.603741,3.081796,3.797508,2.148236,0.861425,5.334214,3.530054,1.037291,1.707844,8.607956,0.983928,8.875414,0.000027,3.094658,0.945283,1.896872
2026-06-03 17:00:21,78,0.933040,3.732081,0.000027,0.430726,1.0683,10.4926,4.0000,0.911755,5.120601,7.526504,7.576512,7.603741,3.081796,3.797508,2.148236,0.861425,5.334214,3.530054,1.037291,1.707844,8.607956,0.983928,8.875414,0.000027,3.094658,0.945283,1.896872
2026-06-03 17:00:22,79,0.933040,3.732081,0.000027,0.430726,1.0683,10.4926,4.0000,0.911755,5.120601,7.526504,7.576512,7.603741,3.081796,3.797508,2.148236,0.861425,5.334214,3.530054,1.037291,1.707844,8.607956,0.983928,8.875414,0.000027,3.094658,0.945283,1.896872
2026-06-03 17:00:22,80,0.933040,3.732081,0.000027,0.430726,1.0683,10.4926,4.0000,0.911755,5.120601,7.526504,7.576512,7.603741,3.081796,3.797508,2.148236,0.861425,5.334214,3.530054,1.037291,1.707844,8.607956,0.983928,8.875414,0.000027,3.094658,0.945283,1.896872
2026-06-03 17:00:23,81,0.933040,3.732081,0.000027,0.430726,1.0683,10.4926,4.0000,0.911755,5.120601,7.526504,7.576512,7.603741,3.081796,3.797508,2.148236,0.861425,5.334214,3.530054,1.037291,1.707844,8.607956,0.983928,8.875414,0.000027,3.094658,0.945283,1.896872
2026-06-03 17:00:24,82,0.933040,3.732081,0.000027,0.430726,1.0683,10.4926,4.0000,0.911755,5.120601,7.526504,7.576512,7.603741,3.081796,3.797508,2.148236,0.861425,5.334214,3.530054,1.037291,1.707844,8.607956,0.983928,8.875414,0.000027,3.094658,0.945283,1.896872
2026-06-03 17:00:24,83,0.933040,3.732081,0.000027,0.430726,1.0683,10.4926,4.0000,0.911755,5.120601,7.526504,7.576512,7.603741,3.081796,3.797508,2.148236,0.861425,5.334214,3.530054,1.037291,1.707844,8.607956,0.983928,8.875414,0.000027,3.094658,0.945283,1.896872
2026-06-03 17:00:25,84,0.933040,3.732081,0.000027,0.430726,1.0683,10.4926,4.0000,0.911755,5.120601,7.526504,7.576512,7.603741,3.081796,3.797508,2.148236,0.861425,5.334214,3.530054,1.037291,1.707844,8.607956,0.983928,8.875414,0.000027,3.094658,0.945283,1.896872
2026-06-03 17:00:26,85,0.933040,3.732081,0.000027,0.430726,1.0683,10.4926,4.0000,0.911755,5.120601,7.526504,7.576512,7.603741,3.081796,3.797508,2.148236,0.861425,5.334214,3.530054,1.037291,1.707844,8.607956,0.983928,8.875414,0.000027,3.094658,0.945283,1.896872
2026-06-03 17:00:26,86,0.933040,3.732081,0.000027,0.430726,1.0683,10.4926,4.0000,0.911755,5.120601,7.526504,7.576512,7.603741,3.081796,3.797508,2.148236,0.861425,5.334214,3.530054,1.037291,1.707844,8.607956,0.983928,8.875414,0.000027,3.094658,0.945283,1.896872
2026-06-03 17:00:27,87,0.933040,3.732081,0.000027,0.430726,1.0683,10.4926,4.0000,0.911755,5.120601,7.526504,7.576512,7.603741,3.081796,3.797508,2.148236,0.861425,5.334214,3.530054,1.037291,1.707844,8.607956,0.983928,8.875414,0.000027,3.094658,0.945283,1.896872
2026-06-03 17:00:28,88,0.933040,3.732081,0.000027,0.430726,1.0683,10.4926,4.0000,0.911755,5.120601,7.526504,7.576512,7.603741,3.081796,3.797508,2.148236,0.861425,5.334214,3.530054,1.037291,1.707844,8.607956,0.983928,8.875414,0.000027,3.094658,0.945283,1.896872
2026-06-03 17:00:28,89,0.933040,3.732081,0.000027,0.430726,1.0683,10.4926,4.0000,0.911755,5.120601,7.526504,7.576512,7.603741,3.081796,3.797508,2.148236,0.861425,5.334214,3.530054,1.037291,1.707844,8.607956,0.983928,8.875414,0.000027,3.094658,0.945283,1.896872
2026-06-03 17:00:29,90,0.933040,3.732081,0.000027,0.430726,1.0683,10.4926,4.0000,0.911755,5.120601,7.526504,7.576512,7.603741,3.081796,3.797508,2.148236,0.861425,5.334214,3.530054,1.037291,1.707844,8.607956,0.983928,8.875414,0.000027,3.094658,0.945283,1.896872
2026-06-03 17:00:30,91,0.933040,3.732081,0.000027,0.430726,1.0683,10.4926,4.0000,0.911755,5.120601,7.526504,7.576512,7.603741,3.081796,3.797508,2.148236,0.861425,5.334214,3.530054,1.037291,1.707844,8.607956,0.983928,8.875414,0.000027,3.094658,0.945283,1.896872
2026-06-03 17:00:30,92,0.933040,3.732081,0.000027,0.430726,1.0683,10.4926,4.0000,0.911755,5.120601,7.526504,7.576512,7.603741,3.081796,3.797508,2.148236,0.861425,5.334214,3.530054,1.037291,1.707844,8.607956,0.983928,8.875414,0.000027,3.094658,0.945283,1.896872
2026-06-03 17:00:31,93,0.933040,3.732081,0.000027,0.430726,1.0683,10.4926,4.0000,0.911755,5.120601,7.526504,7.576512,7.603741,3.081796,3.797508,2.148236,0.861425,5.334214,3.530054,1.037291,1.707844,8.607956,0.983928,8.875414,0.000027,3.094658,0.945283,1.896872
2026-06-03 17:00:32,94,0.933040,3.732081,0.000027,0.430726,1.0683,10.4926,4.0000,0.911755,5.120601,7.526504,7.576512,7.603741,3.081796,3.797508,2.148236,0.861425,5.334214,3.530054,1.037291,1.707844,8.607956,0.983928,8.875414,0.000027,3.094658,0.945283,1.896872
2026-06-03 17:00:32,95,0.933040,3.732081,0.000027,0.430726,1.0683,10.4926,4.0000,0.911755,5.120601,7.526504,7.576512,7.603741,3.081796,3.797508,2.148236,0.861425,5.334214,3.530054,1.037291,1.707844,8.607956,0.983928,8.875414,0.000027,3.094658,0.945283,1.896872
2026-06-03 17:00:33,96,0.933040,3.732081,0.000027,0.430726,1.0683,10.4926,4.0000,0.911755,5.120601,7.526504,7.576512,7.603741,3.081796,3.797508,2.148236,0.861425,5.334214,3.530054,1.037291,1.707844,8.607956,0.983928,8.875414,0.000027,3.094658,0.945283,1.896872
2026-06-03 17:00:34,97,0.933040,3.732081,0.000027,0.430726,1.0683,10.4926,4.0000,0.911755,5.120601,7.526504,7.576512,7.603741,3.081796,3.797508,2.148236,0.861425,5.334214,3.530054,1.037291,1.707844,8.607956,0.983928,8.875414,0.000027,3.094658,0.945283,1.896872
2026-06-03 17:00:34,98,0.933040,3.732081,0.000027,0.430726,1.0683,10.4926,4.0000,0.911755,5.120601,7.526504,7.576512,7.603741,3.081796,3.797508,2.148236,0.861425,5.334214,3.530054,1.037291,1.707844,8.607956,0.983928,8.875414,0.000027,3.094658,0.945283,1.896872
2026-06-03 17:00:35,99,0.933040,3.732081,0.000027,0.430726,1.0683,10.4926,4.0000,0.911755,5.120601,7.526504,7.576512,7.603741,3.081796,3.797508,2.148236,0.861425,5.334214,3.530054,1.037291,1.707844,8.607956,0.983928,8.875414,0.000027,3.094658,0.945283,1.896872
2026-06-03 17:00:36,100,0.933040,3.732081,0.000027,0.430726,1.0683,10.4926,4.0000,0.911755,5.120601,7.526504,7.576512,7.603741,3.081796,3.797508,2.148236,0.861425,5.334214,3.530054,1.037291,1.707844,8.607956,0.983928,8.875414,0.000027,3.094658,0.945283,1.896872
2026-06-03 17:00:36,101,0.933040,3.732081,0.000027,0.430726,1.0683,10.4926,4.0000,0.911755,5.120601,7.526504,7.576512,7.603741,3.081796,3.797508,2.148236,0.861425,5.334214,3.530054,1.037291,1.707844,8.607956,0.983928,8.875414,0.000027,3.094658,0.945283,1.896872
2026-06-03 17:00:37,102,0.933040,3.732081,0.000027,0.430726,1.0683,10.4926,4.0000,0.911755,5.120601,7.526504,7.576512,7.603741,3.081796,3.797508,2.148236,0.861425,5.334214,3.530054,1.037291,1.707844,8.607956,0.983928,8.875414,0.000027,3.094658,0.945283,1.896872
2026-06-03 17:00:38,103,0.933040,3.732081,0.000027,0.430726,1.0683,10.4926,4.0000,0.911755,5.120601,7.526504,7.576512,7.603741,3.081796,3.797508,2.148236,0.861425,5.334214,3.530054,1.037291,1.707844,8.607956,0.983928,8.875414,0.000027,3.094658,0.945283,1.896872
2026-06-03 17:00:38,104,0.933040,3.732081,0.000027,0.430726,1.0683,10.4926,4.0000,0.911755,5.120601,7.526504,7.576512,7.603741,3.081796,3.797508,2.148236,0.861425,5.334214,3.530054,1.037291,1.707844,8.607956,0.983928,8.875414,0.000027,3.094658,0.945283,1.896872
2026-06-03 17:00:39,105,0.933040,3.732081,0.000027,0.430726,1.0683,10.4926,4.0000,0.911755,5.120601,7.526504,7.576512,7.603741,3.081796,3.797508,2.148236,0.861425,5.334214,3.530054,1.037291,1.707844,8.607956,0.983928,8.875414,0.000027,3.094658,0.945283,1.896872
2026-06-03 17:00:40,106,0.933040,3.732081,0.000027,0.430726,1.0683,10.4926,4.0000,0.911755,5.120601,7.526504,7.576512,7.603741,3.081796,3.797508,2.148236,0.861425,5.334214,3.530054,1.037291,1.707844,8.607956,0.983928,8.875414,0.000027,3.094658,0.945283,1.896872
2026-06-03 17:00:40,107,0.933040,3.732081,0.000027,0.430726,1.0683,10.4926,4.0000,0.911755,5.120601,7.526504,7.576512,7.603741,3.081796,3.797508,2.148236,0.861425,5.334214,3.530054,1.037291,1.707844,8.607956,0.983928,8.875414,0.000027,3.094658,0.945283,1.896872
2026-06-03 17:00:41,108,0.933040,3.732081,0.000027,0.430726,1.0683,10.4926,4.0000,0.911755,5.120601,7.526504,7.576512,7.603741,3.081796,3.797508,2.148236,0.861425,5.334214,3.530054,1.037291,1.707844,8.607956,0.983928,8.875414,0.000027,3.094658,0.945283,1.896872
2026-06-03 17:00:42,109,0.933040,3.732081,0.000027,0.430726,1.0683,10.4926,4.0000,0.911755,5.120601,7.526504,7.576512,7.603741,3.081796,3.797508,2.148236,0.861425,5.334214,3.530054,1.037291,1.707844,8.607956,0.983928,8.875414,0.000027,3.094658,0.945283,1.896872
2026-06-03 17:00:42,110,0.933040,3.732081,0.000027,0.430726,1.0683,10.4926,4.0000,0.911755,5.120601,7.526504,7.576512,7.603741,3.081796,3.797508,2.148236,0.861425,5.334214,3.530054,1.037291,1.707844,8.607956,0.983928,8.875414,0.000027,3.094658,0.945283,1.896872
2026-06-03 17:00:43,111,0.933040,3.732081,0.000027,0.430726,1.0683,10.4926,4.0000,0.911755,5.120601,7.526504,7.576512,7.603741,3.081796,3.797508,2.148236,0.861425,5.334214,3.530054,1.037291,1.707844,8.607956,0.983928,8.875414,0.000027,3.094658,0.945283,1.896872
2026-06-03 17:00:44,112,0.933040,3.732081,0.000027,0.430726,1.0683,10.4926,4.0000,0.911755,5.120601,7.526504,7.576512,7.603741,3.081796,3.797508,2.148236,0.861425,5.334214,3.530054,1.037291,1.707844,8.607956,0.983928,8.875414,0.000027,3.094658,0.945283,1.896872
2026-06-03 17:00:44,113,0.933040,3.732081,0.000027,0.430726,1.0683,10.4926,4.0000,0.911755,5.120601,7.526504,7.576512,7.603741,3.081796,3.797508,2.148236,0.861425,5.334214,3.530054,1.037291,1.707844,8.607956,0.983928,8.875414,0.000027,3.094658,0.945283,1.896872
2026-06-03 17:00:45,114,0.933040,3.732081,0.000027,0.430726,1.0683,10.4926,4.0000,0.911755,5.120601,7.526504,7.576512,7.603741,3.081796,3.797508,2.148236,0.861425,5.334214,3.530054,1.037291,1.707844,8.607956,0.983928,8.875414,0.000027,3.094658,0.945283,1.896872
2026-06-03 17:00:45,115,0.933040,3.732081,0.000027,0.430726,1.0683,10.4926,4.0000,0.911755,5.120601,7.526504,7.576512,7.603741,3.081796,3.797508,2.148236,0.861425,5.334214,3.530054,1.037291,1.707844,8.607956,0.983928,8.875414,0.000027,3.094658,0.945283,1.896872
2026-06-03 17:00:46,116,0.933040,3.732081,0.000027,0.430726,1.0683,10.4926,4.0000,0.911755,5.120601,7.526504,7.576512,7.603741,3.081796,3.797508,2.148236,0.861425,5.334214,3.530054,1.037291,1.707844,8.607956,0.983928,8.875414,0.000027,3.094658,0.945283,1.896872
2026-06-03 17:00:47,117,0.933040,3.732081,0.000027,0.430726,1.0683,10.4926,4.0000,0.911755,5.120601,7.526504,7.576512,7.603741,3.081796,3.797508,2.148236,0.861425,5.334214,3.530054,1.037291,1.707844,8.607956,0.983928,8.875414,0.000027,3.094658,0.945283,1.896872
2026-06-03 17:00:47,118,0.933040,3.732081,0.000027,0.430726,1.0683,10.4926,4.0000,0.911755,5.120601,7.526504,7.576512,7.603741,3.081796,3.797508,2.148236,0.861425,5.334214,3.530054,1.037291,1.707844,8.607956,0.983928,8.875414,0.000027,3.094658,0.945283,1.896872
2026-06-03 17:00:48,119,0.933040,3.732081,0.000027,0.430726,1.0683,10.4926,4.0000,0.911755,5.120601,7.526504,7.576512,7.603741,3.081796,3.797508,2.148236,0.861425,5.334214,3.530054,1.037291,1.707844,8.607956,0.983928,8.875414,0.000027,3.094658,0.945283,1.896872
2026-06-03 17:00:48,120,0.933040,3.732081,0.000027,0.430726,1.0683,10.4926,4.0000,0.911755,5.120601,7.526504,7.576512,7.603741,3.081796,3.797508,2.148236,0.861425,5.334214,3.530054,1.037291,1.707844,8.607956,0.983928,8.875414,0.000027,3.094658,0.945283,1.896872
2026-06-03 17:00:49,121,0.933040,3.732081,0.000027,0.430726,1.0683,10.4926,4.0000,0.911755,5.120601,7.526504,7.576512,7.603741,3.081796,3.797508,2.148236,0.861425,5.334214,3.530054,1.037291,1.707844,8.607956,0.983928,8.875414,0.000027,3.094658,0.945283,1.896872
2026-06-03 17:00:50,122,0.933061,3.732165,0.000027,0.430609,1.0843,10.4955,4.0000,0.911519,5.121722,7.526626,7.576643,7.603866,3.082029,3.798071,2.148167,0.861191,5.334161,3.530487,1.037055,1.707677,8.608058,0.983691,8.875632,0.000027,3.094882,0.945046,1.896744
2026-06-03 17:00:50,123,0.933061,3.732165,0.000027,0.430609,1.0843,10.4955,4.0000,0.911519,5.121722,7.526626,7.576643,7.603866,3.082029,3.798071,2.148167,0.861191,5.334161,3.530487,1.037055,1.707677,8.608058,0.983691,8.875632,0.000027,3.094882,0.945046,1.896744
2026-06-03 17:00:51,124,0.933061,3.732165,0.000027,0.430609,1.0843,10.4955,4.0000,0.911519,5.121722,7.526626,7.576643,7.603866,3.082029,3.798071,2.148167,0.861191,5.334161,3.530487,1.037055,1.707677,8.608058,0.983691,8.875632,0.000027,3.094882,0.945046,1.896744
2026-06-03 17:00:52,125,0.933061,3.732165,0.000027,0.430609,1.0843,10.4955,4.0000,0.911519,5.121722,7.526626,7.576643,7.603866,3.082029,3.798071,2.148167,0.861191,5.334161,3.530487,1.037055,1.707677,8.608058,0.983691,8.875632,0.000027,3.094882,0.945046,1.896744
2026-06-03 17:00:52,126,0.933061,3.732165,0.000027,0.430609,1.0843,10.4955,4.0000,0.911519,5.121722,7.526626,7.576643,7.603866,3.082029,3.798071,2.148167,0.861191,5.334161,3.530487,1.037055,1.707677,8.608058,0.983691,8.875632,0.000027,3.094882,0.945046,1.896744
2026-06-03 17:00:53,127,0.933061,3.732165,0.000027,0.430609,1.0843,10.4955,4.0000,0.911519,5.121722,7.526626,7.576643,7.603866,3.082029,3.798071,2.148167,0.861191,5.334161,3.530487,1.037055,1.707677,8.608058,0.983691,8.875632,0.000027,3.094882,0.945046,1.896744
2026-06-03 17:00:54,128,0.933061,3.732165,0.000027,0.430609,1.0843,10.4955,4.0000,0.911519,5.121722,7.526626,7.576643,7.603866,3.082029,3.798071,2.148167,0.861191,5.334161,3.530487,1.037055,1.707677,8.608058,0.983691,8.875632,0.000027,3.094882,0.945046,1.896744
2026-06-03 17:00:54,129,0.933061,3.732165,0.000027,0.430609,1.0843,10.4955,4.0000,0.911519,5.121722,7.526626,7.576643,7.603866,3.082029,3.798071,2.148167,0.861191,5.334161,3.530487,1.037055,1.707677,8.608058,0.983691,8.875632,0.000027,3.094882,0.945046,1.896744
2026-06-03 17:00:55,130,0.933061,3.732165,0.000027,0.430609,1.0843,10.4955,4.0000,0.911519,5.121722,7.526626,7.576643,7.603866,3.082029,3.798071,2.148167,0.861191,5.334161,3.530487,1.037055,1.707677,8.608058,0.983691,8.875632,0.000027,3.094882,0.945046,1.896744
2026-06-03 17:00:56,131,0.933061,3.732165,0.000027,0.430609,1.0843,10.4955,4.0000,0.911519,5.121722,7.526626,7.576643,7.603866,3.082029,3.798071,2.148167,0.861191,5.334161,3.530487,1.037055,1.707677,8.608058,0.983691,8.875632,0.000027,3.094882,0.945046,1.896744
2026-06-03 17:00:56,132,0.933061,3.732165,0.000027,0.430609,1.0843,10.4955,4.0000,0.911519,5.121722,7.526626,7.576643,7.603866,3.082029,3.798071,2.148167,0.861191,5.334161,3.530487,1.037055,1.707677,8.608058,0.983691,8.875632,0.000027,3.094882,0.945046,1.896744
2026-06-03 17:00:57,133,0.933061,3.732165,0.000027,0.430609,1.0843,10.4955,4.0000,0.911519,5.121722,7.526626,7.576643,7.603866,3.082029,3.798071,2.148167,0.861191,5.334161,3.530487,1.037055,1.707677,8.608058,0.983691,8.875632,0.000027,3.094882,0.945046,1.896744
2026-06-03 17:00:57,134,0.933061,3.732165,0.000027,0.430609,1.0843,10.4955,4.0000,0.911519,5.121722,7.526626,7.576643,7.603866,3.082029,3.798071,2.148167,0.861191,5.334161,3.530487,1.037055,1.707677,8.608058,0.983691,8.875632,0.000027,3.094882,0.945046,1.896744
2026-06-03 17:00:58,135,0.933061,3.732165,0.000027,0.430609,1.0843,10.4955,4.0000,0.911519,5.121722,7.526626,7.576643,7.603866,3.082029,3.798071,2.148167,0.861191,5.334161,3.530487,1.037055,1.707677,8.608058,0.983691,8.875632,0.000027,3.094882,0.945046,1.896744
2026-06-03 17:00:59,136,0.933061,3.732165,0.000027,0.430609,1.0843,10.4955,4.0000,0.911519,5.121722,7.526626,7.576643,7.603866,3.082029,3.798071,2.148167,0.861191,5.334161,3.530487,1.037055,1.707677,8.608058,0.983691,8.875632,0.000027,3.094882,0.945046,1.896744
2026-06-03 17:01:00,137,0.933061,3.732165,0.000027,0.430609,1.0843,10.4955,4.0000,0.911519,5.121722,7.526626,7.576643,7.603866,3.082029,3.798071,2.148167,0.861191,5.334161,3.530487,1.037055,1.707677,8.608058,0.983691,8.875632,0.000027,3.094882,0.945046,1.896744
2026-06-03 17:01:00,138,0.933061,3.732165,0.000027,0.430609,1.0843,10.4955,4.0000,0.911519,5.121722,7.526626,7.576643,7.603866,3.082029,3.798071,2.148167,0.861191,5.334161,3.530487,1.037055,1.707677,8.608058,0.983691,8.875632,0.000027,3.094882,0.945046,1.896744
2026-06-03 17:01:01,139,0.933061,3.732165,0.000027,0.430609,1.0843,10.4955,4.0000,0.911519,5.121722,7.526626,7.576643,7.603866,3.082029,3.798071,2.148167,0.861191,5.334161,3.530487,1.037055,1.707677,8.608058,0.983691,8.875632,0.000027,3.094882,0.945046,1.896744
2026-06-03 17:01:01,140,0.933061,3.732165,0.000027,0.430609,1.0843,10.4955,4.0000,0.911519,5.121722,7.526626,7.576643,7.603866,3.082029,3.798071,2.148167,0.861191,5.334161,3.530487,1.037055,1.707677,8.608058,0.983691,8.875632,0.000027,3.094882,0.945046,1.896744
2026-06-03 17:01:02,141,0.933061,3.732165,0.000027,0.430609,1.0843,10.4955,4.0000,0.911519,5.121722,7.526626,7.576643,7.603866,3.082029,3.798071,2.148167,0.861191,5.334161,3.530487,1.037055,1.707677,8.608058,0.983691,8.875632,0.000027,3.094882,0.945046,1.896744
2026-06-03 17:01:03,142,0.933061,3.732165,0.000027,0.430609,1.0843,10.4955,4.0000,0.911519,5.121722,7.526626,7.576643,7.603866,3.082029,3.798071,2.148167,0.861191,5.334161,3.530487,1.037055,1.707677,8.608058,0.983691,8.875632,0.000027,3.094882,0.945046,1.896744
2026-06-03 17:01:03,143,0.933061,3.732165,0.000027,0.430609,1.0843,10.4955,4.0000,0.911519,5.121722,7.526626,7.576643,7.603866,3.082029,3.798071,2.148167,0.861191,5.334161,3.530487,1.037055,1.707677,8.608058,0.983691,8.875632,0.000027,3.094882,0.945046,1.896744
2026-06-03 17:01:04,144,0.933061,3.732165,0.000027,0.430609,1.0843,10.4955,4.0000,0.911519,5.121722,7.526626,7.576643,7.603866,3.082029,3.798071,2.148167,0.861191,5.334161,3.530487,1.037055,1.707677,8.608058,0.983691,8.875632,0.000027,3.094882,0.945046,1.896744
2026-06-03 17:01:05,145,0.933061,3.732165,0.000027,0.430609,1.0843,10.4955,4.0000,0.911519,5.121722,7.526626,7.576643,7.603866,3.082029,3.798071,2.148167,0.861191,5.334161,3.530487,1.037055,1.707677,8.608058,0.983691,8.875632,0.000027,3.094882,0.945046,1.896744
2026-06-03 17:01:05,146,0.933061,3.732165,0.000027,0.430609,1.0843,10.4955,4.0000,0.911519,5.121722,7.526626,7.576643,7.603866,3.082029,3.798071,2.148167,0.861191,5.334161,3.530487,1.037055,1.707677,8.608058,0.983691,8.875632,0.000027,3.094882,0.945046,1.896744
2026-06-03 17:01:06,147,0.933061,3.732165,0.000027,0.430609,1.0843,10.4955,4.0000,0.911519,5.121722,7.526626,7.576643,7.603866,3.082029,3.798071,2.148167,0.861191,5.334161,3.530487,1.037055,1.707677,8.608058,0.983691,8.875632,0.000027,3.094882,0.945046,1.896744
2026-06-03 17:01:06,148,0.933061,3.732165,0.000027,0.430609,1.0843,10.4955,4.0000,0.911519,5.121722,7.526626,7.576643,7.603866,3.082029,3.798071,2.148167,0.861191,5.334161,3.530487,1.037055,1.707677,8.608058,0.983691,8.875632,0.000027,3.094882,0.945046,1.896744
2026-06-03 17:01:07,149,0.933061,3.732165,0.000027,0.430609,1.0843,10.4955,4.0000,0.911519,5.121722,7.526626,7.576643,7.603866,3.082029,3.798071,2.148167,0.861191,5.334161,3.530487,1.037055,1.707677,8.608058,0.983691,8.875632,0.000027,3.094882,0.945046,1.896744
2026-06-03 17:01:07,150,0.933061,3.732165,0.000027,0.430609,1.0843,10.4955,4.0000,0.911519,5.121722,7.526626,7.576643,7.603866,3.082029,3.798071,2.148167,0.861191,5.334161,3.530487,1.037055,1.707677,8.608058,0.983691,8.875632,0.000027,3.094882,0.945046,1.896744
2026-06-03 17:01:08,151,0.933061,3.732165,0.000027,0.430609,1.0843,10.4955,4.0000,0.911519,5.121722,7.526626,7.576643,7.603866,3.082029,3.798071,2.148167,0.861191,5.334161,3.530487,1.037055,1.707677,8.608058,0.983691,8.875632,0.000027,3.094882,0.945046,1.896744
2026-06-03 17:01:08,152,0.933061,3.732165,0.000027,0.430609,1.0843,10.4955,4.0000,0.911519,5.121722,7.526626,7.576643,7.603866,3.082029,3.798071,2.148167,0.861191,5.334161,3.530487,1.037055,1.707677,8.608058,0.983691,8.875632,0.000027,3.094882,0.945046,1.896744
2026-06-03 17:01:09,153,0.933061,3.732165,0.000027,0.430609,1.0843,10.4955,4.0000,0.911519,5.121722,7.526626,7.576643,7.603866,3.082029,3.798071,2.148167,0.861191,5.334161,3.530487,1.037055,1.707677,8.608058,0.983691,8.875632,0.000027,3.094882,0.945046,1.896744
2026-06-03 17:01:09,154,0.933061,3.732165,0.000027,0.430609,1.0843,10.4955,4.0000,0.911519,5.121722,7.526626,7.576643,7.603866,3.082029,3.798071,2.148167,0.861191,5.334161,3.530487,1.037055,1.707677,8.608058,0.983691,8.875632,0.000027,3.094882,0.945046,1.896744
2026-06-03 17:01:10,155,0.933061,3.732165,0.000027,0.430609,1.0843,10.4955,4.0000,0.911519,5.121722,7.526626,7.576643,7.603866,3.082029,3.798071,2.148167,0.861191,5.334161,3.530487,1.037055,1.707677,8.608058,0.983691,8.875632,0.000027,3.094882,0.945046,1.896744
2026-06-03 17:01:10,156,0.933061,3.732165,0.000027,0.430609,1.0843,10.4955,4.0000,0.911519,5.121722,7.526626,7.576643,7.603866,3.082029,3.798071,2.148167,0.861191,5.334161,3.530487,1.037055,1.707677,8.608058,0.983691,8.875632,0.000027,3.094882,0.945046,1.896744
2026-06-03 17:01:11,157,0.933061,3.732165,0.000027,0.430609,1.0843,10.4955,4.0000,0.911519,5.121722,7.526626,7.576643,7.603866,3.082029,3.798071,2.148167,0.861191,5.334161,3.530487,1.037055,1.707677,8.608058,0.983691,8.875632,0.000027,3.094882,0.945046,1.896744
2026-06-03 17:01:11,158,0.933061,3.732165,0.000027,0.430609,1.0843,10.4955,4.0000,0.911519,5.121722,7.526626,7.576643,7.603866,3.082029,3.798071,2.148167,0.861191,5.334161,3.530487,1.037055,1.707677,8.608058,0.983691,8.875632,0.000027,3.094882,0.945046,1.896744
2026-06-03 17:01:12,159,0.933061,3.732165,0.000027,0.430609,1.0843,10.4955,4.0000,0.911519,5.121722,7.526626,7.576643,7.603866,3.082029,3.798071,2.148167,0.861191,5.334161,3.530487,1.037055,1.707677,8.608058,0.983691,8.875632,0.000027,3.094882,0.945046,1.896744
2026-06-03 17:01:12,160,0.933061,3.732165,0.000027,0.430609,1.0843,10.4955,4.0000,0.911519,5.121722,7.526626,7.576643,7.603866,3.082029,3.798071,2.148167,0.861191,5.334161,3.530487,1.037055,1.707677,8.608058,0.983691,8.875632,0.000027,3.094882,0.945046,1.896744
2026-06-03 17:01:13,161,0.933061,3.732165,0.000027,0.430609,1.0843,10.4955,4.0000,0.911519,5.121722,7.526626,7.576643,7.603866,3.082029,3.798071,2.148167,0.861191,5.334161,3.530487,1.037055,1.707677,8.608058,0.983691,8.875632,0.000027,3.094882,0.945046,1.896744
2026-06-03 17:01:13,162,0.933061,3.732165,0.000027,0.430609,1.0843,10.4955,4.0000,0.911519,5.121722,7.526626,7.576643,7.603866,3.082029,3.798071,2.148167,0.861191,5.334161,3.530487,1.037055,1.707677,8.608058,0.983691,8.875632,0.000027,3.094882,0.945046,1.896744
2026-06-03 17:01:14,163,0.933061,3.732165,0.000027,0.430609,1.0843,10.4955,4.0000,0.911519,5.121722,7.526626,7.576643,7.603866,3.082029,3.798071,2.148167,0.861191,5.334161,3.530487,1.037055,1.707677,8.608058,0.983691,8.875632,0.000027,3.094882,0.945046,1.896744
2026-06-03 17:01:14,164,0.933061,3.732165,0.000027,0.430609,1.0843,10.4955,4.0000,0.911519,5.121722,7.526626,7.576643,7.603866,3.082029,3.798071,2.148167,0.861191,5.334161,3.530487,1.037055,1.707677,8.608058,0.983691,8.875632,0.000027,3.094882,0.945046,1.896744
2026-06-03 17:01:15,165,0.933061,3.732165,0.000027,0.430609,1.0843,10.4955,4.0000,0.911519,5.121722,7.526626,7.576643,7.603866,3.082029,3.798071,2.148167,0.861191,5.334161,3.530487,1.037055,1.707677,8.608058,0.983691,8.875632,0.000027,3.094882,0.945046,1.896744
2026-06-03 17:01:15,166,0.933061,3.732165,0.000027,0.430609,1.0843,10.4955,4.0000,0.911519,5.121722,7.526626,7.576643,7.603866,3.082029,3.798071,2.148167,0.861191,5.334161,3.530487,1.037055,1.707677,8.608058,0.983691,8.875632,0.000027,3.094882,0.945046,1.896744
2026-06-03 17:01:16,167,0.933061,3.732165,0.000027,0.430609,1.0843,10.4955,4.0000,0.911519,5.121722,7.526626,7.576643,7.603866,3.082029,3.798071,2.148167,0.861191,5.334161,3.530487,1.037055,1.707677,8.608058,0.983691,8.875632,0.000027,3.094882,0.945046,1.896744
2026-06-03 17:01:16,168,0.933061,3.732165,0.000027,0.430609,1.0843,10.4955,4.0000,0.911519,5.121722,7.526626,7.576643,7.603866,3.082029,3.798071,2.148167,0.861191,5.334161,3.530487,1.037055,1.707677,8.608058,0.983691,8.875632,0.000027,3.094882,0.945046,1.896744
2026-06-03 17:01:17,169,0.933061,3.732165,0.000027,0.430609,1.0843,10.4955,4.0000,0.911519,5.121722,7.526626,7.576643,7.603866,3.082029,3.798071,2.148167,0.861191,5.334161,3.530487,1.037055,1.707677,8.608058,0.983691,8.875632,0.000027,3.094882,0.945046,1.896744
2026-06-03 17:01:17,170,0.933061,3.732165,0.000027,0.430609,1.0843,10.4955,4.0000,0.911519,5.121722,7.526626,7.576643,7.603866,3.082029,3.798071,2.148167,0.861191,5.334161,3.530487,1.037055,1.707677,8.608058,0.983691,8.875632,0.000027,3.094882,0.945046,1.896744
2026-06-03 17:01:18,171,0.933061,3.732165,0.000027,0.430609,1.0843,10.4955,4.0000,0.911519,5.121722,7.526626,7.576643,7.603866,3.082029,3.798071,2.148167,0.861191,5.334161,3.530487,1.037055,1.707677,8.608058,0.983691,8.875632,0.000027,3.094882,0.945046,1.896744
2026-06-03 17:01:18,172,0.933061,3.732165,0.000027,0.430609,1.0843,10.4955,4.0000,0.911519,5.121722,7.526626,7.576643,7.603866,3.082029,3.798071,2.148167,0.861191,5.334161,3.530487,1.037055,1.707677,8.608058,0.983691,8.875632,0.000027,3.094882,0.945046,1.896744
2026-06-03 17:01:19,173,0.933061,3.732165,0.000027,0.430609,1.0843,10.4955,4.0000,0.911519,5.121722,7.526626,7.576643,7.603866,3.082029,3.798071,2.148167,0.861191,5.334161,3.530487,1.037055,1.707677,8.608058,0.983691,8.875632,0.000027,3.094882,0.945046,1.896744
2026-06-03 17:01:19,174,0.933061,3.732165,0.000027,0.430609,1.0843,10.4955,4.0000,0.911519,5.121722,7.526626,7.576643,7.603866,3.082029,3.798071,2.148167,0.861191,5.334161,3.530487,1.037055,1.707677,8.608058,0.983691,8.875632,0.000027,3.094882,0.945046,1.896744
2026-06-03 17:01:19,175,0.933061,3.732165,0.000027,0.430609,1.0843,10.4955,4.0000,0.911519,5.121722,7.526626,7.576643,7.603866,3.082029,3.798071,2.148167,0.861191,5.334161,3.530487,1.037055,1.707677,8.608058,0.983691,8.875632,0.000027,3.094882,0.945046,1.896744
2026-06-03 17:01:20,176,0.933061,3.732165,0.000027,0.430609,1.0843,10.4955,4.0000,0.911519,5.121722,7.526626,7.576643,7.603866,3.082029,3.798071,2.148167,0.861191,5.334161,3.530487,1.037055,1.707677,8.608058,0.983691,8.875632,0.000027,3.094882,0.945046,1.896744
2026-06-03 17:01:20,177,0.933061,3.732165,0.000027,0.430609,1.0843,10.4955,4.0000,0.911519,5.121722,7.526626,7.576643,7.603866,3.082029,3.798071,2.148167,0.861191,5.334161,3.530487,1.037055,1.707677,8.608058,0.983691,8.875632,0.000027,3.094882,0.945046,1.896744
2026-06-03 17:01:21,178,0.933061,3.732165,0.000027,0.430609,1.0843,10.4955,4.0000,0.911519,5.121722,7.526626,7.576643,7.603866,3.082029,3.798071,2.148167,0.861191,5.334161,3.530487,1.037055,1.707677,8.608058,0.983691,8.875632,0.000027,3.094882,0.945046,1.896744
2026-06-03 17:01:21,179,0.933061,3.732165,0.000027,0.430609,1.0843,10.4955,4.0000,0.911519,5.121722,7.526626,7.576643,7.603866,3.082029,3.798071,2.148167,0.861191,5.334161,3.530487,1.037055,1.707677,8.608058,0.983691,8.875632,0.000027,3.094882,0.945046,1.896744
2026-06-03 17:01:22,180,0.933061,3.732165,0.000027,0.430609,1.0843,10.4955,4.0000,0.911519,5.121722,7.526626,7.576643,7.603866,3.082029,3.798071,2.148167,0.861191,5.334161,3.530487,1.037055,1.707677,8.608058,0.983691,8.875632,0.000027,3.094882,0.945046,1.896744
2026-06-03 17:01:22,181,0.933061,3.732165,0.000027,0.430609,1.0843,10.4955,4.0000,0.911519,5.121722,7.526626,7.576643,7.603866,3.082029,3.798071,2.148167,0.861191,5.334161,3.530487,1.037055,1.707677,8.608058,0.983691,8.875632,0.000027,3.094882,0.945046,1.896744
2026-06-03 17:01:23,182,0.933061,3.732165,0.000027,0.430609,1.0843,10.4955,4.0000,0.911519,5.121722,7.526626,7.576643,7.603866,3.082029,3.798071,2.148167,0.861191,5.334161,3.530487,1.037055,1.707677,8.608058,0.983691,8.875632,0.000027,3.094882,0.945046,1.896744
2026-06-03 17:01:23,183,0.933061,3.732165,0.000027,0.430609,1.0843,10.4955,4.0000,0.911519,5.121722,7.526626,7.576643,7.603866,3.082029,3.798071,2.148167,0.861191,5.334161,3.530487,1.037055,1.707677,8.608058,0.983691,8.875632,0.000027,3.094882,0.945046,1.896744
2026-06-03 17:01:24,184,0.933061,3.732165,0.000027,0.430609,1.0843,10.4955,4.0000,0.911519,5.121722,7.526626,7.576643,7.603866,3.082029,3.798071,2.148167,0.861191,5.334161,3.530487,1.037055,1.707677,8.608058,0.983691,8.875632,0.000027,3.094882,0.945046,1.896744
2026-06-03 17:01:25,185,0.933061,3.732165,0.000027,0.430609,1.0843,10.4955,4.0000,0.911519,5.121722,7.526626,7.576643,7.603866,3.082029,3.798071,2.148167,0.861191,5.334161,3.530487,1.037055,1.707677,8.608058,0.983691,8.875632,0.000027,3.094882,0.945046,1.896744
2026-06-03 17:01:25,186,0.933061,3.732165,0.000027,0.430609,1.0843,10.4955,4.0000,0.911519,5.121722,7.526626,7.576643,7.603866,3.082029,3.798071,2.148167,0.861191,5.334161,3.530487,1.037055,1.707677,8.608058,0.983691,8.875632,0.000027,3.094882,0.945046,1.896744
2026-06-03 17:01:26,187,0.933061,3.732165,0.000027,0.430609,1.0843,10.4955,4.0000,0.911519,5.121722,7.526626,7.576643,7.603866,3.082029,3.798071,2.148167,0.861191,5.334161,3.530487,1.037055,1.707677,8.608058,0.983691,8.875632,0.000027,3.094882,0.945046,1.896744
2026-06-03 17:01:26,188,0.933061,3.732165,0.000027,0.430609,1.0843,10.4955,4.0000,0.911519,5.121722,7.526626,7.576643,7.603866,3.082029,3.798071,2.148167,0.861191,5.334161,3.530487,1.037055,1.707677,8.608058,0.983691,8.875632,0.000027,3.094882,0.945046,1.896744
2026-06-03 17:01:27,189,0.933061,3.732165,0.000027,0.430609,1.0843,10.4955,4.0000,0.911519,5.121722,7.526626,7.576643,7.603866,3.082029,3.798071,2.148167,0.861191,5.334161,3.530487,1.037055,1.707677,8.608058,0.983691,8.875632,0.000027,3.094882,0.945046,1.896744
2026-06-03 17:01:27,190,0.933061,3.732165,0.000027,0.430609,1.0843,10.4955,4.0000,0.911519,5.121722,7.526626,7.576643,7.603866,3.082029,3.798071,2.148167,0.861191,5.334161,3.530487,1.037055,1.707677,8.608058,0.983691,8.875632,0.000027,3.094882,0.945046,1.896744
2026-06-03 17:01:28,191,0.933061,3.732165,0.000027,0.430609,1.0843,10.4955,4.0000,0.911519,5.121722,7.526626,7.576643,7.603866,3.082029,3.798071,2.148167,0.861191,5.334161,3.530487,1.037055,1.707677,8.608058,0.983691,8.875632,0.000027,3.094882,0.945046,1.896744
2026-06-03 17:01:29,192,0.933061,3.732165,0.000027,0.430609,1.0843,10.4955,4.0000,0.911519,5.121722,7.526626,7.576643,7.603866,3.082029,3.798071,2.148167,0.861191,5.334161,3.530487,1.037055,1.707677,8.608058,0.983691,8.875632,0.000027,3.094882,0.945046,1.896744
2026-06-03 17:01:29,193,0.933061,3.732165,0.000027,0.430609,1.0843,10.4955,4.0000,0.911519,5.121722,7.526626,7.576643,7.603866,3.082029,3.798071,2.148167,0.861191,5.334161,3.530487,1.037055,1.707677,8.608058,0.983691,8.875632,0.000027,3.094882,0.945046,1.896744
2026-06-03 17:01:30,194,0.933061,3.732165,0.000027,0.430609,1.0843,10.4955,4.0000,0.911519,5.121722,7.526626,7.576643,7.603866,3.082029,3.798071,2.148167,0.861191,5.334161,3.530487,1.037055,1.707677,8.608058,0.983691,8.875632,0.000027,3.094882,0.945046,1.896744
2026-06-03 17:01:31,195,0.933061,3.732165,0.000027,0.430609,1.0843,10.4955,4.0000,0.911519,5.121722,7.526626,7.576643,7.603866,3.082029,3.798071,2.148167,0.861191,5.334161,3.530487,1.037055,1.707677,8.608058,0.983691,8.875632,0.000027,3.094882,0.945046,1.896744
2026-06-03 17:01:31,196,0.933061,3.732165,0.000027,0.430609,1.0843,10.4955,4.0000,0.911519,5.121722,7.526626,7.576643,7.603866,3.082029,3.798071,2.148167,0.861191,5.334161,3.530487,1.037055,1.707677,8.608058,0.983691,8.875632,0.000027,3.094882,0.945046,1.896744
2026-06-03 17:01:32,197,0.933061,3.732165,0.000027,0.430609,1.0843,10.4955,4.0000,0.911519,5.121722,7.526626,7.576643,7.603866,3.082029,3.798071,2.148167,0.861191,5.334161,3.530487,1.037055,1.707677,8.608058,0.983691,8.875632,0.000027,3.094882,0.945046,1.896744
2026-06-03 17:01:33,198,0.933061,3.732165,0.000027,0.430609,1.0843,10.4955,4.0000,0.911519,5.121722,7.526626,7.576643,7.603866,3.082029,3.798071,2.148167,0.861191,5.334161,3.530487,1.037055,1.707677,8.608058,0.983691,8.875632,0.000027,3.094882,0.945046,1.896744
2026-06-03 17:01:33,199,0.933061,3.732165,0.000027,0.430609,1.0843,10.4955,4.0000,0.911519,5.121722,7.526626,7.576643,7.603866,3.082029,3.798071,2.148167,0.861191,5.334161,3.530487,1.037055,1.707677,8.608058,0.983691,8.875632,0.000027,3.094882,0.945046,1.896744
2026-06-03 17:01:34,200,0.933061,3.732165,0.000027,0.430609,1.0843,10.4955,4.0000,0.911519,5.121722,7.526626,7.576643,7.603866,3.082029,3.798071,2.148167,0.861191,5.334161,3.530487,1.037055,1.707677,8.608058,0.983691,8.875632,0.000027,3.094882,0.945046,1.896744
2026-06-03 17:01:34,201,0.933061,3.732165,0.000027,0.430609,1.0843,10.4955,4.0000,0.911519,5.121722,7.526626,7.576643,7.603866,3.082029,3.798071,2.148167,0.861191,5.334161,3.530487,1.037055,1.707677,8.608058,0.983691,8.875632,0.000027,3.094882,0.945046,1.896744
2026-06-03 17:01:35,202,0.933061,3.732165,0.000027,0.430609,1.0843,10.4955,4.0000,0.911519,5.121722,7.526626,7.576643,7.603866,3.082029,3.798071,2.148167,0.861191,5.334161,3.530487,1.037055,1.707677,8.608058,0.983691,8.875632,0.000027,3.094882,0.945046,1.896744
2026-06-03 17:01:36,203,0.933068,3.732191,0.000027,0.430316,1.1181,10.4914,4.0000,0.910938,5.123941,7.526748,7.576794,7.603974,3.082343,3.798925,2.147790,0.860605,5.333978,3.531104,1.036450,1.707196,8.608006,0.983107,8.875872,0.000027,3.095245,0.944462,1.896317
2026-06-03 17:01:36,204,0.933068,3.732191,0.000027,0.430316,1.1181,10.4914,4.0000,0.910938,5.123941,7.526748,7.576794,7.603974,3.082343,3.798925,2.147790,0.860605,5.333978,3.531104,1.036450,1.707196,8.608006,0.983107,8.875872,0.000027,3.095245,0.944462,1.896317
2026-06-03 17:01:37,205,0.933068,3.732191,0.000027,0.430316,1.1181,10.4914,4.0000,0.910938,5.123941,7.526748,7.576794,7.603974,3.082343,3.798925,2.147790,0.860605,5.333978,3.531104,1.036450,1.707196,8.608006,0.983107,8.875872,0.000027,3.095245,0.944462,1.896317
2026-06-03 17:01:37,206,0.933068,3.732191,0.000027,0.430316,1.1181,10.4914,4.0000,0.910938,5.123941,7.526748,7.576794,7.603974,3.082343,3.798925,2.147790,0.860605,5.333978,3.531104,1.036450,1.707196,8.608006,0.983107,8.875872,0.000027,3.095245,0.944462,1.896317
2026-06-03 17:01:38,207,0.933068,3.732191,0.000027,0.430316,1.1181,10.4914,4.0000,0.910938,5.123941,7.526748,7.576794,7.603974,3.082343,3.798925,2.147790,0.860605,5.333978,3.531104,1.036450,1.707196,8.608006,0.983107,8.875872,0.000027,3.095245,0.944462,1.896317
2026-06-03 17:01:38,208,0.933068,3.732191,0.000027,0.430316,1.1181,10.4914,4.0000,0.910938,5.123941,7.526748,7.576794,7.603974,3.082343,3.798925,2.147790,0.860605,5.333978,3.531104,1.036450,1.707196,8.608006,0.983107,8.875872,0.000027,3.095245,0.944462,1.896317
2026-06-03 17:01:39,209,0.933068,3.732191,0.000027,0.430316,1.1181,10.4914,4.0000,0.910938,5.123941,7.526748,7.576794,7.603974,3.082343,3.798925,2.147790,0.860605,5.333978,3.531104,1.036450,1.707196,8.608006,0.983107,8.875872,0.000027,3.095245,0.944462,1.896317
2026-06-03 17:01:40,210,0.933068,3.732191,0.000027,0.430316,1.1181,10.4914,4.0000,0.910938,5.123941,7.526748,7.576794,7.603974,3.082343,3.798925,2.147790,0.860605,5.333978,3.531104,1.036450,1.707196,8.608006,0.983107,8.875872,0.000027,3.095245,0.944462,1.896317
2026-06-03 17:01:40,211,0.933068,3.732191,0.000027,0.430316,1.1181,10.4914,4.0000,0.910938,5.123941,7.526748,7.576794,7.603974,3.082343,3.798925,2.147790,0.860605,5.333978,3.531104,1.036450,1.707196,8.608006,0.983107,8.875872,0.000027,3.095245,0.944462,1.896317
2026-06-03 17:01:41,212,0.933068,3.732191,0.000027,0.430316,1.1181,10.4914,4.0000,0.910938,5.123941,7.526748,7.576794,7.603974,3.082343,3.798925,2.147790,0.860605,5.333978,3.531104,1.036450,1.707196,8.608006,0.983107,8.875872,0.000027,3.095245,0.944462,1.896317
2026-06-03 17:01:42,213,0.933079,3.732236,0.000027,0.430433,1.1073,10.4917,4.0000,0.911175,5.123342,7.526727,7.576765,7.603955,3.082338,3.798737,2.147986,0.860840,5.334060,3.530994,1.036698,1.707425,8.608027,0.983348,8.875804,0.000027,3.095232,0.944702,1.896531
2026-06-03 17:01:42,214,0.933079,3.732236,0.000027,0.430433,1.1073,10.4917,4.0000,0.911175,5.123342,7.526727,7.576765,7.603955,3.082338,3.798737,2.147986,0.860840,5.334060,3.530994,1.036698,1.707425,8.608027,0.983348,8.875804,0.000027,3.095232,0.944702,1.896531
2026-06-03 17:01:43,215,0.933079,3.732236,0.000027,0.430433,1.1073,10.4917,4.0000,0.911175,5.123342,7.526727,7.576765,7.603955,3.082338,3.798737,2.147986,0.860840,5.334060,3.530994,1.036698,1.707425,8.608027,0.983348,8.875804,0.000027,3.095232,0.944702,1.896531
2026-06-03 17:01:44,216,0.933090,3.732279,0.000027,0.430561,1.0959,10.4891,4.0000,0.911437,5.122734,7.526685,7.576717,7.603911,3.082346,3.798512,2.148185,0.861096,5.334144,3.530860,1.036967,1.707682,8.607993,0.983616,8.875691,0.000027,3.095249,0.944967,1.896767
2026-06-03 17:01:44,217,0.933090,3.732279,0.000027,0.430561,1.0959,10.4891,4.0000,0.911437,5.122734,7.526685,7.576717,7.603911,3.082346,3.798512,2.148185,0.861096,5.334144,3.530860,1.036967,1.707682,8.607993,0.983616,8.875691,0.000027,3.095249,0.944967,1.896767
2026-06-03 17:01:45,218,0.933090,3.732279,0.000027,0.430561,1.0959,10.4891,4.0000,0.911437,5.122734,7.526685,7.576717,7.603911,3.082346,3.798512,2.148185,0.861096,5.334144,3.530860,1.036967,1.707682,8.607993,0.983616,8.875691,0.000027,3.095249,0.944967,1.896767
2026-06-03 17:01:45,219,0.933090,3.732279,0.000027,0.430561,1.0959,10.4891,4.0000,0.911437,5.122734,7.526685,7.576717,7.603911,3.082346,3.798512,2.148185,0.861096,5.334144,3.530860,1.036967,1.707682,8.607993,0.983616,8.875691,0.000027,3.095249,0.944967,1.896767
2026-06-03 17:01:46,220,0.933090,3.732279,0.000027,0.430561,1.0959,10.4891,4.0000,0.911437,5.122734,7.526685,7.576717,7.603911,3.082346,3.798512,2.148185,0.861096,5.334144,3.530860,1.036967,1.707682,8.607993,0.983616,8.875691,0.000027,3.095249,0.944967,1.896767
2026-06-03 17:01:47,221,0.933090,3.732279,0.000027,0.430561,1.0959,10.4891,4.0000,0.911437,5.122734,7.526685,7.576717,7.603911,3.082346,3.798512,2.148185,0.861096,5.334144,3.530860,1.036967,1.707682,8.607993,0.983616,8.875691,0.000027,3.095249,0.944967,1.896767
2026-06-03 17:01:47,222,0.933090,3.732279,0.000027,0.430561,1.0959,10.4891,4.0000,0.911437,5.122734,7.526685,7.576717,7.603911,3.082346,3.798512,2.148185,0.861096,5.334144,3.530860,1.036967,1.707682,8.607993,0.983616,8.875691,0.000027,3.095249,0.944967,1.896767
2026-06-03 17:01:48,223,0.933090,3.732279,0.000027,0.430561,1.0959,10.4891,4.0000,0.911437,5.122734,7.526685,7.576717,7.603911,3.082346,3.798512,2.148185,0.861096,5.334144,3.530860,1.036967,1.707682,8.607993,0.983616,8.875691,0.000027,3.095249,0.944967,1.896767
2026-06-03 17:01:49,224,0.933090,3.732279,0.000027,0.430561,1.0959,10.4891,4.0000,0.911437,5.122734,7.526685,7.576717,7.603911,3.082346,3.798512,2.148185,0.861096,5.334144,3.530860,1.036967,1.707682,8.607993,0.983616,8.875691,0.000027,3.095249,0.944967,1.896767
2026-06-03 17:01:49,225,0.933090,3.732279,0.000027,0.430561,1.0959,10.4891,4.0000,0.911437,5.122734,7.526685,7.576717,7.603911,3.082346,3.798512,2.148185,0.861096,5.334144,3.530860,1.036967,1.707682,8.607993,0.983616,8.875691,0.000027,3.095249,0.944967,1.896767
2026-06-03 17:01:50,226,0.933090,3.732279,0.000027,0.430561,1.0959,10.4891,4.0000,0.911437,5.122734,7.526685,7.576717,7.603911,3.082346,3.798512,2.148185,0.861096,5.334144,3.530860,1.036967,1.707682,8.607993,0.983616,8.875691,0.000027,3.095249,0.944967,1.896767
2026-06-03 17:01:50,227,0.933090,3.732279,0.000027,0.430561,1.0959,10.4891,4.0000,0.911437,5.122734,7.526685,7.576717,7.603911,3.082346,3.798512,2.148185,0.861096,5.334144,3.530860,1.036967,1.707682,8.607993,0.983616,8.875691,0.000027,3.095249,0.944967,1.896767
2026-06-03 17:01:51,228,0.933090,3.732279,0.000027,0.430561,1.0959,10.4891,4.0000,0.911437,5.122734,7.526685,7.576717,7.603911,3.082346,3.798512,2.148185,0.861096,5.334144,3.530860,1.036967,1.707682,8.607993,0.983616,8.875691,0.000027,3.095249,0.944967,1.896767
2026-06-03 17:01:52,229,0.933090,3.732279,0.000027,0.430561,1.0959,10.4891,4.0000,0.911437,5.122734,7.526685,7.576717,7.603911,3.082346,3.798512,2.148185,0.861096,5.334144,3.530860,1.036967,1.707682,8.607993,0.983616,8.875691,0.000027,3.095249,0.944967,1.896767
2026-06-03 17:01:52,230,0.933090,3.732279,0.000027,0.430561,1.0959,10.4891,4.0000,0.911437,5.122734,7.526685,7.576717,7.603911,3.082346,3.798512,2.148185,0.861096,5.334144,3.530860,1.036967,1.707682,8.607993,0.983616,8.875691,0.000027,3.095249,0.944967,1.896767
2026-06-03 17:01:53,231,0.933090,3.732279,0.000027,0.430561,1.0959,10.4891,4.0000,0.911437,5.122734,7.526685,7.576717,7.603911,3.082346,3.798512,2.148185,0.861096,5.334144,3.530860,1.036967,1.707682,8.607993,0.983616,8.875691,0.000027,3.095249,0.944967,1.896767
2026-06-03 17:01:54,232,0.933090,3.732279,0.000027,0.430561,1.0959,10.4891,4.0000,0.911437,5.122734,7.526685,7.576717,7.603911,3.082346,3.798512,2.148185,0.861096,5.334144,3.530860,1.036967,1.707682,8.607993,0.983616,8.875691,0.000027,3.095249,0.944967,1.896767
2026-06-03 17:01:54,233,0.933090,3.732279,0.000027,0.430561,1.0959,10.4891,4.0000,0.911437,5.122734,7.526685,7.576717,7.603911,3.082346,3.798512,2.148185,0.861096,5.334144,3.530860,1.036967,1.707682,8.607993,0.983616,8.875691,0.000027,3.095249,0.944967,1.896767
2026-06-03 17:01:55,234,0.933090,3.732279,0.000027,0.430561,1.0959,10.4891,4.0000,0.911437,5.122734,7.526685,7.576717,7.603911,3.082346,3.798512,2.148185,0.861096,5.334144,3.530860,1.036967,1.707682,8.607993,0.983616,8.875691,0.000027,3.095249,0.944967,1.896767
2026-06-03 17:01:56,235,0.933090,3.732279,0.000027,0.430561,1.0959,10.4891,4.0000,0.911437,5.122734,7.526685,7.576717,7.603911,3.082346,3.798512,2.148185,0.861096,5.334144,3.530860,1.036967,1.707682,8.607993,0.983616,8.875691,0.000027,3.095249,0.944967,1.896767
2026-06-03 17:01:56,236,0.933090,3.732279,0.000027,0.430561,1.0959,10.4891,4.0000,0.911437,5.122734,7.526685,7.576717,7.603911,3.082346,3.798512,2.148185,0.861096,5.334144,3.530860,1.036967,1.707682,8.607993,0.983616,8.875691,0.000027,3.095249,0.944967,1.896767
2026-06-03 17:01:57,237,0.933090,3.732279,0.000027,0.430561,1.0959,10.4891,4.0000,0.911437,5.122734,7.526685,7.576717,7.603911,3.082346,3.798512,2.148185,0.861096,5.334144,3.530860,1.036967,1.707682,8.607993,0.983616,8.875691,0.000027,3.095249,0.944967,1.896767
2026-06-03 17:01:58,238,0.933090,3.732279,0.000027,0.430561,1.0959,10.4891,4.0000,0.911437,5.122734,7.526685,7.576717,7.603911,3.082346,3.798512,2.148185,0.861096,5.334144,3.530860,1.036967,1.707682,8.607993,0.983616,8.875691,0.000027,3.095249,0.944967,1.896767
2026-06-03 17:01:58,239,0.933090,3.732279,0.000027,0.430561,1.0959,10.4891,4.0000,0.911437,5.122734,7.526685,7.576717,7.603911,3.082346,3.798512,2.148185,0.861096,5.334144,3.530860,1.036967,1.707682,8.607993,0.983616,8.875691,0.000027,3.095249,0.944967,1.896767
2026-06-03 17:01:59,240,0.933090,3.732279,0.000027,0.430561,1.0959,10.4891,4.0000,0.911437,5.122734,7.526685,7.576717,7.603911,3.082346,3.798512,2.148185,0.861096,5.334144,3.530860,1.036967,1.707682,8.607993,0.983616,8.875691,0.000027,3.095249,0.944967,1.896767
2026-06-03 17:02:00,241,0.933090,3.732279,0.000027,0.430561,1.0959,10.4891,4.0000,0.911437,5.122734,7.526685,7.576717,7.603911,3.082346,3.798512,2.148185,0.861096,5.334144,3.530860,1.036967,1.707682,8.607993,0.983616,8.875691,0.000027,3.095249,0.944967,1.896767
2026-06-03 17:02:00,242,0.933090,3.732279,0.000027,0.430561,1.0959,10.4891,4.0000,0.911437,5.122734,7.526685,7.576717,7.603911,3.082346,3.798512,2.148185,0.861096,5.334144,3.530860,1.036967,1.707682,8.607993,0.983616,8.875691,0.000027,3.095249,0.944967,1.896767
2026-06-03 17:02:01,243,0.933090,3.732279,0.000027,0.430561,1.0959,10.4891,4.0000,0.911437,5.122734,7.526685,7.576717,7.603911,3.082346,3.798512,2.148185,0.861096,5.334144,3.530860,1.036967,1.707682,8.607993,0.983616,8.875691,0.000027,3.095249,0.944967,1.896767
2026-06-03 17:02:01,244,0.933090,3.732279,0.000027,0.430561,1.0959,10.4891,4.0000,0.911437,5.122734,7.526685,7.576717,7.603911,3.082346,3.798512,2.148185,0.861096,5.334144,3.530860,1.036967,1.707682,8.607993,0.983616,8.875691,0.000027,3.095249,0.944967,1.896767
2026-06-03 17:02:02,245,0.933090,3.732279,0.000027,0.430561,1.0959,10.4891,4.0000,0.911437,5.122734,7.526685,7.576717,7.603911,3.082346,3.798512,2.148185,0.861096,5.334144,3.530860,1.036967,1.707682,8.607993,0.983616,8.875691,0.000027,3.095249,0.944967,1.896767
2026-06-03 17:02:03,246,0.933090,3.732279,0.000027,0.430561,1.0959,10.4891,4.0000,0.911437,5.122734,7.526685,7.576717,7.603911,3.082346,3.798512,2.148185,0.861096,5.334144,3.530860,1.036967,1.707682,8.607993,0.983616,8.875691,0.000027,3.095249,0.944967,1.896767
2026-06-03 17:02:03,247,0.933090,3.732279,0.000027,0.430561,1.0959,10.4891,4.0000,0.911437,5.122734,7.526685,7.576717,7.603911,3.082346,3.798512,2.148185,0.861096,5.334144,3.530860,1.036967,1.707682,8.607993,0.983616,8.875691,0.000027,3.095249,0.944967,1.896767
2026-06-03 17:02:04,248,0.933090,3.732279,0.000027,0.430561,1.0959,10.4891,4.0000,0.911437,5.122734,7.526685,7.576717,7.603911,3.082346,3.798512,2.148185,0.861096,5.334144,3.530860,1.036967,1.707682,8.607993,0.983616,8.875691,0.000027,3.095249,0.944967,1.896767
2026-06-03 17:02:05,249,0.933090,3.732279,0.000027,0.430561,1.0959,10.4891,4.0000,0.911437,5.122734,7.526685,7.576717,7.603911,3.082346,3.798512,2.148185,0.861096,5.334144,3.530860,1.036967,1.707682,8.607993,0.983616,8.875691,0.000027,3.095249,0.944967,1.896767
2026-06-03 17:02:05,250,0.933090,3.732279,0.000027,0.430561,1.0959,10.4891,4.0000,0.911437,5.122734,7.526685,7.576717,7.603911,3.082346,3.798512,2.148185,0.861096,5.334144,3.530860,1.036967,1.707682,8.607993,0.983616,8.875691,0.000027,3.095249,0.944967,1.896767
2026-06-03 17:02:06,251,0.933090,3.732279,0.000027,0.430561,1.0959,10.4891,4.0000,0.911437,5.122734,7.526685,7.576717,7.603911,3.082346,3.798512,2.148185,0.861096,5.334144,3.530860,1.036967,1.707682,8.607993,0.983616,8.875691,0.000027,3.095249,0.944967,1.896767
2026-06-03 17:02:07,252,0.933090,3.732279,0.000027,0.430561,1.0959,10.4891,4.0000,0.911437,5.122734,7.526685,7.576717,7.603911,3.082346,3.798512,2.148185,0.861096,5.334144,3.530860,1.036967,1.707682,8.607993,0.983616,8.875691,0.000027,3.095249,0.944967,1.896767
2026-06-03 17:02:07,253,0.933090,3.732279,0.000027,0.430561,1.0959,10.4891,4.0000,0.911437,5.122734,7.526685,7.576717,7.603911,3.082346,3.798512,2.148185,0.861096,5.334144,3.530860,1.036967,1.707682,8.607993,0.983616,8.875691,0.000027,3.095249,0.944967,1.896767
2026-06-03 17:02:08,254,0.933090,3.732279,0.000027,0.430561,1.0959,10.4891,4.0000,0.911437,5.122734,7.526685,7.576717,7.603911,3.082346,3.798512,2.148185,0.861096,5.334144,3.530860,1.036967,1.707682,8.607993,0.983616,8.875691,0.000027,3.095249,0.944967,1.896767
2026-06-03 17:02:09,255,0.933090,3.732279,0.000027,0.430561,1.0959,10.4891,4.0000,0.911437,5.122734,7.526685,7.576717,7.603911,3.082346,3.798512,2.148185,0.861096,5.334144,3.530860,1.036967,1.707682,8.607993,0.983616,8.875691,0.000027,3.095249,0.944967,1.896767
2026-06-03 17:02:09,256,0.933090,3.732279,0.000027,0.430561,1.0959,10.4891,4.0000,0.911437,5.122734,7.526685,7.576717,7.603911,3.082346,3.798512,2.148185,0.861096,5.334144,3.530860,1.036967,1.707682,8.607993,0.983616,8.875691,0.000027,3.095249,0.944967,1.896767
2026-06-03 17:02:10,257,0.933090,3.732279,0.000027,0.430561,1.0959,10.4891,4.0000,0.911437,5.122734,7.526685,7.576717,7.603911,3.082346,3.798512,2.148185,0.861096,5.334144,3.530860,1.036967,1.707682,8.607993,0.983616,8.875691,0.000027,3.095249,0.944967,1.896767
2026-06-03 17:02:10,258,0.933090,3.732279,0.000027,0.430561,1.0959,10.4891,4.0000,0.911437,5.122734,7.526685,7.576717,7.603911,3.082346,3.798512,2.148185,0.861096,5.334144,3.530860,1.036967,1.707682,8.607993,0.983616,8.875691,0.000027,3.095249,0.944967,1.896767
2026-06-03 17:02:11,259,0.933090,3.732279,0.000027,0.430561,1.0959,10.4891,4.0000,0.911437,5.122734,7.526685,7.576717,7.603911,3.082346,3.798512,2.148185,0.861096,5.334144,3.530860,1.036967,1.707682,8.607993,0.983616,8.875691,0.000027,3.095249,0.944967,1.896767
2026-06-03 17:02:12,260,0.933090,3.732279,0.000027,0.430561,1.0959,10.4891,4.0000,0.911437,5.122734,7.526685,7.576717,7.603911,3.082346,3.798512,2.148185,0.861096,5.334144,3.530860,1.036967,1.707682,8.607993,0.983616,8.875691,0.000027,3.095249,0.944967,1.896767
2026-06-03 17:02:12,261,0.933090,3.732279,0.000027,0.430561,1.0959,10.4891,4.0000,0.911437,5.122734,7.526685,7.576717,7.603911,3.082346,3.798512,2.148185,0.861096,5.334144,3.530860,1.036967,1.707682,8.607993,0.983616,8.875691,0.000027,3.095249,0.944967,1.896767
2026-06-03 17:02:13,262,0.933090,3.732279,0.000027,0.430561,1.0959,10.4891,4.0000,0.911437,5.122734,7.526685,7.576717,7.603911,3.082346,3.798512,2.148185,0.861096,5.334144,3.530860,1.036967,1.707682,8.607993,0.983616,8.875691,0.000027,3.095249,0.944967,1.896767
2026-06-03 17:02:14,263,0.933090,3.732279,0.000027,0.430561,1.0959,10.4891,4.0000,0.911437,5.122734,7.526685,7.576717,7.603911,3.082346,3.798512,2.148185,0.861096,5.334144,3.530860,1.036967,1.707682,8.607993,0.983616,8.875691,0.000027,3.095249,0.944967,1.896767
2026-06-03 17:02:14,264,0.933090,3.732279,0.000027,0.430561,1.0959,10.4891,4.0000,0.911437,5.122734,7.526685,7.576717,7.603911,3.082346,3.798512,2.148185,0.861096,5.334144,3.530860,1.036967,1.707682,8.607993,0.983616,8.875691,0.000027,3.095249,0.944967,1.896767
2026-06-03 17:02:15,265,0.933090,3.732279,0.000027,0.430561,1.0959,10.4891,4.0000,0.911437,5.122734,7.526685,7.576717,7.603911,3.082346,3.798512,2.148185,0.861096,5.334144,3.530860,1.036967,1.707682,8.607993,0.983616,8.875691,0.000027,3.095249,0.944967,1.896767
2026-06-03 17:02:16,266,0.933090,3.732279,0.000027,0.430561,1.0959,10.4891,4.0000,0.911437,5.122734,7.526685,7.576717,7.603911,3.082346,3.798512,2.148185,0.861096,5.334144,3.530860,1.036967,1.707682,8.607993,0.983616,8.875691,0.000027,3.095249,0.944967,1.896767
2026-06-03 17:02:16,267,0.933090,3.732279,0.000027,0.430561,1.0959,10.4891,4.0000,0.911437,5.122734,7.526685,7.576717,7.603911,3.082346,3.798512,2.148185,0.861096,5.334144,3.530860,1.036967,1.707682,8.607993,0.983616,8.875691,0.000027,3.095249,0.944967,1.896767
2026-06-03 17:02:17,268,0.933090,3.732279,0.000027,0.430561,1.0959,10.4891,4.0000,0.911437,5.122734,7.526685,7.576717,7.603911,3.082346,3.798512,2.148185,0.861096,5.334144,3.530860,1.036967,1.707682,8.607993,0.983616,8.875691,0.000027,3.095249,0.944967,1.896767
2026-06-03 17:02:18,269,0.933090,3.732279,0.000027,0.430561,1.0959,10.4891,4.0000,0.911437,5.122734,7.526685,7.576717,7.603911,3.082346,3.798512,2.148185,0.861096,5.334144,3.530860,1.036967,1.707682,8.607993,0.983616,8.875691,0.000027,3.095249,0.944967,1.896767
2026-06-03 17:02:18,270,0.933090,3.732279,0.000027,0.430561,1.0959,10.4891,4.0000,0.911437,5.122734,7.526685,7.576717,7.603911,3.082346,3.798512,2.148185,0.861096,5.334144,3.530860,1.036967,1.707682,8.607993,0.983616,8.875691,0.000027,3.095249,0.944967,1.896767
2026-06-03 17:02:19,271,0.933090,3.732279,0.000027,0.430561,1.0959,10.4891,4.0000,0.911437,5.122734,7.526685,7.576717,7.603911,3.082346,3.798512,2.148185,0.861096,5.334144,3.530860,1.036967,1.707682,8.607993,0.983616,8.875691,0.000027,3.095249,0.944967,1.896767
2026-06-03 17:02:20,272,0.933090,3.732279,0.000027,0.430561,1.0959,10.4891,4.0000,0.911437,5.122734,7.526685,7.576717,7.603911,3.082346,3.798512,2.148185,0.861096,5.334144,3.530860,1.036967,1.707682,8.607993,0.983616,8.875691,0.000027,3.095249,0.944967,1.896767
2026-06-03 17:02:20,273,0.933090,3.732279,0.000027,0.430561,1.0959,10.4891,4.0000,0.911437,5.122734,7.526685,7.576717,7.603911,3.082346,3.798512,2.148185,0.861096,5.334144,3.530860,1.036967,1.707682,8.607993,0.983616,8.875691,0.000027,3.095249,0.944967,1.896767
2026-06-03 17:02:21,274,0.933090,3.732279,0.000027,0.430561,1.0959,10.4891,4.0000,0.911437,5.122734,7.526685,7.576717,7.603911,3.082346,3.798512,2.148185,0.861096,5.334144,3.530860,1.036967,1.707682,8.607993,0.983616,8.875691,0.000027,3.095249,0.944967,1.896767
2026-06-03 17:02:22,275,0.933090,3.732279,0.000027,0.430561,1.0959,10.4891,4.0000,0.911437,5.122734,7.526685,7.576717,7.603911,3.082346,3.798512,2.148185,0.861096,5.334144,3.530860,1.036967,1.707682,8.607993,0.983616,8.875691,0.000027,3.095249,0.944967,1.896767
2026-06-03 17:02:22,276,0.933090,3.732279,0.000027,0.430561,1.0959,10.4891,4.0000,0.911437,5.122734,7.526685,7.576717,7.603911,3.082346,3.798512,2.148185,0.861096,5.334144,3.530860,1.036967,1.707682,8.607993,0.983616,8.875691,0.000027,3.095249,0.944967,1.896767
2026-06-03 17:02:23,277,0.933090,3.732279,0.000027,0.430561,1.0959,10.4891,4.0000,0.911437,5.122734,7.526685,7.576717,7.603911,3.082346,3.798512,2.148185,0.861096,5.334144,3.530860,1.036967,1.707682,8.607993,0.983616,8.875691,0.000027,3.095249,0.944967,1.896767
2026-06-03 17:02:23,278,0.933090,3.732279,0.000027,0.430561,1.0959,10.4891,4.0000,0.911437,5.122734,7.526685,7.576717,7.603911,3.082346,3.798512,2.148185,0.861096,5.334144,3.530860,1.036967,1.707682,8.607993,0.983616,8.875691,0.000027,3.095249,0.944967,1.896767
2026-06-03 17:02:24,279,0.933090,3.732279,0.000027,0.430561,1.0959,10.4891,4.0000,0.911437,5.122734,7.526685,7.576717,7.603911,3.082346,3.798512,2.148185,0.861096,5.334144,3.530860,1.036967,1.707682,8.607993,0.983616,8.875691,0.000027,3.095249,0.944967,1.896767
2026-06-03 17:02:25,280,0.933090,3.732279,0.000027,0.430561,1.0959,10.4891,4.0000,0.911437,5.122734,7.526685,7.576717,7.603911,3.082346,3.798512,2.148185,0.861096,5.334144,3.530860,1.036967,1.707682,8.607993,0.983616,8.875691,0.000027,3.095249,0.944967,1.896767
2026-06-03 17:02:25,281,0.933090,3.732279,0.000027,0.430561,1.0959,10.4891,4.0000,0.911437,5.122734,7.526685,7.576717,7.603911,3.082346,3.798512,2.148185,0.861096,5.334144,3.530860,1.036967,1.707682,8.607993,0.983616,8.875691,0.000027,3.095249,0.944967,1.896767
2026-06-03 17:02:26,282,0.933090,3.732279,0.000027,0.430561,1.0959,10.4891,4.0000,0.911437,5.122734,7.526685,7.576717,7.603911,3.082346,3.798512,2.148185,0.861096,5.334144,3.530860,1.036967,1.707682,8.607993,0.983616,8.875691,0.000027,3.095249,0.944967,1.896767
2026-06-03 17:02:27,283,0.933090,3.732279,0.000027,0.430561,1.0959,10.4891,4.0000,0.911437,5.122734,7.526685,7.576717,7.603911,3.082346,3.798512,2.148185,0.861096,5.334144,3.530860,1.036967,1.707682,8.607993,0.983616,8.875691,0.000027,3.095249,0.944967,1.896767
2026-06-03 17:02:27,284,0.933090,3.732279,0.000027,0.430561,1.0959,10.4891,4.0000,0.911437,5.122734,7.526685,7.576717,7.603911,3.082346,3.798512,2.148185,0.861096,5.334144,3.530860,1.036967,1.707682,8.607993,0.983616,8.875691,0.000027,3.095249,0.944967,1.896767
2026-06-03 17:02:28,285,0.933090,3.732279,0.000027,0.430561,1.0959,10.4891,4.0000,0.911437,5.122734,7.526685,7.576717,7.603911,3.082346,3.798512,2.148185,0.861096,5.334144,3.530860,1.036967,1.707682,8.607993,0.983616,8.875691,0.000027,3.095249,0.944967,1.896767
2026-06-03 17:02:29,286,0.933090,3.732279,0.000027,0.430561,1.0959,10.4891,4.0000,0.911437,5.122734,7.526685,7.576717,7.603911,3.082346,3.798512,2.148185,0.861096,5.334144,3.530860,1.036967,1.707682,8.607993,0.983616,8.875691,0.000027,3.095249,0.944967,1.896767
2026-06-03 17:02:29,287,0.933090,3.732279,0.000027,0.430561,1.0959,10.4891,4.0000,0.911437,5.122734,7.526685,7.576717,7.603911,3.082346,3.798512,2.148185,0.861096,5.334144,3.530860,1.036967,1.707682,8.607993,0.983616,8.875691,0.000027,3.095249,0.944967,1.896767
2026-06-03 17:02:30,288,0.933090,3.732279,0.000027,0.430561,1.0959,10.4891,4.0000,0.911437,5.122734,7.526685,7.576717,7.603911,3.082346,3.798512,2.148185,0.861096,5.334144,3.530860,1.036967,1.707682,8.607993,0.983616,8.875691,0.000027,3.095249,0.944967,1.896767
2026-06-03 17:02:31,289,0.933090,3.732279,0.000027,0.430561,1.0959,10.4891,4.0000,0.911437,5.122734,7.526685,7.576717,7.603911,3.082346,3.798512,2.148185,0.861096,5.334144,3.530860,1.036967,1.707682,8.607993,0.983616,8.875691,0.000027,3.095249,0.944967,1.896767
2026-06-03 17:02:31,290,0.933090,3.732279,0.000027,0.430561,1.0959,10.4891,4.0000,0.911437,5.122734,7.526685,7.576717,7.603911,3.082346,3.798512,2.148185,0.861096,5.334144,3.530860,1.036967,1.707682,8.607993,0.983616,8.875691,0.000027,3.095249,0.944967,1.896767
2026-06-03 17:02:32,291,0.933090,3.732279,0.000027,0.430561,1.0959,10.4891,4.0000,0.911437,5.122734,7.526685,7.576717,7.603911,3.082346,3.798512,2.148185,0.861096,5.334144,3.530860,1.036967,1.707682,8.607993,0.983616,8.875691,0.000027,3.095249,0.944967,1.896767
2026-06-03 17:02:32,292,0.933090,3.732279,0.000027,0.430561,1.0959,10.4891,4.0000,0.911437,5.122734,7.526685,7.576717,7.603911,3.082346,3.798512,2.148185,0.861096,5.334144,3.530860,1.036967,1.707682,8.607993,0.983616,8.875691,0.000027,3.095249,0.944967,1.896767
2026-06-03 17:02:33,293,0.933090,3.732279,0.000027,0.430561,1.0959,10.4891,4.0000,0.911437,5.122734,7.526685,7.576717,7.603911,3.082346,3.798512,2.148185,0.861096,5.334144,3.530860,1.036967,1.707682,8.607993,0.983616,8.875691,0.000027,3.095249,0.944967,1.896767
2026-06-03 17:02:34,294,0.933090,3.732279,0.000027,0.430561,1.0959,10.4891,4.0000,0.911437,5.122734,7.526685,7.576717,7.603911,3.082346,3.798512,2.148185,0.861096,5.334144,3.530860,1.036967,1.707682,8.607993,0.983616,8.875691,0.000027,3.095249,0.944967,1.896767
2026-06-03 17:02:34,295,0.933090,3.732279,0.000027,0.430561,1.0959,10.4891,4.0000,0.911437,5.122734,7.526685,7.576717,7.603911,3.082346,3.798512,2.148185,0.861096,5.334144,3.530860,1.036967,1.707682,8.607993,0.983616,8.875691,0.000027,3.095249,0.944967,1.896767
2026-06-03 17:02:35,296,0.933090,3.732279,0.000027,0.430561,1.0959,10.4891,4.0000,0.911437,5.122734,7.526685,7.576717,7.603911,3.082346,3.798512,2.148185,0.861096,5.334144,3.530860,1.036967,1.707682,8.607993,0.983616,8.875691,0.000027,3.095249,0.944967,1.896767
2026-06-03 17:02:36,297,0.933090,3.732279,0.000027,0.430561,1.0959,10.4891,4.0000,0.911437,5.122734,7.526685,7.576717,7.603911,3.082346,3.798512,2.148185,0.861096,5.334144,3.530860,1.036967,1.707682,8.607993,0.983616,8.875691,0.000027,3.095249,0.944967,1.896767
2026-06-03 17:02:36,298,0.933090,3.732279,0.000027,0.430561,1.0959,10.4891,4.0000,0.911437,5.122734,7.526685,7.576717,7.603911,3.082346,3.798512,2.148185,0.861096,5.334144,3.530860,1.036967,1.707682,8.607993,0.983616,8.875691,0.000027,3.095249,0.944967,1.896767
2026-06-03 17:02:37,299,0.933090,3.732279,0.000027,0.430561,1.0959,10.4891,4.0000,0.911437,5.122734,7.526685,7.576717,7.603911,3.082346,3.798512,2.148185,0.861096,5.334144,3.530860,1.036967,1.707682,8.607993,0.983616,8.875691,0.000027,3.095249,0.944967,1.896767
2026-06-03 17:02:38,300,0.933090,3.732279,0.000027,0.430561,1.0959,10.4891,4.0000,0.911437,5.122734,7.526685,7.576717,7.603911,3.082346,3.798512,2.148185,0.861096,5.334144,3.530860,1.036967,1.707682,8.607993,0.983616,8.875691,0.000027,3.095249,0.944967,1.896767
2026-06-03 17:02:38,301,0.933090,3.732279,0.000027,0.430561,1.0959,10.4891,4.0000,0.911437,5.122734,7.526685,7.576717,7.603911,3.082346,3.798512,2.148185,0.861096,5.334144,3.530860,1.036967,1.707682,8.607993,0.983616,8.875691,0.000027,3.095249,0.944967,1.896767
2026-06-03 17:02:39,302,0.933090,3.732279,0.000027,0.430561,1.0959,10.4891,4.0000,0.911437,5.122734,7.526685,7.576717,7.603911,3.082346,3.798512,2.148185,0.861096,5.334144,3.530860,1.036967,1.707682,8.607993,0.983616,8.875691,0.000027,3.095249,0.944967,1.896767
2026-06-03 17:02:39,303,0.933090,3.732279,0.000027,0.430561,1.0959,10.4891,4.0000,0.911437,5.122734,7.526685,7.576717,7.603911,3.082346,3.798512,2.148185,0.861096,5.334144,3.530860,1.036967,1.707682,8.607993,0.983616,8.875691,0.000027,3.095249,0.944967,1.896767
2026-06-03 17:02:40,304,0.933090,3.732279,0.000027,0.430561,1.0959,10.4891,4.0000,0.911437,5.122734,7.526685,7.576717,7.603911,3.082346,3.798512,2.148185,0.861096,5.334144,3.530860,1.036967,1.707682,8.607993,0.983616,8.875691,0.000027,3.095249,0.944967,1.896767
2026-06-03 17:02:40,305,0.933090,3.732279,0.000027,0.430561,1.0959,10.4891,4.0000,0.911437,5.122734,7.526685,7.576717,7.603911,3.082346,3.798512,2.148185,0.861096,5.334144,3.530860,1.036967,1.707682,8.607993,0.983616,8.875691,0.000027,3.095249,0.944967,1.896767
2026-06-03 17:02:41,306,0.933090,3.732279,0.000027,0.430561,1.0959,10.4891,4.0000,0.911437,5.122734,7.526685,7.576717,7.603911,3.082346,3.798512,2.148185,0.861096,5.334144,3.530860,1.036967,1.707682,8.607993,0.983616,8.875691,0.000027,3.095249,0.944967,1.896767
2026-06-03 17:02:41,307,0.933090,3.732279,0.000027,0.430561,1.0959,10.4891,4.0000,0.911437,5.122734,7.526685,7.576717,7.603911,3.082346,3.798512,2.148185,0.861096,5.334144,3.530860,1.036967,1.707682,8.607993,0.983616,8.875691,0.000027,3.095249,0.944967,1.896767
2026-06-03 17:02:41,308,0.933090,3.732279,0.000027,0.430561,1.0959,10.4891,4.0000,0.911437,5.122734,7.526685,7.576717,7.603911,3.082346,3.798512,2.148185,0.861096,5.334144,3.530860,1.036967,1.707682,8.607993,0.983616,8.875691,0.000027,3.095249,0.944967,1.896767
2026-06-03 17:02:42,309,0.933090,3.732279,0.000027,0.430561,1.0959,10.4891,4.0000,0.911437,5.122734,7.526685,7.576717,7.603911,3.082346,3.798512,2.148185,0.861096,5.334144,3.530860,1.036967,1.707682,8.607993,0.983616,8.875691,0.000027,3.095249,0.944967,1.896767
2026-06-03 17:02:42,310,0.933090,3.732279,0.000027,0.430561,1.0959,10.4891,4.0000,0.911437,5.122734,7.526685,7.576717,7.603911,3.082346,3.798512,2.148185,0.861096,5.334144,3.530860,1.036967,1.707682,8.607993,0.983616,8.875691,0.000027,3.095249,0.944967,1.896767
2026-06-03 17:02:43,311,0.933090,3.732279,0.000027,0.430561,1.0959,10.4891,4.0000,0.911437,5.122734,7.526685,7.576717,7.603911,3.082346,3.798512,2.148185,0.861096,5.334144,3.530860,1.036967,1.707682,8.607993,0.983616,8.875691,0.000027,3.095249,0.944967,1.896767
2026-06-03 17:02:43,312,0.933090,3.732279,0.000027,0.430561,1.0959,10.4891,4.0000,0.911437,5.122734,7.526685,7.576717,7.603911,3.082346,3.798512,2.148185,0.861096,5.334144,3.530860,1.036967,1.707682,8.607993,0.983616,8.875691,0.000027,3.095249,0.944967,1.896767
2026-06-03 17:02:44,313,0.933090,3.732279,0.000027,0.430561,1.0959,10.4891,4.0000,0.911437,5.122734,7.526685,7.576717,7.603911,3.082346,3.798512,2.148185,0.861096,5.334144,3.530860,1.036967,1.707682,8.607993,0.983616,8.875691,0.000027,3.095249,0.944967,1.896767
2026-06-03 17:02:44,314,0.933090,3.732279,0.000027,0.430561,1.0959,10.4891,4.0000,0.911437,5.122734,7.526685,7.576717,7.603911,3.082346,3.798512,2.148185,0.861096,5.334144,3.530860,1.036967,1.707682,8.607993,0.983616,8.875691,0.000027,3.095249,0.944967,1.896767
2026-06-03 17:02:45,315,0.933090,3.732279,0.000027,0.430561,1.0959,10.4891,4.0000,0.911437,5.122734,7.526685,7.576717,7.603911,3.082346,3.798512,2.148185,0.861096,5.334144,3.530860,1.036967,1.707682,8.607993,0.983616,8.875691,0.000027,3.095249,0.944967,1.896767
2026-06-03 17:02:45,316,0.933090,3.732279,0.000027,0.430561,1.0959,10.4891,4.0000,0.911437,5.122734,7.526685,7.576717,7.603911,3.082346,3.798512,2.148185,0.861096,5.334144,3.530860,1.036967,1.707682,8.607993,0.983616,8.875691,0.000027,3.095249,0.944967,1.896767
2026-06-03 17:02:46,317,0.933090,3.732279,0.000027,0.430561,1.0959,10.4891,4.0000,0.911437,5.122734,7.526685,7.576717,7.603911,3.082346,3.798512,2.148185,0.861096,5.334144,3.530860,1.036967,1.707682,8.607993,0.983616,8.875691,0.000027,3.095249,0.944967,1.896767
2026-06-03 17:02:46,318,0.933090,3.732279,0.000027,0.430561,1.0959,10.4891,4.0000,0.911437,5.122734,7.526685,7.576717,7.603911,3.082346,3.798512,2.148185,0.861096,5.334144,3.530860,1.036967,1.707682,8.607993,0.983616,8.875691,0.000027,3.095249,0.944967,1.896767
2026-06-03 17:02:46,319,0.933090,3.732279,0.000027,0.430561,1.0959,10.4891,4.0000,0.911437,5.122734,7.526685,7.576717,7.603911,3.082346,3.798512,2.148185,0.861096,5.334144,3.530860,1.036967,1.707682,8.607993,0.983616,8.875691,0.000027,3.095249,0.944967,1.896767
2026-06-03 17:02:47,320,0.933090,3.732279,0.000027,0.430561,1.0959,10.4891,4.0000,0.911437,5.122734,7.526685,7.576717,7.603911,3.082346,3.798512,2.148185,0.861096,5.334144,3.530860,1.036967,1.707682,8.607993,0.983616,8.875691,0.000027,3.095249,0.944967,1.896767
2026-06-03 17:02:47,321,0.933090,3.732279,0.000027,0.430561,1.0959,10.4891,4.0000,0.911437,5.122734,7.526685,7.576717,7.603911,3.082346,3.798512,2.148185,0.861096,5.334144,3.530860,1.036967,1.707682,8.607993,0.983616,8.875691,0.000027,3.095249,0.944967,1.896767
2026-06-03 17:02:48,322,0.933090,3.732279,0.000027,0.430561,1.0959,10.4891,4.0000,0.911437,5.122734,7.526685,7.576717,7.603911,3.082346,3.798512,2.148185,0.861096,5.334144,3.530860,1.036967,1.707682,8.607993,0.983616,8.875691,0.000027,3.095249,0.944967,1.896767
2026-06-03 17:02:48,323,0.933090,3.732279,0.000027,0.430561,1.0959,10.4891,4.0000,0.911437,5.122734,7.526685,7.576717,7.603911,3.082346,3.798512,2.148185,0.861096,5.334144,3.530860,1.036967,1.707682,8.607993,0.983616,8.875691,0.000027,3.095249,0.944967,1.896767
2026-06-03 17:02:49,324,0.933090,3.732279,0.000027,0.430561,1.0959,10.4891,4.0000,0.911437,5.122734,7.526685,7.576717,7.603911,3.082346,3.798512,2.148185,0.861096,5.334144,3.530860,1.036967,1.707682,8.607993,0.983616,8.875691,0.000027,3.095249,0.944967,1.896767
2026-06-03 17:02:49,325,0.933090,3.732279,0.000027,0.430561,1.0959,10.4891,4.0000,0.911437,5.122734,7.526685,7.576717,7.603911,3.082346,3.798512,2.148185,0.861096,5.334144,3.530860,1.036967,1.707682,8.607993,0.983616,8.875691,0.000027,3.095249,0.944967,1.896767
2026-06-03 17:02:50,326,0.933090,3.732279,0.000027,0.430561,1.0959,10.4891,4.0000,0.911437,5.122734,7.526685,7.576717,7.603911,3.082346,3.798512,2.148185,0.861096,5.334144,3.530860,1.036967,1.707682,8.607993,0.983616,8.875691,0.000027,3.095249,0.944967,1.896767
2026-06-03 17:02:50,327,0.933090,3.732279,0.000027,0.430561,1.0959,10.4891,4.0000,0.911437,5.122734,7.526685,7.576717,7.603911,3.082346,3.798512,2.148185,0.861096,5.334144,3.530860,1.036967,1.707682,8.607993,0.983616,8.875691,0.000027,3.095249,0.944967,1.896767
2026-06-03 17:02:51,328,0.933090,3.732279,0.000027,0.430561,1.0959,10.4891,4.0000,0.911437,5.122734,7.526685,7.576717,7.603911,3.082346,3.798512,2.148185,0.861096,5.334144,3.530860,1.036967,1.707682,8.607993,0.983616,8.875691,0.000027,3.095249,0.944967,1.896767
2026-06-03 17:02:51,329,0.933090,3.732279,0.000027,0.430561,1.0959,10.4891,4.0000,0.911437,5.122734,7.526685,7.576717,7.603911,3.082346,3.798512,2.148185,0.861096,5.334144,3.530860,1.036967,1.707682,8.607993,0.983616,8.875691,0.000027,3.095249,0.944967,1.896767
2026-06-03 17:02:51,330,0.933090,3.732279,0.000027,0.430561,1.0959,10.4891,4.0000,0.911437,5.122734,7.526685,7.576717,7.603911,3.082346,3.798512,2.148185,0.861096,5.334144,3.530860,1.036967,1.707682,8.607993,0.983616,8.875691,0.000027,3.095249,0.944967,1.896767
2026-06-03 17:02:52,331,0.933090,3.732279,0.000027,0.430561,1.0959,10.4891,4.0000,0.911437,5.122734,7.526685,7.576717,7.603911,3.082346,3.798512,2.148185,0.861096,5.334144,3.530860,1.036967,1.707682,8.607993,0.983616,8.875691,0.000027,3.095249,0.944967,1.896767
2026-06-03 17:02:52,332,0.933090,3.732279,0.000027,0.430561,1.0959,10.4891,4.0000,0.911437,5.122734,7.526685,7.576717,7.603911,3.082346,3.798512,2.148185,0.861096,5.334144,3.530860,1.036967,1.707682,8.607993,0.983616,8.875691,0.000027,3.095249,0.944967,1.896767
2026-06-03 17:02:53,333,0.933090,3.732279,0.000027,0.430561,1.0959,10.4891,4.0000,0.911437,5.122734,7.526685,7.576717,7.603911,3.082346,3.798512,2.148185,0.861096,5.334144,3.530860,1.036967,1.707682,8.607993,0.983616,8.875691,0.000027,3.095249,0.944967,1.896767
2026-06-03 17:02:53,334,0.933090,3.732279,0.000027,0.430561,1.0959,10.4891,4.0000,0.911437,5.122734,7.526685,7.576717,7.603911,3.082346,3.798512,2.148185,0.861096,5.334144,3.530860,1.036967,1.707682,8.607993,0.983616,8.875691,0.000027,3.095249,0.944967,1.896767
2026-06-03 17:02:54,335,0.933090,3.732279,0.000027,0.430561,1.0959,10.4891,4.0000,0.911437,5.122734,7.526685,7.576717,7.603911,3.082346,3.798512,2.148185,0.861096,5.334144,3.530860,1.036967,1.707682,8.607993,0.983616,8.875691,0.000027,3.095249,0.944967,1.896767
2026-06-03 17:02:54,336,0.933090,3.732279,0.000027,0.430561,1.0959,10.4891,4.0000,0.911437,5.122734,7.526685,7.576717,7.603911,3.082346,3.798512,2.148185,0.861096,5.334144,3.530860,1.036967,1.707682,8.607993,0.983616,8.875691,0.000027,3.095249,0.944967,1.896767
2026-06-03 17:02:55,337,0.933090,3.732279,0.000027,0.430561,1.0959,10.4891,4.0000,0.911437,5.122734,7.526685,7.576717,7.603911,3.082346,3.798512,2.148185,0.861096,5.334144,3.530860,1.036967,1.707682,8.607993,0.983616,8.875691,0.000027,3.095249,0.944967,1.896767
2026-06-03 17:02:55,338,0.933097,3.732308,0.000027,0.430681,1.0852,10.4838,4.0000,0.911689,5.122175,7.526620,7.576649,7.603838,3.082355,3.798257,2.148352,0.861336,5.334217,3.530702,1.037219,1.707928,8.607897,0.983875,8.875534,0.000027,3.095287,0.945220,1.896987
2026-06-03 17:02:56,339,0.933097,3.732308,0.000027,0.430681,1.0852,10.4838,4.0000,0.911689,5.122175,7.526620,7.576649,7.603838,3.082355,3.798257,2.148352,0.861336,5.334217,3.530702,1.037219,1.707928,8.607897,0.983875,8.875534,0.000027,3.095287,0.945220,1.896987
2026-06-03 17:02:56,340,0.933097,3.732308,0.000027,0.430681,1.0852,10.4838,4.0000,0.911689,5.122175,7.526620,7.576649,7.603838,3.082355,3.798257,2.148352,0.861336,5.334217,3.530702,1.037219,1.707928,8.607897,0.983875,8.875534,0.000027,3.095287,0.945220,1.896987
2026-06-03 17:02:56,341,0.933097,3.732308,0.000027,0.430681,1.0852,10.4838,4.0000,0.911689,5.122175,7.526620,7.576649,7.603838,3.082355,3.798257,2.148352,0.861336,5.334217,3.530702,1.037219,1.707928,8.607897,0.983875,8.875534,0.000027,3.095287,0.945220,1.896987
2026-06-03 17:02:57,342,0.933097,3.732308,0.000027,0.430681,1.0852,10.4838,4.0000,0.911689,5.122175,7.526620,7.576649,7.603838,3.082355,3.798257,2.148352,0.861336,5.334217,3.530702,1.037219,1.707928,8.607897,0.983875,8.875534,0.000027,3.095287,0.945220,1.896987
2026-06-03 17:02:57,343,0.933097,3.732308,0.000027,0.430681,1.0852,10.4838,4.0000,0.911689,5.122175,7.526620,7.576649,7.603838,3.082355,3.798257,2.148352,0.861336,5.334217,3.530702,1.037219,1.707928,8.607897,0.983875,8.875534,0.000027,3.095287,0.945220,1.896987
2026-06-03 17:02:58,344,0.933097,3.732308,0.000027,0.430681,1.0852,10.4838,4.0000,0.911689,5.122175,7.526620,7.576649,7.603838,3.082355,3.798257,2.148352,0.861336,5.334217,3.530702,1.037219,1.707928,8.607897,0.983875,8.875534,0.000027,3.095287,0.945220,1.896987
2026-06-03 17:02:58,345,0.933097,3.732308,0.000027,0.430681,1.0852,10.4838,4.0000,0.911689,5.122175,7.526620,7.576649,7.603838,3.082355,3.798257,2.148352,0.861336,5.334217,3.530702,1.037219,1.707928,8.607897,0.983875,8.875534,0.000027,3.095287,0.945220,1.896987
2026-06-03 17:02:59,346,0.933097,3.732308,0.000027,0.430681,1.0852,10.4838,4.0000,0.911689,5.122175,7.526620,7.576649,7.603838,3.082355,3.798257,2.148352,0.861336,5.334217,3.530702,1.037219,1.707928,8.607897,0.983875,8.875534,0.000027,3.095287,0.945220,1.896987
2026-06-03 17:02:59,347,0.933097,3.732308,0.000027,0.430681,1.0852,10.4838,4.0000,0.911689,5.122175,7.526620,7.576649,7.603838,3.082355,3.798257,2.148352,0.861336,5.334217,3.530702,1.037219,1.707928,8.607897,0.983875,8.875534,0.000027,3.095287,0.945220,1.896987
2026-06-03 17:03:00,348,0.933097,3.732308,0.000027,0.430681,1.0852,10.4838,4.0000,0.911689,5.122175,7.526620,7.576649,7.603838,3.082355,3.798257,2.148352,0.861336,5.334217,3.530702,1.037219,1.707928,8.607897,0.983875,8.875534,0.000027,3.095287,0.945220,1.896987
2026-06-03 17:03:00,349,0.933097,3.732308,0.000027,0.430681,1.0852,10.4838,4.0000,0.911689,5.122175,7.526620,7.576649,7.603838,3.082355,3.798257,2.148352,0.861336,5.334217,3.530702,1.037219,1.707928,8.607897,0.983875,8.875534,0.000027,3.095287,0.945220,1.896987
2026-06-03 17:03:01,350,0.933097,3.732308,0.000027,0.430681,1.0852,10.4838,4.0000,0.911689,5.122175,7.526620,7.576649,7.603838,3.082355,3.798257,2.148352,0.861336,5.334217,3.530702,1.037219,1.707928,8.607897,0.983875,8.875534,0.000027,3.095287,0.945220,1.896987
2026-06-03 17:03:01,351,0.933097,3.732308,0.000027,0.430681,1.0852,10.4838,4.0000,0.911689,5.122175,7.526620,7.576649,7.603838,3.082355,3.798257,2.148352,0.861336,5.334217,3.530702,1.037219,1.707928,8.607897,0.983875,8.875534,0.000027,3.095287,0.945220,1.896987
2026-06-03 17:03:02,352,0.933097,3.732308,0.000027,0.430681,1.0852,10.4838,4.0000,0.911689,5.122175,7.526620,7.576649,7.603838,3.082355,3.798257,2.148352,0.861336,5.334217,3.530702,1.037219,1.707928,8.607897,0.983875,8.875534,0.000027,3.095287,0.945220,1.896987
2026-06-03 17:03:02,353,0.933097,3.732308,0.000027,0.430681,1.0852,10.4838,4.0000,0.911689,5.122175,7.526620,7.576649,7.603838,3.082355,3.798257,2.148352,0.861336,5.334217,3.530702,1.037219,1.707928,8.607897,0.983875,8.875534,0.000027,3.095287,0.945220,1.896987
2026-06-03 17:03:03,354,0.933097,3.732308,0.000027,0.430681,1.0852,10.4838,4.0000,0.911689,5.122175,7.526620,7.576649,7.603838,3.082355,3.798257,2.148352,0.861336,5.334217,3.530702,1.037219,1.707928,8.607897,0.983875,8.875534,0.000027,3.095287,0.945220,1.896987
2026-06-03 17:03:03,355,0.933097,3.732308,0.000027,0.430681,1.0852,10.4838,4.0000,0.911689,5.122175,7.526620,7.576649,7.603838,3.082355,3.798257,2.148352,0.861336,5.334217,3.530702,1.037219,1.707928,8.607897,0.983875,8.875534,0.000027,3.095287,0.945220,1.896987
2026-06-03 17:03:03,356,0.933097,3.732308,0.000027,0.430681,1.0852,10.4838,4.0000,0.911689,5.122175,7.526620,7.576649,7.603838,3.082355,3.798257,2.148352,0.861336,5.334217,3.530702,1.037219,1.707928,8.607897,0.983875,8.875534,0.000027,3.095287,0.945220,1.896987
2026-06-03 17:03:04,357,0.933098,3.732312,0.000027,0.430502,1.1043,10.4868,4.0000,0.911324,5.123349,7.526718,7.576759,7.603938,3.082478,3.798760,2.148129,0.860977,5.334110,3.531053,1.036847,1.707607,8.607966,0.983504,8.875743,0.000027,3.095402,0.944853,1.896704
2026-06-03 17:03:04,358,0.933098,3.732312,0.000027,0.430502,1.1043,10.4868,4.0000,0.911324,5.123349,7.526718,7.576759,7.603938,3.082478,3.798760,2.148129,0.860977,5.334110,3.531053,1.036847,1.707607,8.607966,0.983504,8.875743,0.000027,3.095402,0.944853,1.896704
2026-06-03 17:03:05,359,0.933098,3.732312,0.000027,0.430502,1.1043,10.4868,4.0000,0.911324,5.123349,7.526718,7.576759,7.603938,3.082478,3.798760,2.148129,0.860977,5.334110,3.531053,1.036847,1.707607,8.607966,0.983504,8.875743,0.000027,3.095402,0.944853,1.896704
2026-06-03 17:03:05,360,0.933098,3.732312,0.000027,0.430502,1.1043,10.4868,4.0000,0.911324,5.123349,7.526718,7.576759,7.603938,3.082478,3.798760,2.148129,0.860977,5.334110,3.531053,1.036847,1.707607,8.607966,0.983504,8.875743,0.000027,3.095402,0.944853,1.896704
2026-06-03 17:03:06,361,0.933098,3.732312,0.000027,0.430502,1.1043,10.4868,4.0000,0.911324,5.123349,7.526718,7.576759,7.603938,3.082478,3.798760,2.148129,0.860977,5.334110,3.531053,1.036847,1.707607,8.607966,0.983504,8.875743,0.000027,3.095402,0.944853,1.896704
2026-06-03 17:03:06,362,0.933098,3.732312,0.000027,0.430502,1.1043,10.4868,4.0000,0.911324,5.123349,7.526718,7.576759,7.603938,3.082478,3.798760,2.148129,0.860977,5.334110,3.531053,1.036847,1.707607,8.607966,0.983504,8.875743,0.000027,3.095402,0.944853,1.896704
2026-06-03 17:03:07,363,0.933098,3.732312,0.000027,0.430502,1.1043,10.4868,4.0000,0.911324,5.123349,7.526718,7.576759,7.603938,3.082478,3.798760,2.148129,0.860977,5.334110,3.531053,1.036847,1.707607,8.607966,0.983504,8.875743,0.000027,3.095402,0.944853,1.896704
2026-06-03 17:03:07,364,0.933098,3.732312,0.000027,0.430502,1.1043,10.4868,4.0000,0.911324,5.123349,7.526718,7.576759,7.603938,3.082478,3.798760,2.148129,0.860977,5.334110,3.531053,1.036847,1.707607,8.607966,0.983504,8.875743,0.000027,3.095402,0.944853,1.896704
2026-06-03 17:03:08,365,0.933098,3.732312,0.000027,0.430502,1.1043,10.4868,4.0000,0.911324,5.123349,7.526718,7.576759,7.603938,3.082478,3.798760,2.148129,0.860977,5.334110,3.531053,1.036847,1.707607,8.607966,0.983504,8.875743,0.000027,3.095402,0.944853,1.896704
2026-06-03 17:03:08,366,0.933098,3.732312,0.000027,0.430502,1.1043,10.4868,4.0000,0.911324,5.123349,7.526718,7.576759,7.603938,3.082478,3.798760,2.148129,0.860977,5.334110,3.531053,1.036847,1.707607,8.607966,0.983504,8.875743,0.000027,3.095402,0.944853,1.896704
2026-06-03 17:03:09,367,0.933098,3.732312,0.000027,0.430502,1.1043,10.4868,4.0000,0.911324,5.123349,7.526718,7.576759,7.603938,3.082478,3.798760,2.148129,0.860977,5.334110,3.531053,1.036847,1.707607,8.607966,0.983504,8.875743,0.000027,3.095402,0.944853,1.896704
2026-06-03 17:03:09,368,0.933098,3.732312,0.000027,0.430502,1.1043,10.4868,4.0000,0.911324,5.123349,7.526718,7.576759,7.603938,3.082478,3.798760,2.148129,0.860977,5.334110,3.531053,1.036847,1.707607,8.607966,0.983504,8.875743,0.000027,3.095402,0.944853,1.896704
2026-06-03 17:03:10,369,0.933098,3.732312,0.000027,0.430502,1.1043,10.4868,4.0000,0.911324,5.123349,7.526718,7.576759,7.603938,3.082478,3.798760,2.148129,0.860977,5.334110,3.531053,1.036847,1.707607,8.607966,0.983504,8.875743,0.000027,3.095402,0.944853,1.896704
2026-06-03 17:03:10,370,0.933098,3.732312,0.000027,0.430502,1.1043,10.4868,4.0000,0.911324,5.123349,7.526718,7.576759,7.603938,3.082478,3.798760,2.148129,0.860977,5.334110,3.531053,1.036847,1.707607,8.607966,0.983504,8.875743,0.000027,3.095402,0.944853,1.896704
2026-06-03 17:03:10,371,0.933098,3.732312,0.000027,0.430502,1.1043,10.4868,4.0000,0.911324,5.123349,7.526718,7.576759,7.603938,3.082478,3.798760,2.148129,0.860977,5.334110,3.531053,1.036847,1.707607,8.607966,0.983504,8.875743,0.000027,3.095402,0.944853,1.896704
2026-06-03 17:03:11,372,0.933098,3.732312,0.000027,0.430502,1.1043,10.4868,4.0000,0.911324,5.123349,7.526718,7.576759,7.603938,3.082478,3.798760,2.148129,0.860977,5.334110,3.531053,1.036847,1.707607,8.607966,0.983504,8.875743,0.000027,3.095402,0.944853,1.896704
2026-06-03 17:03:11,373,0.933098,3.732312,0.000027,0.430502,1.1043,10.4868,4.0000,0.911324,5.123349,7.526718,7.576759,7.603938,3.082478,3.798760,2.148129,0.860977,5.334110,3.531053,1.036847,1.707607,8.607966,0.983504,8.875743,0.000027,3.095402,0.944853,1.896704
2026-06-03 17:03:12,374,0.933098,3.732312,0.000027,0.430502,1.1043,10.4868,4.0000,0.911324,5.123349,7.526718,7.576759,7.603938,3.082478,3.798760,2.148129,0.860977,5.334110,3.531053,1.036847,1.707607,8.607966,0.983504,8.875743,0.000027,3.095402,0.944853,1.896704
2026-06-03 17:03:12,375,0.933098,3.732312,0.000027,0.430502,1.1043,10.4868,4.0000,0.911324,5.123349,7.526718,7.576759,7.603938,3.082478,3.798760,2.148129,0.860977,5.334110,3.531053,1.036847,1.707607,8.607966,0.983504,8.875743,0.000027,3.095402,0.944853,1.896704
2026-06-03 17:03:13,376,0.933098,3.732312,0.000027,0.430502,1.1043,10.4868,4.0000,0.911324,5.123349,7.526718,7.576759,7.603938,3.082478,3.798760,2.148129,0.860977,5.334110,3.531053,1.036847,1.707607,8.607966,0.983504,8.875743,0.000027,3.095402,0.944853,1.896704
2026-06-03 17:03:13,377,0.933098,3.732312,0.000027,0.430502,1.1043,10.4868,4.0000,0.911324,5.123349,7.526718,7.576759,7.603938,3.082478,3.798760,2.148129,0.860977,5.334110,3.531053,1.036847,1.707607,8.607966,0.983504,8.875743,0.000027,3.095402,0.944853,1.896704
2026-06-03 17:03:14,378,0.933098,3.732312,0.000027,0.430502,1.1043,10.4868,4.0000,0.911324,5.123349,7.526718,7.576759,7.603938,3.082478,3.798760,2.148129,0.860977,5.334110,3.531053,1.036847,1.707607,8.607966,0.983504,8.875743,0.000027,3.095402,0.944853,1.896704
2026-06-03 17:03:14,379,0.933098,3.732312,0.000027,0.430502,1.1043,10.4868,4.0000,0.911324,5.123349,7.526718,7.576759,7.603938,3.082478,3.798760,2.148129,0.860977,5.334110,3.531053,1.036847,1.707607,8.607966,0.983504,8.875743,0.000027,3.095402,0.944853,1.896704
2026-06-03 17:03:15,380,0.933098,3.732312,0.000027,0.430502,1.1043,10.4868,4.0000,0.911324,5.123349,7.526718,7.576759,7.603938,3.082478,3.798760,2.148129,0.860977,5.334110,3.531053,1.036847,1.707607,8.607966,0.983504,8.875743,0.000027,3.095402,0.944853,1.896704
2026-06-03 17:03:15,381,0.933098,3.732312,0.000027,0.430502,1.1043,10.4868,4.0000,0.911324,5.123349,7.526718,7.576759,7.603938,3.082478,3.798760,2.148129,0.860977,5.334110,3.531053,1.036847,1.707607,8.607966,0.983504,8.875743,0.000027,3.095402,0.944853,1.896704
2026-06-03 17:03:16,382,0.933098,3.732312,0.000027,0.430502,1.1043,10.4868,4.0000,0.911324,5.123349,7.526718,7.576759,7.603938,3.082478,3.798760,2.148129,0.860977,5.334110,3.531053,1.036847,1.707607,8.607966,0.983504,8.875743,0.000027,3.095402,0.944853,1.896704
2026-06-03 17:03:16,383,0.933098,3.732312,0.000027,0.430502,1.1043,10.4868,4.0000,0.911324,5.123349,7.526718,7.576759,7.603938,3.082478,3.798760,2.148129,0.860977,5.334110,3.531053,1.036847,1.707607,8.607966,0.983504,8.875743,0.000027,3.095402,0.944853,1.896704
2026-06-03 17:03:16,384,0.933098,3.732312,0.000027,0.430502,1.1043,10.4868,4.0000,0.911324,5.123349,7.526718,7.576759,7.603938,3.082478,3.798760,2.148129,0.860977,5.334110,3.531053,1.036847,1.707607,8.607966,0.983504,8.875743,0.000027,3.095402,0.944853,1.896704
2026-06-03 17:03:17,385,0.933098,3.732312,0.000027,0.430502,1.1043,10.4868,4.0000,0.911324,5.123349,7.526718,7.576759,7.603938,3.082478,3.798760,2.148129,0.860977,5.334110,3.531053,1.036847,1.707607,8.607966,0.983504,8.875743,0.000027,3.095402,0.944853,1.896704
2026-06-03 17:03:17,386,0.933098,3.732312,0.000027,0.430502,1.1043,10.4868,4.0000,0.911324,5.123349,7.526718,7.576759,7.603938,3.082478,3.798760,2.148129,0.860977,5.334110,3.531053,1.036847,1.707607,8.607966,0.983504,8.875743,0.000027,3.095402,0.944853,1.896704
2026-06-03 17:03:18,387,0.933098,3.732312,0.000027,0.430502,1.1043,10.4868,4.0000,0.911324,5.123349,7.526718,7.576759,7.603938,3.082478,3.798760,2.148129,0.860977,5.334110,3.531053,1.036847,1.707607,8.607966,0.983504,8.875743,0.000027,3.095402,0.944853,1.896704
2026-06-03 17:03:18,388,0.933098,3.732312,0.000027,0.430502,1.1043,10.4868,4.0000,0.911324,5.123349,7.526718,7.576759,7.603938,3.082478,3.798760,2.148129,0.860977,5.334110,3.531053,1.036847,1.707607,8.607966,0.983504,8.875743,0.000027,3.095402,0.944853,1.896704
2026-06-03 17:03:19,389,0.933098,3.732312,0.000027,0.430502,1.1043,10.4868,4.0000,0.911324,5.123349,7.526718,7.576759,7.603938,3.082478,3.798760,2.148129,0.860977,5.334110,3.531053,1.036847,1.707607,8.607966,0.983504,8.875743,0.000027,3.095402,0.944853,1.896704
2026-06-03 17:03:19,390,0.933098,3.732312,0.000027,0.430502,1.1043,10.4868,4.0000,0.911324,5.123349,7.526718,7.576759,7.603938,3.082478,3.798760,2.148129,0.860977,5.334110,3.531053,1.036847,1.707607,8.607966,0.983504,8.875743,0.000027,3.095402,0.944853,1.896704
2026-06-03 17:03:20,391,0.933098,3.732312,0.000027,0.430502,1.1043,10.4868,4.0000,0.911324,5.123349,7.526718,7.576759,7.603938,3.082478,3.798760,2.148129,0.860977,5.334110,3.531053,1.036847,1.707607,8.607966,0.983504,8.875743,0.000027,3.095402,0.944853,1.896704
2026-06-03 17:03:20,392,0.933098,3.732312,0.000027,0.430502,1.1043,10.4868,4.0000,0.911324,5.123349,7.526718,7.576759,7.603938,3.082478,3.798760,2.148129,0.860977,5.334110,3.531053,1.036847,1.707607,8.607966,0.983504,8.875743,0.000027,3.095402,0.944853,1.896704
2026-06-03 17:03:21,393,0.933098,3.732312,0.000027,0.430502,1.1043,10.4868,4.0000,0.911324,5.123349,7.526718,7.576759,7.603938,3.082478,3.798760,2.148129,0.860977,5.334110,3.531053,1.036847,1.707607,8.607966,0.983504,8.875743,0.000027,3.095402,0.944853,1.896704
2026-06-03 17:03:21,394,0.933098,3.732312,0.000027,0.430502,1.1043,10.4868,4.0000,0.911324,5.123349,7.526718,7.576759,7.603938,3.082478,3.798760,2.148129,0.860977,5.334110,3.531053,1.036847,1.707607,8.607966,0.983504,8.875743,0.000027,3.095402,0.944853,1.896704
2026-06-03 17:03:22,395,0.933098,3.732312,0.000027,0.430502,1.1043,10.4868,4.0000,0.911324,5.123349,7.526718,7.576759,7.603938,3.082478,3.798760,2.148129,0.860977,5.334110,3.531053,1.036847,1.707607,8.607966,0.983504,8.875743,0.000027,3.095402,0.944853,1.896704
2026-06-03 17:03:22,396,0.933098,3.732312,0.000027,0.430502,1.1043,10.4868,4.0000,0.911324,5.123349,7.526718,7.576759,7.603938,3.082478,3.798760,2.148129,0.860977,5.334110,3.531053,1.036847,1.707607,8.607966,0.983504,8.875743,0.000027,3.095402,0.944853,1.896704
2026-06-03 17:03:23,397,0.933098,3.732312,0.000027,0.430502,1.1043,10.4868,4.0000,0.911324,5.123349,7.526718,7.576759,7.603938,3.082478,3.798760,2.148129,0.860977,5.334110,3.531053,1.036847,1.707607,8.607966,0.983504,8.875743,0.000027,3.095402,0.944853,1.896704
2026-06-03 17:03:23,398,0.933098,3.732312,0.000027,0.430502,1.1043,10.4868,4.0000,0.911324,5.123349,7.526718,7.576759,7.603938,3.082478,3.798760,2.148129,0.860977,5.334110,3.531053,1.036847,1.707607,8.607966,0.983504,8.875743,0.000027,3.095402,0.944853,1.896704
2026-06-03 17:03:23,399,0.933098,3.732312,0.000027,0.430502,1.1043,10.4868,4.0000,0.911324,5.123349,7.526718,7.576759,7.603938,3.082478,3.798760,2.148129,0.860977,5.334110,3.531053,1.036847,1.707607,8.607966,0.983504,8.875743,0.000027,3.095402,0.944853,1.896704
2026-06-03 17:03:24,400,0.933098,3.732312,0.000027,0.430502,1.1043,10.4868,4.0000,0.911324,5.123349,7.526718,7.576759,7.603938,3.082478,3.798760,2.148129,0.860977,5.334110,3.531053,1.036847,1.707607,8.607966,0.983504,8.875743,0.000027,3.095402,0.944853,1.896704
2026-06-03 17:03:24,401,0.933098,3.732312,0.000027,0.430502,1.1043,10.4868,4.0000,0.911324,5.123349,7.526718,7.576759,7.603938,3.082478,3.798760,2.148129,0.860977,5.334110,3.531053,1.036847,1.707607,8.607966,0.983504,8.875743,0.000027,3.095402,0.944853,1.896704
2026-06-03 17:03:25,402,0.933098,3.732312,0.000027,0.430502,1.1043,10.4868,4.0000,0.911324,5.123349,7.526718,7.576759,7.603938,3.082478,3.798760,2.148129,0.860977,5.334110,3.531053,1.036847,1.707607,8.607966,0.983504,8.875743,0.000027,3.095402,0.944853,1.896704
2026-06-03 17:03:25,403,0.933098,3.732312,0.000027,0.430502,1.1043,10.4868,4.0000,0.911324,5.123349,7.526718,7.576759,7.603938,3.082478,3.798760,2.148129,0.860977,5.334110,3.531053,1.036847,1.707607,8.607966,0.983504,8.875743,0.000027,3.095402,0.944853,1.896704
2026-06-03 17:03:26,404,0.933098,3.732312,0.000027,0.430502,1.1043,10.4868,4.0000,0.911324,5.123349,7.526718,7.576759,7.603938,3.082478,3.798760,2.148129,0.860977,5.334110,3.531053,1.036847,1.707607,8.607966,0.983504,8.875743,0.000027,3.095402,0.944853,1.896704
2026-06-03 17:03:26,405,0.933098,3.732312,0.000027,0.430502,1.1043,10.4868,4.0000,0.911324,5.123349,7.526718,7.576759,7.603938,3.082478,3.798760,2.148129,0.860977,5.334110,3.531053,1.036847,1.707607,8.607966,0.983504,8.875743,0.000027,3.095402,0.944853,1.896704
2026-06-03 17:03:27,406,0.933098,3.732312,0.000027,0.430502,1.1043,10.4868,4.0000,0.911324,5.123349,7.526718,7.576759,7.603938,3.082478,3.798760,2.148129,0.860977,5.334110,3.531053,1.036847,1.707607,8.607966,0.983504,8.875743,0.000027,3.095402,0.944853,1.896704
2026-06-03 17:03:27,407,0.933098,3.732312,0.000027,0.430502,1.1043,10.4868,4.0000,0.911324,5.123349,7.526718,7.576759,7.603938,3.082478,3.798760,2.148129,0.860977,5.334110,3.531053,1.036847,1.707607,8.607966,0.983504,8.875743,0.000027,3.095402,0.944853,1.896704
2026-06-03 17:03:28,408,0.933098,3.732312,0.000027,0.430502,1.1043,10.4868,4.0000,0.911324,5.123349,7.526718,7.576759,7.603938,3.082478,3.798760,2.148129,0.860977,5.334110,3.531053,1.036847,1.707607,8.607966,0.983504,8.875743,0.000027,3.095402,0.944853,1.896704
2026-06-03 17:03:28,409,0.933098,3.732312,0.000027,0.430502,1.1043,10.4868,4.0000,0.911324,5.123349,7.526718,7.576759,7.603938,3.082478,3.798760,2.148129,0.860977,5.334110,3.531053,1.036847,1.707607,8.607966,0.983504,8.875743,0.000027,3.095402,0.944853,1.896704
2026-06-03 17:03:29,410,0.933098,3.732312,0.000027,0.430502,1.1043,10.4868,4.0000,0.911324,5.123349,7.526718,7.576759,7.603938,3.082478,3.798760,2.148129,0.860977,5.334110,3.531053,1.036847,1.707607,8.607966,0.983504,8.875743,0.000027,3.095402,0.944853,1.896704
2026-06-03 17:03:29,411,0.933098,3.732312,0.000027,0.430502,1.1043,10.4868,4.0000,0.911324,5.123349,7.526718,7.576759,7.603938,3.082478,3.798760,2.148129,0.860977,5.334110,3.531053,1.036847,1.707607,8.607966,0.983504,8.875743,0.000027,3.095402,0.944853,1.896704
2026-06-03 17:03:29,412,0.933098,3.732312,0.000027,0.430502,1.1043,10.4868,4.0000,0.911324,5.123349,7.526718,7.576759,7.603938,3.082478,3.798760,2.148129,0.860977,5.334110,3.531053,1.036847,1.707607,8.607966,0.983504,8.875743,0.000027,3.095402,0.944853,1.896704
2026-06-03 17:03:30,413,0.933098,3.732312,0.000027,0.430502,1.1043,10.4868,4.0000,0.911324,5.123349,7.526718,7.576759,7.603938,3.082478,3.798760,2.148129,0.860977,5.334110,3.531053,1.036847,1.707607,8.607966,0.983504,8.875743,0.000027,3.095402,0.944853,1.896704
2026-06-03 17:03:30,414,0.933098,3.732312,0.000027,0.430502,1.1043,10.4868,4.0000,0.911324,5.123349,7.526718,7.576759,7.603938,3.082478,3.798760,2.148129,0.860977,5.334110,3.531053,1.036847,1.707607,8.607966,0.983504,8.875743,0.000027,3.095402,0.944853,1.896704
2026-06-03 17:03:31,415,0.933098,3.732312,0.000027,0.430502,1.1043,10.4868,4.0000,0.911324,5.123349,7.526718,7.576759,7.603938,3.082478,3.798760,2.148129,0.860977,5.334110,3.531053,1.036847,1.707607,8.607966,0.983504,8.875743,0.000027,3.095402,0.944853,1.896704
2026-06-03 17:03:31,416,0.933098,3.732312,0.000027,0.430502,1.1043,10.4868,4.0000,0.911324,5.123349,7.526718,7.576759,7.603938,3.082478,3.798760,2.148129,0.860977,5.334110,3.531053,1.036847,1.707607,8.607966,0.983504,8.875743,0.000027,3.095402,0.944853,1.896704
2026-06-03 17:03:32,417,0.933098,3.732312,0.000027,0.430502,1.1043,10.4868,4.0000,0.911324,5.123349,7.526718,7.576759,7.603938,3.082478,3.798760,2.148129,0.860977,5.334110,3.531053,1.036847,1.707607,8.607966,0.983504,8.875743,0.000027,3.095402,0.944853,1.896704
2026-06-03 17:03:32,418,0.933098,3.732312,0.000027,0.430502,1.1043,10.4868,4.0000,0.911324,5.123349,7.526718,7.576759,7.603938,3.082478,3.798760,2.148129,0.860977,5.334110,3.531053,1.036847,1.707607,8.607966,0.983504,8.875743,0.000027,3.095402,0.944853,1.896704
2026-06-03 17:03:33,419,0.933098,3.732312,0.000027,0.430502,1.1043,10.4868,4.0000,0.911324,5.123349,7.526718,7.576759,7.603938,3.082478,3.798760,2.148129,0.860977,5.334110,3.531053,1.036847,1.707607,8.607966,0.983504,8.875743,0.000027,3.095402,0.944853,1.896704
2026-06-03 17:03:33,420,0.933107,3.732346,0.000027,0.430536,1.1026,10.4845,4.0000,0.911397,5.123325,7.526711,7.576753,7.603928,3.082537,3.798757,2.148196,0.861045,5.334135,3.531070,1.036921,1.707694,8.607935,0.983581,8.875709,0.000027,3.095475,0.944927,1.896787
2026-06-03 17:03:34,421,0.933107,3.732346,0.000027,0.430536,1.1026,10.4845,4.0000,0.911397,5.123325,7.526711,7.576753,7.603928,3.082537,3.798757,2.148196,0.861045,5.334135,3.531070,1.036921,1.707694,8.607935,0.983581,8.875709,0.000027,3.095475,0.944927,1.896787
2026-06-03 17:03:34,422,0.933107,3.732346,0.000027,0.430536,1.1026,10.4845,4.0000,0.911397,5.123325,7.526711,7.576753,7.603928,3.082537,3.798757,2.148196,0.861045,5.334135,3.531070,1.036921,1.707694,8.607935,0.983581,8.875709,0.000027,3.095475,0.944927,1.896787
2026-06-03 17:03:35,423,0.933107,3.732346,0.000027,0.430536,1.1026,10.4845,4.0000,0.911397,5.123325,7.526711,7.576753,7.603928,3.082537,3.798757,2.148196,0.861045,5.334135,3.531070,1.036921,1.707694,8.607935,0.983581,8.875709,0.000027,3.095475,0.944927,1.896787
2026-06-03 17:03:35,424,0.933107,3.732346,0.000027,0.430536,1.1026,10.4845,4.0000,0.911397,5.123325,7.526711,7.576753,7.603928,3.082537,3.798757,2.148196,0.861045,5.334135,3.531070,1.036921,1.707694,8.607935,0.983581,8.875709,0.000027,3.095475,0.944927,1.896787
2026-06-03 17:03:35,425,0.933107,3.732346,0.000027,0.430536,1.1026,10.4845,4.0000,0.911397,5.123325,7.526711,7.576753,7.603928,3.082537,3.798757,2.148196,0.861045,5.334135,3.531070,1.036921,1.707694,8.607935,0.983581,8.875709,0.000027,3.095475,0.944927,1.896787
2026-06-03 17:03:36,426,0.933107,3.732346,0.000027,0.430536,1.1026,10.4845,4.0000,0.911397,5.123325,7.526711,7.576753,7.603928,3.082537,3.798757,2.148196,0.861045,5.334135,3.531070,1.036921,1.707694,8.607935,0.983581,8.875709,0.000027,3.095475,0.944927,1.896787
2026-06-03 17:03:36,427,0.933107,3.732346,0.000027,0.430536,1.1026,10.4845,4.0000,0.911397,5.123325,7.526711,7.576753,7.603928,3.082537,3.798757,2.148196,0.861045,5.334135,3.531070,1.036921,1.707694,8.607935,0.983581,8.875709,0.000027,3.095475,0.944927,1.896787
2026-06-03 17:03:37,428,0.933107,3.732346,0.000027,0.430536,1.1026,10.4845,4.0000,0.911397,5.123325,7.526711,7.576753,7.603928,3.082537,3.798757,2.148196,0.861045,5.334135,3.531070,1.036921,1.707694,8.607935,0.983581,8.875709,0.000027,3.095475,0.944927,1.896787
2026-06-03 17:03:37,429,0.933107,3.732346,0.000027,0.430536,1.1026,10.4845,4.0000,0.911397,5.123325,7.526711,7.576753,7.603928,3.082537,3.798757,2.148196,0.861045,5.334135,3.531070,1.036921,1.707694,8.607935,0.983581,8.875709,0.000027,3.095475,0.944927,1.896787
2026-06-03 17:03:38,430,0.933107,3.732346,0.000027,0.430536,1.1026,10.4845,4.0000,0.911397,5.123325,7.526711,7.576753,7.603928,3.082537,3.798757,2.148196,0.861045,5.334135,3.531070,1.036921,1.707694,8.607935,0.983581,8.875709,0.000027,3.095475,0.944927,1.896787
2026-06-03 17:03:38,431,0.933107,3.732346,0.000027,0.430536,1.1026,10.4845,4.0000,0.911397,5.123325,7.526711,7.576753,7.603928,3.082537,3.798757,2.148196,0.861045,5.334135,3.531070,1.036921,1.707694,8.607935,0.983581,8.875709,0.000027,3.095475,0.944927,1.896787
2026-06-03 17:03:39,432,0.933107,3.732346,0.000027,0.430536,1.1026,10.4845,4.0000,0.911397,5.123325,7.526711,7.576753,7.603928,3.082537,3.798757,2.148196,0.861045,5.334135,3.531070,1.036921,1.707694,8.607935,0.983581,8.875709,0.000027,3.095475,0.944927,1.896787
2026-06-03 17:03:39,433,0.933107,3.732346,0.000027,0.430536,1.1026,10.4845,4.0000,0.911397,5.123325,7.526711,7.576753,7.603928,3.082537,3.798757,2.148196,0.861045,5.334135,3.531070,1.036921,1.707694,8.607935,0.983581,8.875709,0.000027,3.095475,0.944927,1.896787
2026-06-03 17:03:40,434,0.933107,3.732346,0.000027,0.430536,1.1026,10.4845,4.0000,0.911397,5.123325,7.526711,7.576753,7.603928,3.082537,3.798757,2.148196,0.861045,5.334135,3.531070,1.036921,1.707694,8.607935,0.983581,8.875709,0.000027,3.095475,0.944927,1.896787
2026-06-03 17:03:40,435,0.933107,3.732346,0.000027,0.430536,1.1026,10.4845,4.0000,0.911397,5.123325,7.526711,7.576753,7.603928,3.082537,3.798757,2.148196,0.861045,5.334135,3.531070,1.036921,1.707694,8.607935,0.983581,8.875709,0.000027,3.095475,0.944927,1.896787
2026-06-03 17:03:41,436,0.933107,3.732346,0.000027,0.430536,1.1026,10.4845,4.0000,0.911397,5.123325,7.526711,7.576753,7.603928,3.082537,3.798757,2.148196,0.861045,5.334135,3.531070,1.036921,1.707694,8.607935,0.983581,8.875709,0.000027,3.095475,0.944927,1.896787
2026-06-03 17:03:41,437,0.933107,3.732346,0.000027,0.430536,1.1026,10.4845,4.0000,0.911397,5.123325,7.526711,7.576753,7.603928,3.082537,3.798757,2.148196,0.861045,5.334135,3.531070,1.036921,1.707694,8.607935,0.983581,8.875709,0.000027,3.095475,0.944927,1.896787
2026-06-03 17:03:41,438,0.933107,3.732346,0.000027,0.430536,1.1026,10.4845,4.0000,0.911397,5.123325,7.526711,7.576753,7.603928,3.082537,3.798757,2.148196,0.861045,5.334135,3.531070,1.036921,1.707694,8.607935,0.983581,8.875709,0.000027,3.095475,0.944927,1.896787
2026-06-03 17:03:42,439,0.933107,3.732346,0.000027,0.430536,1.1026,10.4845,4.0000,0.911397,5.123325,7.526711,7.576753,7.603928,3.082537,3.798757,2.148196,0.861045,5.334135,3.531070,1.036921,1.707694,8.607935,0.983581,8.875709,0.000027,3.095475,0.944927,1.896787
2026-06-03 17:03:42,440,0.933107,3.732346,0.000027,0.430536,1.1026,10.4845,4.0000,0.911397,5.123325,7.526711,7.576753,7.603928,3.082537,3.798757,2.148196,0.861045,5.334135,3.531070,1.036921,1.707694,8.607935,0.983581,8.875709,0.000027,3.095475,0.944927,1.896787
2026-06-03 17:03:43,441,0.933107,3.732346,0.000027,0.430536,1.1026,10.4845,4.0000,0.911397,5.123325,7.526711,7.576753,7.603928,3.082537,3.798757,2.148196,0.861045,5.334135,3.531070,1.036921,1.707694,8.607935,0.983581,8.875709,0.000027,3.095475,0.944927,1.896787
2026-06-03 17:03:43,442,0.933107,3.732346,0.000027,0.430536,1.1026,10.4845,4.0000,0.911397,5.123325,7.526711,7.576753,7.603928,3.082537,3.798757,2.148196,0.861045,5.334135,3.531070,1.036921,1.707694,8.607935,0.983581,8.875709,0.000027,3.095475,0.944927,1.896787
2026-06-03 17:03:44,443,0.933107,3.732346,0.000027,0.430536,1.1026,10.4845,4.0000,0.911397,5.123325,7.526711,7.576753,7.603928,3.082537,3.798757,2.148196,0.861045,5.334135,3.531070,1.036921,1.707694,8.607935,0.983581,8.875709,0.000027,3.095475,0.944927,1.896787
2026-06-03 17:03:44,444,0.933107,3.732346,0.000027,0.430536,1.1026,10.4845,4.0000,0.911397,5.123325,7.526711,7.576753,7.603928,3.082537,3.798757,2.148196,0.861045,5.334135,3.531070,1.036921,1.707694,8.607935,0.983581,8.875709,0.000027,3.095475,0.944927,1.896787
2026-06-03 17:03:45,445,0.933107,3.732346,0.000027,0.430536,1.1026,10.4845,4.0000,0.911397,5.123325,7.526711,7.576753,7.603928,3.082537,3.798757,2.148196,0.861045,5.334135,3.531070,1.036921,1.707694,8.607935,0.983581,8.875709,0.000027,3.095475,0.944927,1.896787
2026-06-03 17:03:45,446,0.933107,3.732346,0.000027,0.430536,1.1026,10.4845,4.0000,0.911397,5.123325,7.526711,7.576753,7.603928,3.082537,3.798757,2.148196,0.861045,5.334135,3.531070,1.036921,1.707694,8.607935,0.983581,8.875709,0.000027,3.095475,0.944927,1.896787
2026-06-03 17:03:46,447,0.933107,3.732346,0.000027,0.430536,1.1026,10.4845,4.0000,0.911397,5.123325,7.526711,7.576753,7.603928,3.082537,3.798757,2.148196,0.861045,5.334135,3.531070,1.036921,1.707694,8.607935,0.983581,8.875709,0.000027,3.095475,0.944927,1.896787
2026-06-03 17:03:46,448,0.933107,3.732346,0.000027,0.430536,1.1026,10.4845,4.0000,0.911397,5.123325,7.526711,7.576753,7.603928,3.082537,3.798757,2.148196,0.861045,5.334135,3.531070,1.036921,1.707694,8.607935,0.983581,8.875709,0.000027,3.095475,0.944927,1.896787
2026-06-03 17:03:47,449,0.933107,3.732346,0.000027,0.430536,1.1026,10.4845,4.0000,0.911397,5.123325,7.526711,7.576753,7.603928,3.082537,3.798757,2.148196,0.861045,5.334135,3.531070,1.036921,1.707694,8.607935,0.983581,8.875709,0.000027,3.095475,0.944927,1.896787
2026-06-03 17:03:47,450,0.933107,3.732346,0.000027,0.430536,1.1026,10.4845,4.0000,0.911397,5.123325,7.526711,7.576753,7.603928,3.082537,3.798757,2.148196,0.861045,5.334135,3.531070,1.036921,1.707694,8.607935,0.983581,8.875709,0.000027,3.095475,0.944927,1.896787
2026-06-03 17:03:47,451,0.933107,3.732346,0.000027,0.430536,1.1026,10.4845,4.0000,0.911397,5.123325,7.526711,7.576753,7.603928,3.082537,3.798757,2.148196,0.861045,5.334135,3.531070,1.036921,1.707694,8.607935,0.983581,8.875709,0.000027,3.095475,0.944927,1.896787
2026-06-03 17:03:48,452,0.933107,3.732346,0.000027,0.430536,1.1026,10.4845,4.0000,0.911397,5.123325,7.526711,7.576753,7.603928,3.082537,3.798757,2.148196,0.861045,5.334135,3.531070,1.036921,1.707694,8.607935,0.983581,8.875709,0.000027,3.095475,0.944927,1.896787
2026-06-03 17:03:48,453,0.933107,3.732346,0.000027,0.430536,1.1026,10.4845,4.0000,0.911397,5.123325,7.526711,7.576753,7.603928,3.082537,3.798757,2.148196,0.861045,5.334135,3.531070,1.036921,1.707694,8.607935,0.983581,8.875709,0.000027,3.095475,0.944927,1.896787
2026-06-03 17:03:49,454,0.933107,3.732346,0.000027,0.430536,1.1026,10.4845,4.0000,0.911397,5.123325,7.526711,7.576753,7.603928,3.082537,3.798757,2.148196,0.861045,5.334135,3.531070,1.036921,1.707694,8.607935,0.983581,8.875709,0.000027,3.095475,0.944927,1.896787
2026-06-03 17:03:49,455,0.933107,3.732346,0.000027,0.430536,1.1026,10.4845,4.0000,0.911397,5.123325,7.526711,7.576753,7.603928,3.082537,3.798757,2.148196,0.861045,5.334135,3.531070,1.036921,1.707694,8.607935,0.983581,8.875709,0.000027,3.095475,0.944927,1.896787
2026-06-03 17:03:50,456,0.933107,3.732346,0.000027,0.430536,1.1026,10.4845,4.0000,0.911397,5.123325,7.526711,7.576753,7.603928,3.082537,3.798757,2.148196,0.861045,5.334135,3.531070,1.036921,1.707694,8.607935,0.983581,8.875709,0.000027,3.095475,0.944927,1.896787
2026-06-03 17:03:50,457,0.933107,3.732346,0.000027,0.430536,1.1026,10.4845,4.0000,0.911397,5.123325,7.526711,7.576753,7.603928,3.082537,3.798757,2.148196,0.861045,5.334135,3.531070,1.036921,1.707694,8.607935,0.983581,8.875709,0.000027,3.095475,0.944927,1.896787
2026-06-03 17:03:51,458,0.933107,3.732346,0.000027,0.430536,1.1026,10.4845,4.0000,0.911397,5.123325,7.526711,7.576753,7.603928,3.082537,3.798757,2.148196,0.861045,5.334135,3.531070,1.036921,1.707694,8.607935,0.983581,8.875709,0.000027,3.095475,0.944927,1.896787
2026-06-03 17:03:51,459,0.933107,3.732346,0.000027,0.430536,1.1026,10.4845,4.0000,0.911397,5.123325,7.526711,7.576753,7.603928,3.082537,3.798757,2.148196,0.861045,5.334135,3.531070,1.036921,1.707694,8.607935,0.983581,8.875709,0.000027,3.095475,0.944927,1.896787
2026-06-03 17:03:52,460,0.933107,3.732346,0.000027,0.430536,1.1026,10.4845,4.0000,0.911397,5.123325,7.526711,7.576753,7.603928,3.082537,3.798757,2.148196,0.861045,5.334135,3.531070,1.036921,1.707694,8.607935,0.983581,8.875709,0.000027,3.095475,0.944927,1.896787
2026-06-03 17:03:52,461,0.933107,3.732346,0.000027,0.430536,1.1026,10.4845,4.0000,0.911397,5.123325,7.526711,7.576753,7.603928,3.082537,3.798757,2.148196,0.861045,5.334135,3.531070,1.036921,1.707694,8.607935,0.983581,8.875709,0.000027,3.095475,0.944927,1.896787
2026-06-03 17:03:53,462,0.933107,3.732346,0.000027,0.430536,1.1026,10.4845,4.0000,0.911397,5.123325,7.526711,7.576753,7.603928,3.082537,3.798757,2.148196,0.861045,5.334135,3.531070,1.036921,1.707694,8.607935,0.983581,8.875709,0.000027,3.095475,0.944927,1.896787
2026-06-03 17:03:53,463,0.933107,3.732346,0.000027,0.430536,1.1026,10.4845,4.0000,0.911397,5.123325,7.526711,7.576753,7.603928,3.082537,3.798757,2.148196,0.861045,5.334135,3.531070,1.036921,1.707694,8.607935,0.983581,8.875709,0.000027,3.095475,0.944927,1.896787
2026-06-03 17:03:53,464,0.933107,3.732346,0.000027,0.430536,1.1026,10.4845,4.0000,0.911397,5.123325,7.526711,7.576753,7.603928,3.082537,3.798757,2.148196,0.861045,5.334135,3.531070,1.036921,1.707694,8.607935,0.983581,8.875709,0.000027,3.095475,0.944927,1.896787
2026-06-03 17:03:54,465,0.933107,3.732346,0.000027,0.430536,1.1026,10.4845,4.0000,0.911397,5.123325,7.526711,7.576753,7.603928,3.082537,3.798757,2.148196,0.861045,5.334135,3.531070,1.036921,1.707694,8.607935,0.983581,8.875709,0.000027,3.095475,0.944927,1.896787
2026-06-03 17:03:54,466,0.933107,3.732346,0.000027,0.430536,1.1026,10.4845,4.0000,0.911397,5.123325,7.526711,7.576753,7.603928,3.082537,3.798757,2.148196,0.861045,5.334135,3.531070,1.036921,1.707694,8.607935,0.983581,8.875709,0.000027,3.095475,0.944927,1.896787
2026-06-03 17:03:55,467,0.933107,3.732346,0.000027,0.430536,1.1026,10.4845,4.0000,0.911397,5.123325,7.526711,7.576753,7.603928,3.082537,3.798757,2.148196,0.861045,5.334135,3.531070,1.036921,1.707694,8.607935,0.983581,8.875709,0.000027,3.095475,0.944927,1.896787
2026-06-03 17:03:55,468,0.933107,3.732346,0.000027,0.430536,1.1026,10.4845,4.0000,0.911397,5.123325,7.526711,7.576753,7.603928,3.082537,3.798757,2.148196,0.861045,5.334135,3.531070,1.036921,1.707694,8.607935,0.983581,8.875709,0.000027,3.095475,0.944927,1.896787
2026-06-03 17:03:56,469,0.933107,3.732346,0.000027,0.430536,1.1026,10.4845,4.0000,0.911397,5.123325,7.526711,7.576753,7.603928,3.082537,3.798757,2.148196,0.861045,5.334135,3.531070,1.036921,1.707694,8.607935,0.983581,8.875709,0.000027,3.095475,0.944927,1.896787
2026-06-03 17:03:56,470,0.933107,3.732346,0.000027,0.430536,1.1026,10.4845,4.0000,0.911397,5.123325,7.526711,7.576753,7.603928,3.082537,3.798757,2.148196,0.861045,5.334135,3.531070,1.036921,1.707694,8.607935,0.983581,8.875709,0.000027,3.095475,0.944927,1.896787
2026-06-03 17:03:57,471,0.933107,3.732346,0.000027,0.430536,1.1026,10.4845,4.0000,0.911397,5.123325,7.526711,7.576753,7.603928,3.082537,3.798757,2.148196,0.861045,5.334135,3.531070,1.036921,1.707694,8.607935,0.983581,8.875709,0.000027,3.095475,0.944927,1.896787
2026-06-03 17:03:57,472,0.933107,3.732346,0.000027,0.430536,1.1026,10.4845,4.0000,0.911397,5.123325,7.526711,7.576753,7.603928,3.082537,3.798757,2.148196,0.861045,5.334135,3.531070,1.036921,1.707694,8.607935,0.983581,8.875709,0.000027,3.095475,0.944927,1.896787
2026-06-03 17:03:58,473,0.933107,3.732346,0.000027,0.430536,1.1026,10.4845,4.0000,0.911397,5.123325,7.526711,7.576753,7.603928,3.082537,3.798757,2.148196,0.861045,5.334135,3.531070,1.036921,1.707694,8.607935,0.983581,8.875709,0.000027,3.095475,0.944927,1.896787
2026-06-03 17:03:58,474,0.933107,3.732346,0.000027,0.430536,1.1026,10.4845,4.0000,0.911397,5.123325,7.526711,7.576753,7.603928,3.082537,3.798757,2.148196,0.861045,5.334135,3.531070,1.036921,1.707694,8.607935,0.983581,8.875709,0.000027,3.095475,0.944927,1.896787
2026-06-03 17:03:59,475,0.933107,3.732346,0.000027,0.430536,1.1026,10.4845,4.0000,0.911397,5.123325,7.526711,7.576753,7.603928,3.082537,3.798757,2.148196,0.861045,5.334135,3.531070,1.036921,1.707694,8.607935,0.983581,8.875709,0.000027,3.095475,0.944927,1.896787
2026-06-03 17:03:59,476,0.933107,3.732346,0.000027,0.430536,1.1026,10.4845,4.0000,0.911397,5.123325,7.526711,7.576753,7.603928,3.082537,3.798757,2.148196,0.861045,5.334135,3.531070,1.036921,1.707694,8.607935,0.983581,8.875709,0.000027,3.095475,0.944927,1.896787
2026-06-03 17:03:59,477,0.933107,3.732346,0.000027,0.430536,1.1026,10.4845,4.0000,0.911397,5.123325,7.526711,7.576753,7.603928,3.082537,3.798757,2.148196,0.861045,5.334135,3.531070,1.036921,1.707694,8.607935,0.983581,8.875709,0.000027,3.095475,0.944927,1.896787
2026-06-03 17:04:00,478,0.933107,3.732346,0.000027,0.430536,1.1026,10.4845,4.0000,0.911397,5.123325,7.526711,7.576753,7.603928,3.082537,3.798757,2.148196,0.861045,5.334135,3.531070,1.036921,1.707694,8.607935,0.983581,8.875709,0.000027,3.095475,0.944927,1.896787
2026-06-03 17:04:00,479,0.933107,3.732346,0.000027,0.430536,1.1026,10.4845,4.0000,0.911397,5.123325,7.526711,7.576753,7.603928,3.082537,3.798757,2.148196,0.861045,5.334135,3.531070,1.036921,1.707694,8.607935,0.983581,8.875709,0.000027,3.095475,0.944927,1.896787
2026-06-03 17:04:01,480,0.933107,3.732346,0.000027,0.430536,1.1026,10.4845,4.0000,0.911397,5.123325,7.526711,7.576753,7.603928,3.082537,3.798757,2.148196,0.861045,5.334135,3.531070,1.036921,1.707694,8.607935,0.983581,8.875709,0.000027,3.095475,0.944927,1.896787
2026-06-03 17:04:01,481,0.933107,3.732346,0.000027,0.430536,1.1026,10.4845,4.0000,0.911397,5.123325,7.526711,7.576753,7.603928,3.082537,3.798757,2.148196,0.861045,5.334135,3.531070,1.036921,1.707694,8.607935,0.983581,8.875709,0.000027,3.095475,0.944927,1.896787
2026-06-03 17:04:02,482,0.933107,3.732346,0.000027,0.430536,1.1026,10.4845,4.0000,0.911397,5.123325,7.526711,7.576753,7.603928,3.082537,3.798757,2.148196,0.861045,5.334135,3.531070,1.036921,1.707694,8.607935,0.983581,8.875709,0.000027,3.095475,0.944927,1.896787
2026-06-03 17:04:02,483,0.933107,3.732346,0.000027,0.430536,1.1026,10.4845,4.0000,0.911397,5.123325,7.526711,7.576753,7.603928,3.082537,3.798757,2.148196,0.861045,5.334135,3.531070,1.036921,1.707694,8.607935,0.983581,8.875709,0.000027,3.095475,0.944927,1.896787
2026-06-03 17:04:03,484,0.933107,3.732346,0.000027,0.430536,1.1026,10.4845,4.0000,0.911397,5.123325,7.526711,7.576753,7.603928,3.082537,3.798757,2.148196,0.861045,5.334135,3.531070,1.036921,1.707694,8.607935,0.983581,8.875709,0.000027,3.095475,0.944927,1.896787
2026-06-03 17:04:03,485,0.933107,3.732346,0.000027,0.430536,1.1026,10.4845,4.0000,0.911397,5.123325,7.526711,7.576753,7.603928,3.082537,3.798757,2.148196,0.861045,5.334135,3.531070,1.036921,1.707694,8.607935,0.983581,8.875709,0.000027,3.095475,0.944927,1.896787
2026-06-03 17:04:04,486,0.933107,3.732346,0.000027,0.430536,1.1026,10.4845,4.0000,0.911397,5.123325,7.526711,7.576753,7.603928,3.082537,3.798757,2.148196,0.861045,5.334135,3.531070,1.036921,1.707694,8.607935,0.983581,8.875709,0.000027,3.095475,0.944927,1.896787
2026-06-03 17:04:04,487,0.933107,3.732346,0.000027,0.430536,1.1026,10.4845,4.0000,0.911397,5.123325,7.526711,7.576753,7.603928,3.082537,3.798757,2.148196,0.861045,5.334135,3.531070,1.036921,1.707694,8.607935,0.983581,8.875709,0.000027,3.095475,0.944927,1.896787
2026-06-03 17:04:05,488,0.933107,3.732346,0.000027,0.430536,1.1026,10.4845,4.0000,0.911397,5.123325,7.526711,7.576753,7.603928,3.082537,3.798757,2.148196,0.861045,5.334135,3.531070,1.036921,1.707694,8.607935,0.983581,8.875709,0.000027,3.095475,0.944927,1.896787
2026-06-03 17:04:05,489,0.933107,3.732346,0.000027,0.430536,1.1026,10.4845,4.0000,0.911397,5.123325,7.526711,7.576753,7.603928,3.082537,3.798757,2.148196,0.861045,5.334135,3.531070,1.036921,1.707694,8.607935,0.983581,8.875709,0.000027,3.095475,0.944927,1.896787
2026-06-03 17:04:06,490,0.933107,3.732346,0.000027,0.430536,1.1026,10.4845,4.0000,0.911397,5.123325,7.526711,7.576753,7.603928,3.082537,3.798757,2.148196,0.861045,5.334135,3.531070,1.036921,1.707694,8.607935,0.983581,8.875709,0.000027,3.095475,0.944927,1.896787
2026-06-03 17:04:06,491,0.933107,3.732346,0.000027,0.430536,1.1026,10.4845,4.0000,0.911397,5.123325,7.526711,7.576753,7.603928,3.082537,3.798757,2.148196,0.861045,5.334135,3.531070,1.036921,1.707694,8.607935,0.983581,8.875709,0.000027,3.095475,0.944927,1.896787
2026-06-03 17:04:06,492,0.933107,3.732346,0.000027,0.430536,1.1026,10.4845,4.0000,0.911397,5.123325,7.526711,7.576753,7.603928,3.082537,3.798757,2.148196,0.861045,5.334135,3.531070,1.036921,1.707694,8.607935,0.983581,8.875709,0.000027,3.095475,0.944927,1.896787
2026-06-03 17:04:07,493,0.933107,3.732346,0.000027,0.430536,1.1026,10.4845,4.0000,0.911397,5.123325,7.526711,7.576753,7.603928,3.082537,3.798757,2.148196,0.861045,5.334135,3.531070,1.036921,1.707694,8.607935,0.983581,8.875709,0.000027,3.095475,0.944927,1.896787
2026-06-03 17:04:07,494,0.933107,3.732346,0.000027,0.430536,1.1026,10.4845,4.0000,0.911397,5.123325,7.526711,7.576753,7.603928,3.082537,3.798757,2.148196,0.861045,5.334135,3.531070,1.036921,1.707694,8.607935,0.983581,8.875709,0.000027,3.095475,0.944927,1.896787
2026-06-03 17:04:08,495,0.933107,3.732346,0.000027,0.430536,1.1026,10.4845,4.0000,0.911397,5.123325,7.526711,7.576753,7.603928,3.082537,3.798757,2.148196,0.861045,5.334135,3.531070,1.036921,1.707694,8.607935,0.983581,8.875709,0.000027,3.095475,0.944927,1.896787
2026-06-03 17:04:08,496,0.933107,3.732346,0.000027,0.430536,1.1026,10.4845,4.0000,0.911397,5.123325,7.526711,7.576753,7.603928,3.082537,3.798757,2.148196,0.861045,5.334135,3.531070,1.036921,1.707694,8.607935,0.983581,8.875709,0.000027,3.095475,0.944927,1.896787
2026-06-03 17:04:09,497,0.933107,3.732346,0.000027,0.430536,1.1026,10.4845,4.0000,0.911397,5.123325,7.526711,7.576753,7.603928,3.082537,3.798757,2.148196,0.861045,5.334135,3.531070,1.036921,1.707694,8.607935,0.983581,8.875709,0.000027,3.095475,0.944927,1.896787
2026-06-03 17:04:09,498,0.933107,3.732346,0.000027,0.430536,1.1026,10.4845,4.0000,0.911397,5.123325,7.526711,7.576753,7.603928,3.082537,3.798757,2.148196,0.861045,5.334135,3.531070,1.036921,1.707694,8.607935,0.983581,8.875709,0.000027,3.095475,0.944927,1.896787
2026-06-03 17:04:10,499,0.933107,3.732346,0.000027,0.430536,1.1026,10.4845,4.0000,0.911397,5.123325,7.526711,7.576753,7.603928,3.082537,3.798757,2.148196,0.861045,5.334135,3.531070,1.036921,1.707694,8.607935,0.983581,8.875709,0.000027,3.095475,0.944927,1.896787
2026-06-03 17:04:10,500,0.933107,3.732346,0.000027,0.430536,1.1026,10.4845,4.0000,0.911397,5.123325,7.526711,7.576753,7.603928,3.082537,3.798757,2.148196,0.861045,5.334135,3.531070,1.036921,1.707694,8.607935,0.983581,8.875709,0.000027,3.095475,0.944927,1.896787
